ref_prod;desc_prod;ncm;sap;ipi;tipo; valor_custo ;carga_trabalho;cumprimento;valor_venda
M3 CAMERA;M3 CAMERA SYSTEM   ;85256090;7380001;1;PC; 118498.27 ;1;1;187227
G-277 3/8 X 2-1/2;G277 SHOULDER NUT EYE BOLT 3/8 X 2-1/2;73269090;1045096;1.05;PC; 448.62 ;1;1;744
G-277 3/8 X 4-1/2;G277 SHOULDER NUT EYE BOLT 3/8 X 4-1/2;73269090;1045112;1.05;PC; 569.08 ;1;1;944
G-277 1/2 X 3-1/4;G277 SHOULDER NUT EYE BOLT 1/2 X 3-1/4;73269090;1045130;1.05;PC; 471.15 ;1;1;782
G-277 1/2 X 6;G277 SHOULDER NUT EYE BOLT 1/2 X 6;73269090;1045158;1.05;PC; 498.4 ;1;1;827
G-277 5/8 X 4;G277 SHOULDER NUT EYE BOLT 5/8 X 4;73269090;1045176;1.05;PC; 515.95 ;1;1;856
G-277 5/8 X 6;G277 SHOULDER NUT EYE BOLT 5/8 X 6;73269090;1045194;1.05;PC; 515.89 ;1;1;856
G-277 3/4 X 4-1/2;G277 SHOULDER NUT EYE BOLT 3/4 X 4-1/2;73269090;1045210;1.05;PC; 567.07 ;1;1;941
G-277 3/4 X 6;G277 SHOULDER NUT EYE BOLT 3/4 X 6;73269090;1045238;1.05;PC; 722.64 ;1;1;1199
G-277 7/8 X 5;G277 SHOULDER NUT EYE BOLT 7/8 X 5;73269090;1045256;1.05;PC; 960.76 ;1;1;1594
G-277 1 X 6;G277 SHOULDER NUT EYE BOLT 1 X 6;73269090;1045292;1.05;PC; 1030.63 ;1;1;1710
G-277 1 X 9;G277 SHOULDER NUT EYE BOLT 1 X 9;73269090;1045318;1.05;PC; 1216.67 ;1;1;2018
G-277 1-1/4X8;1-1/4X8 S E BOLT   ;73269090;1045336;1.05;PC; 1173.2 ;1;1;1946
G-277 1-1/4X12;1-1/4X12 S E BOLT  ;73269090;1045354;1.05;PC; 1284.44 ;1;1;2131
G-277 1-1/4X15;1-1/2X15 S E BOLT  ;73269090;1045372;1.05;PC; 1744.34 ;1;1;2894
G-291 1/2X15;1/2X12 R E BOLT    ;73269090;1043454;1.05;PC; 257.28 ;1;1;427
G-291 1/4X20;1-1/4X20 RE BOLT   ;73269090;1043873;1.05;PC; 1496.68 ;1;1;2483
G-400 1/4;G400 EYE NUT 1/4  1;73269090;1090438;1.05;PC; 638.33 ;1;1;1059
G-400 3/8;G400 EYE NUT 3/8  2;73269090;1090474;1.05;PC; 464.56 ;1;1;771
G-400 1/2;G400 EYE NUT 1/2  3A;73269090;1090517;1.05;PC; 406.76 ;1;1;675
G-400 5/8;G400 EYE NUT 5/8  4;73269090;1090535;1.05;PC; 473.49 ;1;1;786
G-400 3/4;G400 EYE NUT 3/4  5;73269090;1090553;1.05;PC; 518.8 ;1;1;861
G-400 7/8;G400 EYE NUT 7/8  6;73269090;1090571;1.05;PC; 555.55 ;1;1;922
G-400 1;G400 EYE NUT 1  7;73269090;1090599;1.05;PC; 1035.1 ;1;1;1717
G-400 1-1/4;G400 EYE NUT 1-1/4  8;73269090;1090633;1.05;PC; 1074.35 ;1;1;1782
G-400 1.38T;  9  EYE NT 1.38TAP;73269090;1090651;1.05;PC; 1199.32 ;1;1;1990
G-400 1.50T; 10  EYE NT 1.50TAP;73269090;1090679;1.05;PC; 1449.8 ;1;1;2405
G-400 2.00T; 11  EYE NT 2.00TAP;73269090;1090697;1.05;PC; 2456.3 ;1;1;4075
HR1000;HR1000 800LB HOIST RING 5/16-18 X 1.50;73269090;1068002;1.05;PC; 983.86 ;1;1;1632
HR1000;HR1000 2500LB HOIST RING 1/2-13 X 2.25;73269090;1068010;1.05;PC; 1409.44 ;1;1;2338
HR1000;HR1000 2500LB HOIST RING 1/2-13 X 2.75;73269090;1068014;1.05;PC; 1412.11 ;1;1;2343
HR1000;HR1000 4000LB HOIST RING 5/8-11 X 3.00;73269090;1068022;1.05;PC; 1440.18 ;1;1;2389
HR1000;HR1000 5000LB HOIST RING 3/4-10 X 3.00;73269090;1068030;1.05;PC; 1485.98 ;1;1;2465
HR1000;HR1000 10000LB HOIST RING 1-8 X 4.50;73269090;1068054;1.05;PC; 3111.24 ;1;1;5162
HR1000  ;H RNG  1000 3/8X1.5;73269090;1068006;1.05;PC; 912.65 ;1;1;1514
HR1000  ;H RNG 4000 5/8X2.25;73269090;1068018;1.05;PC; 1330.38 ;1;1;2207
HR1000  ;H RNG 5000 3/4X2.50;73269090;1068026;1.05;PC; 1419.07 ;1;1;2354
HR1000  ;H RNG 7000 3/4X3.00;73269090;1068034;1.05;PC; 2441.19 ;1;1;4050
HR1000  ;H RNG 7000 3/4X3.50;73269090;1068038;1.05;PC; 2441.19 ;1;1;4050
HR1000  ;H RNG 8000 7/8X3.00;73269090;1068042;1.05;PC; 2441.19 ;1;1;4050
HR1000  ;H RNG 8000 7/8X3.50;73269090;1068046;1.05;PC; 2441.19 ;1;1;4050
HR1000  ;"H RNG 10000 1""X3.50";73269090;1068050;1.05;PC; 2518.94 ;1;1;4179
HR1000  ;H RNG 7.5T 1.25X5.0;73269090;1068058;1.05;PC; 4116.04 ;1;1;6829
HR1000  ;H RNG  12T 1.5X5.50;73269090;1068062;1.05;PC; 4702.86 ;1;1;7802
HR1000CT;HRNG 20000 1.50X5.5;73269090;6607669;1.05;PC; 16665.86 ;1;1;27649
HR1000CT;HRNG 28000  2X7.50 ;73269090;6607670;1.05;PC; 43353.54 ;1;1;71924
HR1000CT;HR1000CT 45000LB HOIST RING 2.5-4 X 9.5;73269090;6607671;1.05;PC; 67172.97 ;1;1;111440
HR1000CT;HR1000CT 20000LB HOIST RING 1.50-8 X 5.5;73269090;6607727;1.05;PC; 12349.42 ;1;1;20488
HR1000CT;HR1000CT 1900LB HOIST RING 1/2-13 X 2.25;73269090;6608103;1.05;PC; 3152.42 ;1;1;5230
HR1000CT;H RNG 1900 1/2X2.75;73269090;6608112;1.05;PC; 5929.33 ;1;1;9837
HR1000CT;H RNG 3000 5/8X2.25;73269090;6608121;1.05;PC; 6194.74 ;1;1;10277
HR1000CT;H RNG 4800 3/4X3.00;73269090;6608130;1.05;PC; 6678.57 ;1;1;11080
HR1000CT;H RNG 6200 7/8X3.00;73269090;6608139;1.05;PC; 14043.97 ;1;1;23299
HR1000CT;H RNG 8300  1X3.50 ;73269090;6608148;1.05;PC; 13976.63 ;1;1;23187
HR1000CT;H RNG 12500 1.25X5 ;73269090;6608149;1.05;PC; 14371.02 ;1;1;23842
HR1000CT;RNG HST HR-1000CT 20KLB 1.5X4.41 ET1.5;73269090;6617331;1.05;PC; 12125.54 ;1;1;20116
HR1000CT;RNG HST HR1000 CT 1900LB .5X3.56 ET2.0;73269090;6617350;1.05;PC; 6145.82 ;1;1;10196
HR1000M ;HST RNG 8MM   .4 MT;73269090;1068307;1.05;PC; 1068.5 ;1;1;1773
HR1000M ;HST RNG 10MM  .45MT;73269090;1068316;1.05;PC; 1096.58 ;1;1;1819
HR1000M ;HST RNG 12MM 1.05MT;73269090;1068325;1.05;PC; 1433.62 ;1;1;2378
HR1000M ;HST RNG 16MM  1.9MT;73269090;1068334;1.05;PC; 1475.59 ;1;1;2448
HR1000M ;HST RNG 20MM 2.15MT;73269090;1068343;1.05;PC; 2849.96 ;1;1;4728
HR1000M ;HST RNG 20MM  3.0MT;73269090;1068352;1.05;PC; 2907.77 ;1;1;4824
HR1000M ;HST RNG 24MM  4.2MT;73269090;1068361;1.05;PC; 4853.73 ;1;1;8052
HR1000M ;HST RNG 30MM  7.0MT;73269090;1068370;1.05;PC; 5070.64 ;1;1;8412
HR1000M ;HST RNG 36MM 11.0MT;73269090;1068389;1.05;PC; 6437.72 ;1;1;10680
HR1000MC;H RNG 12MM 825 KG  ;73269090;6630058;1.05;PC; 6415.98 ;1;1;10644
HR1000MC;H RNG 16MM 1350 KG ;73269090;6630059;1.05;PC; 9234.39 ;1;1;15320
HR1000MC;H RNG 20MM 2250 KG ;73269090;6630060;1.05;PC; 14746.17 ;1;1;24464
HR1000MC;H RNG 24MM 3175 KG ;73269090;6630061;1.05;PC; 14371.02 ;1;1;23842
HR1000MC;H RNG 30MM 5450 KG ;73269090;6630062;1.05;PC; 23749.7 ;1;1;39401
HR1000MCT;HR1000MCT 7450KG HOIST RING M36-4.0X130;73269090;6630063;1.05;PC; 22965.36 ;1;1;38100
HR1000MCT;HR1000MCT 13250KG HOIST RING M48-5 X 180;73269090;6630064;1.05;PC; 40409.13 ;1;1;67039
HR1200  ;H RNG  650 5/16X1.5;73269090;1067700;1.05;PC; 1510.21 ;1;1;2505
HR1200  ;H RNG  800  3/8X1.5;73269090;1067704;1.05;PC; 1044.45 ;1;1;1733
HR1200  ;H RNG 2000  1/2X2.0;73269090;1067708;1.05;PC; 1808.4 ;1;1;3000
HR1200  ;H RNG 2000  1/2X2.5;73269090;1067712;1.05;PC; 1249.91 ;1;1;2074
HR1200  ;H RNG 3000  5/8X2.0;73269090;1067716;1.05;PC; 1668.68 ;1;1;2768
HR1200  ;H RNG 3000 5/8X2.75;73269090;1067720;1.05;PC; 2520.22 ;1;1;4181
HR1200  ;H RNG 5000 3/4X2.75;73269090;1067724;1.05;PC; 4415.19 ;1;1;7325
HR1200  ;H RNG 5000  3/4X3.5;73269090;1067728;1.05;PC; 3052.45 ;1;1;5064
HR1200  ;H RNG 6500 7/8X2.75;73269090;1067732;1.05;PC; 4944.25 ;1;1;8203
HR1200  ;H RNG 6500 7/8X3.50;73269090;1067736;1.05;PC; 3464.82 ;1;1;5748
HR1200  ;"H RNG 8000  1""X3.00";73269090;1067740;1.05;PC; 4166.44 ;1;1;6912
HR1200  ;"H RNG 8000  1""X4.00";73269090;1067744;1.05;PC; 4166.44 ;1;1;6912
HR1200  ;H RNG 7T 1.25-7X4.5;73269090;1067748;1.05;PC; 6466.65 ;1;1;10728
HR1200  ;H RNG8.6T 1.5-6X6.5;73269090;1067756;1.05;PC; 7428.78 ;1;1;12324
HR1200  ;H RNG 14.5T 2.0X6.5;73269090;1067764;1.05;PC; 8824.81 ;1;1;14640
HR1200M ;HST RNG  8MM   .3MT;73269090;1067803;1.05;PC; 1781.47 ;1;1;2955
HR1200M ;HST RNG 10MM   .4MT;73269090;1067807;1.05;PC;1.869;1;1;3101
HR1200M ;HST RNG 12MM  1.0MT;73269090;1067811;1.05;PC; 2164.31 ;1;1;3591
HR1200M ;HST RNG 16MM  1.4MT;73269090;1067815;1.05;PC; 2083.32 ;1;1;3456
HR1200M ;HST RNG 20MM 2.25MT;73269090;1067823;1.05;PC; 3703.47 ;1;1;6144
HR1200M ;HST RNG 24MM  3.5MT;73269090;1067827;1.05;PC; 4998.31 ;1;1;8292
HR1200M ;HST RNG 30MM 6.25MT;73269090;1067831;1.05;PC; 11668.04 ;1;1;19357
HR1200M ;HST RNG 36MM 7.75MT;73269090;1067835;1.05;PC; 12889.67 ;1;1;21384
HR1200M ;HST RNG 42MM 10.0MT;73269090;1067839;1.05;PC; 14476.83 ;1;1;24017
HR1200M ;HST RNG 48MM 13.0MT;73269090;1067843;1.05;PC; 16227.52 ;1;1;26921
HR125   ;H RNG  800 5/16X1.5;73269090;1016887;1.05;PC; 1229.04 ;1;1;2039
HR125   ;H RNG  1000 3/8X1.5;73269090;1016898;1.05;PC; 1229.04 ;1;1;2039
HR125   ;"H RNG   2500 1/2X2""";73269090;1016909;1.05;PC; 1482.99 ;1;1;2460
HR125   ;H RNG  2500 1/2X2.5;73269090;1016912;1.05;PC; 1482.99 ;1;1;2460
HR125   ;"H RNG  4000 5/8X2"" ";73269090;1016920;1.05;PC; 1504.63 ;1;1;2496
HR125   ;H RNG 4000 5/8X2.75;73269090;1016924;1.05;PC; 1504.63 ;1;1;2496
HR125   ;H RNG 5000 3/4X2.25;73269090;1016931;1.05;PC; 1504.63 ;1;1;2496
HR125   ;H RNG 5000 3/4X2.75;73269090;1016935;1.05;PC; 1504.63 ;1;1;2496
HR125   ;H RNG 7000 3/4X2.75;73269090;1016942;1.05;PC; 3129.38 ;1;1;5192
HR125   ;H RNG  7000 3/4X3.5;73269090;1016946;1.05;PC; 3269.46 ;1;1;5424
HR125   ;H RNG 8000 7/8X2.75;73269090;1016953;1.05;PC; 3129.38 ;1;1;5192
HR125   ;H RNG  8000 7/8X3.5;73269090;1016957;1.05;PC; 3129.38 ;1;1;5192
HR125   ;"H RNG 10000 1""X3.00";73269090;1016964;1.05;PC; 3205.61 ;1;1;5318
HR125   ;"H RNG 10000 1""X4.0 ";73269090;1016969;1.05;PC; 3205.61 ;1;1;5318
HR125   ;H RNG 7.5T 1.25X4.5;73269090;1016975;1.05;PC; 5601.19 ;1;1;9292
HR125   ;H RNG  12T 1.5X6.75;73269090;1016986;1.05;PC; 7660.22 ;1;1;12708
HR125   ;"H RNG  15T 2""X6.75 ";73269090;1016997;1.05;PC; 9034.6 ;1;1;14988
HR125   ;H RNG  25T 2.50X8.0;73269090;1017001;1.05;PC; 29357.67 ;1;1;48704
HR125   ;H RNG 37.5T 3.0X4.0;73269090;1017005;1.05;PC; 48942.27 ;1;1;81195
HR125   ;H RNG  50TN 3.50X4 ;73269090;1017009;1.05;PC; 248789.87 ;1;1;412742
HR125LB ;HRNG 800 5/16X1-5/8;73269090;2500100;1.05;PC; 1849.76 ;1;1;3069
HR125LB ;HRNG 800 5/16X1-3/4;73269090;2500109;1.05;PC; 1849.76 ;1;1;3069
HR125LB ;HRNG 800 5/16X1.875;73269090;2500118;1.05;PC; 1849.76 ;1;1;3069
HR125LB ;HRNG 800 5/16X2    ;73269090;2500127;1.05;PC; 1849.76 ;1;1;3069
HR125LB ;HRNG 800 5/16X2 1/8;73269090;2500136;1.05;PC; 1849.76 ;1;1;3069
HR125LB ;HRNG 800 5/16X2 1/4;73269090;2500145;1.05;PC; 1849.76 ;1;1;3069
HR125LB ;HRNG 800 5/16X2 3/8;73269090;2500154;1.05;PC; 1849.76 ;1;1;3069
HR125LB ;HRNG 800 5/16X2 1/2;73269090;2500163;1.05;PC; 1849.76 ;1;1;3069
HR125LB ;HRNG 800 5/16X2 5/8;73269090;2500172;1.05;PC; 1849.76 ;1;1;3069
HR125LB ;HRNG 800 5/16X2 3/4;73269090;2500181;1.05;PC; 1849.76 ;1;1;3069
HR125LB ;HRNG 800 5/16X2 7/8;73269090;2500190;1.05;PC; 1849.76 ;1;1;3069
HR125LB ;HRNG 800 5/16X3    ;73269090;2500199;1.05;PC; 1849.76 ;1;1;3069
HR125LB ;HRNG 800 5/16X3 1/8;73269090;2500208;1.05;PC; 1849.76 ;1;1;3069
HR125LB ;HRNG 800 5/16X3 1/4;73269090;2500217;1.05;PC; 1849.76 ;1;1;3069
HR125LB ;HRNG 800 5/16X3 3/8;73269090;2500226;1.05;PC; 1849.76 ;1;1;3069
HR125LB ;HRNG 800 5/16X3 1/2;73269090;2500235;1.05;PC; 1849.76 ;1;1;3069
HR125LB ;HRNG 800 5/16X3 5/8;73269090;2500244;1.05;PC; 1849.76 ;1;1;3069
HR125LB ;HRNG 800 5/16X3 3/4;73269090;2500253;1.05;PC; 1849.76 ;1;1;3069
HR125LB ;HRNG 800 5/16X3 7/8;73269090;2500262;1.05;PC; 1849.76 ;1;1;3069
HR125LB ;HRNG 800 5/16X4    ;73269090;2500271;1.05;PC; 1849.76 ;1;1;3069
HR125LB ;HRNG 800 5/16X4 1/8;73269090;2500280;1.05;PC; 1849.76 ;1;1;3069
HR125LB ;HRNG 800 5/16X4 1/4;73269090;2500289;1.05;PC; 1849.76 ;1;1;3069
HR125LB ;HRNG 800 5/16X4 3/8;73269090;2500298;1.05;PC; 1849.76 ;1;1;3069
HR125LB ;HRNG 800 5/16X4 1/2;73269090;2500307;1.05;PC; 1849.76 ;1;1;3069
HR125LB ;HRNG 1000 3/8X1 5/8;73269090;2500316;1.05;PC; 1849.76 ;1;1;3069
HR125LB ;HRNG 1000 3/8X1 3/4;73269090;2500325;1.05;PC; 1849.76 ;1;1;3069
HR125LB ;HRNG 1000 3/8X1 7/8;73269090;2500334;1.05;PC; 1849.76 ;1;1;3069
HR125LB ;HRNG 1000 3/8X2    ;73269090;2500343;1.05;PC; 1849.76 ;1;1;3069
HR125LB ;HRNG 1000 3/8X2 1/8;73269090;2500352;1.05;PC; 1849.76 ;1;1;3069
HR125LB ;HRNG 1000 3/8X2 1/4;73269090;2500361;1.05;PC; 1849.76 ;1;1;3069
HR125LB ;HRNG 1000 3/8X2 3/8;73269090;2500370;1.05;PC; 1849.76 ;1;1;3069
HR125LB ;HRNG 1000 3/8X2 1/2;73269090;2500379;1.05;PC; 1849.76 ;1;1;3069
HR125LB ;HRNG 1000 3/8X2 5/8;73269090;2500388;1.05;PC; 1849.76 ;1;1;3069
HR125LB ;HRNG 1000 3/8X2 3/4;73269090;2500397;1.05;PC; 1849.76 ;1;1;3069
HR125LB ;HRNG 1000 3/8X2 7/8;73269090;2500406;1.05;PC; 1849.76 ;1;1;3069
HR125LB ;HRNG 1000 3/8X3    ;73269090;2500415;1.05;PC; 1849.76 ;1;1;3069
HR125LB ;HRNG 1000 3/8X3 1/8;73269090;2500424;1.05;PC; 1849.76 ;1;1;3069
HR125LB ;HRNG 1000 3/8X3 1/4;73269090;2500433;1.05;PC; 1849.76 ;1;1;3069
HR125LB ;HRNG 1000 3/8X3 3/8;73269090;2500442;1.05;PC; 1849.76 ;1;1;3069
HR125LB ;HRNG 1000 3/8X3 1/2;73269090;2500451;1.05;PC; 1849.76 ;1;1;3069
HR125LB ;HRNG 1000 3/8X3 5/8;73269090;2500460;1.05;PC; 1849.76 ;1;1;3069
HR125LB ;HRNG 1000 3/8X3 3/4;73269090;2500469;1.05;PC; 1849.76 ;1;1;3069
HR125LB ;HRNG 1000 3/8X3 7/8;73269090;2500478;1.05;PC; 1849.76 ;1;1;3069
HR125LB ;HRNG 1000 3/8X4    ;73269090;2500487;1.05;PC; 1849.76 ;1;1;3069
HR125LB ;HRNG 1000 3/8X4 1/8;73269090;2500496;1.05;PC; 1849.76 ;1;1;3069
HR125LB ;HRNG 1000 3/8X4 1/4;73269090;2500505;1.05;PC; 1849.76 ;1;1;3069
HR125LB ;HRNG 1000 3/8X4 3/8;73269090;2500514;1.05;PC; 1849.76 ;1;1;3069
HR125LB ;HRNG 1000 3/8X4 1/2;73269090;2500523;1.05;PC; 1849.76 ;1;1;3069
HR125LB ;HRNG 1000 3/8X4 5/8;73269090;2500532;1.05;PC; 1849.76 ;1;1;3069
HR125LB ;HRNG 1000 3/8X4 3/4;73269090;2500541;1.05;PC; 1849.76 ;1;1;3069
HR125LB ;HRNG 1000 3/8X4 7/8;73269090;2500550;1.05;PC; 1849.76 ;1;1;3069
HR125LB ;HRNG 1000 3/8X5    ;73269090;2500559;1.05;PC; 1849.76 ;1;1;3069
HR125LB ;HRNG 1000 3/8X5 1/8;73269090;2500568;1.05;PC; 1849.76 ;1;1;3069
HR125LB ;HRNG 1000 3/8X5 1/4;73269090;2500577;1.05;PC; 1849.76 ;1;1;3069
HR125LB ;HRNG 1000 3/8X5 3/8;73269090;2500586;1.05;PC; 1849.76 ;1;1;3069
HR125LB ;HRNG 1000 3/8X5 1/2;73269090;2500595;1.05;PC; 1849.76 ;1;1;3069
HR125LB ;HRNG 1000 3/8X5 5/8;73269090;2500604;1.05;PC; 1849.76 ;1;1;3069
HR125LB ;HRNG 1000 3/8X5 3/4;73269090;2500613;1.05;PC; 1849.76 ;1;1;3069
HR125LB ;HRNG 1000 3/8X5 7/8;73269090;2500622;1.05;PC; 1849.76 ;1;1;3069
HR125LB ;HRNG 1000 3/8X6    ;73269090;2500631;1.05;PC; 1849.76 ;1;1;3069
HR125LB ;HRNG 2500 1/2X2 1/8;73269090;2500640;1.05;PC; 2231.64 ;1;1;3702
HR125LB ;HRNG 2500 1/2X2 1/4;73269090;2500649;1.05;PC; 2231.64 ;1;1;3702
HR125LB ;HRNG 2500 1/2X2 3/8;73269090;2500658;1.05;PC; 2231.64 ;1;1;3702
HR125LB ;HRNG 2500 1/2X2 5/8;73269090;2500667;1.05;PC; 2231.64 ;1;1;3702
HR125LB ;HRNG 2500 1/2X2 3/4;73269090;2500676;1.05;PC; 2231.64 ;1;1;3702
HR125LB ;HRNG 2500 1/2X2 7/8;73269090;2500685;1.05;PC; 2231.64 ;1;1;3702
HR125LB ;HRNG 2500 1/2X3    ;73269090;2500694;1.05;PC; 2231.64 ;1;1;3702
HR125LB ;HRNG 2500 1/2X3 1/8;73269090;2500703;1.05;PC; 2231.64 ;1;1;3702
HR125LB ;HRNG 2500 1/2X3 1/4;73269090;2500712;1.05;PC; 2231.64 ;1;1;3702
HR125LB ;HRNG 2500 1/2X3 3/8;73269090;2500721;1.05;PC; 2231.64 ;1;1;3702
HR125LB ;HRNG 2500 1/2X3 1/2;73269090;2500730;1.05;PC; 2231.64 ;1;1;3702
HR125LB ;HRNG 2500 1/2X3 5/8;73269090;2500739;1.05;PC; 2231.64 ;1;1;3702
HR125LB ;HRNG 2500 1/2X3 3/4;73269090;2500748;1.05;PC; 2231.64 ;1;1;3702
HR125LB ;HRNG 2500 1/2X3 7/8;73269090;2500757;1.05;PC; 2231.64 ;1;1;3702
HR125LB ;HRNG 2500 1/2X4    ;73269090;2500766;1.05;PC; 2231.64 ;1;1;3702
HR125LB ;HRNG 2500 1/2X4 1/8;73269090;2500775;1.05;PC; 2231.64 ;1;1;3702
HR125LB ;HRNG 2500 1/2X4 1/4;73269090;2500784;1.05;PC; 2231.64 ;1;1;3702
HR125LB ;HRNG 2500 1/2X4 3/8;73269090;2500793;1.05;PC; 2231.64 ;1;1;3702
HR125LB ;HRNG 2500 1/2X4 1/2;73269090;2500802;1.05;PC; 2231.64 ;1;1;3702
HR125LB ;HRNG 2500 1/2X4 5/8;73269090;2500811;1.05;PC; 2231.64 ;1;1;3702
HR125LB ;HRNG 2500 1/2X4 3/4;73269090;2500820;1.05;PC; 2231.64 ;1;1;3702
HR125LB ;HRNG 2500 1/2X4 7/8;73269090;2500829;1.05;PC; 2231.64 ;1;1;3702
HR125LB ;HRNG 2500 1/2X5    ;73269090;2500838;1.05;PC; 2231.64 ;1;1;3702
HR125LB ;HRNG 2500 1/2X5 1/8;73269090;2500847;1.05;PC; 2231.64 ;1;1;3702
HR125LB ;HRNG 2500 1/2X5 1/4;73269090;2500856;1.05;PC; 2231.64 ;1;1;3702
HR125LB ;HRNG 2500 1/2X5 3/8;73269090;2500865;1.05;PC; 2231.64 ;1;1;3702
HR125LB ;HRNG 2500 1/2X5 1/2;73269090;2500874;1.05;PC; 2231.64 ;1;1;3702
HR125LB ;HRNG 2500 1/2X5 5/8;73269090;2500883;1.05;PC; 2231.64 ;1;1;3702
HR125LB ;HRNG 2500 1/2X5 3/4;73269090;2500892;1.05;PC; 2231.64 ;1;1;3702
HR125LB ;HRNG 2500 1/2X5 7/8;73269090;2500901;1.05;PC; 2231.64 ;1;1;3702
HR125LB ;HRNG 2500 1/2X6    ;73269090;2500910;1.05;PC; 2231.64 ;1;1;3702
HR125LB ;HRNG 2500 1/2X6 1/8;73269090;2500919;1.05;PC; 2231.64 ;1;1;3702
HR125LB ;HRNG 2500 1/2X6 1/4;73269090;2500928;1.05;PC; 2231.64 ;1;1;3702
HR125LB ;HRNG 2500 1/2X6 3/8;73269090;2500937;1.05;PC; 2231.64 ;1;1;3702
HR125LB ;HRNG 2500 1/2X6 1/2;73269090;2500946;1.05;PC; 2231.64 ;1;1;3702
HR125LB ;HRNG 2500 1/2X6 5/8;73269090;2500955;1.05;PC; 2231.64 ;1;1;3702
HR125LB ;HRNG 2500 1/2X6 3/4;73269090;2500964;1.05;PC; 2231.64 ;1;1;3702
HR125LB ;HRNG 2500 1/2X6 7/8;73269090;2500973;1.05;PC; 2231.64 ;1;1;3702
HR125LB ;HRNG 2500 1/2X7    ;73269090;2500982;1.05;PC; 2231.64 ;1;1;3702
HR125LB ;HRNG 2500 1/2X7 1/8;73269090;2500991;1.05;PC; 2231.64 ;1;1;3702
HR125LB ;HRNG 2500 1/2X7 1/4;73269090;2501000;1.05;PC; 2231.64 ;1;1;3702
HR125LB ;HRNG 2500 1/2X7 3/8;73269090;2501009;1.05;PC; 2231.64 ;1;1;3702
HR125LB ;HRNG 2500 1/2X7 1/2;73269090;2501018;1.05;PC; 2231.64 ;1;1;3702
HR125LB ;HRNG 2500 1/2X7 5/8;73269090;2501027;1.05;PC; 2231.64 ;1;1;3702
HR125LB ;HRNG 2500 1/2X7 3/4;73269090;2501036;1.05;PC; 2231.64 ;1;1;3702
HR125LB ;HRNG 2500 1/2X7 7/8;73269090;2501045;1.05;PC; 2231.64 ;1;1;3702
HR125LB ;HRNG 2500 1/2X8    ;73269090;2501054;1.05;PC; 2231.64 ;1;1;3702
HR125LB ;HRNG 2500 1/2X8 1/8;73269090;2501063;1.05;PC; 2231.64 ;1;1;3702
HR125LB ;HRNG 2500 1/2X8 1/4;73269090;2501072;1.05;PC; 2231.64 ;1;1;3702
HR125LB ;HRNG 2500 1/2X8 3/8;73269090;2501081;1.05;PC; 2231.64 ;1;1;3702
HR125LB ;HRNG 2500 1/2X8 1/2;73269090;2501090;1.05;PC; 2231.64 ;1;1;3702
HR125LB ;HRNG 2500 1/2X8 5/8;73269090;2501099;1.05;PC; 2231.64 ;1;1;3702
HR125LB ;HRNG 2500 1/2X8 3/4;73269090;2501108;1.05;PC; 2231.64 ;1;1;3702
HR125LB ;HRNG 2500 1/2X8 7/8;73269090;2501117;1.05;PC; 2231.64 ;1;1;3702
HR125LB ;HRNG 2500 1/2X9    ;73269090;2501126;1.05;PC; 2231.64 ;1;1;3702
HR125LB ;HRNG 2500 1/2X9 1/8;73269090;2501135;1.05;PC; 2231.64 ;1;1;3702
HR125LB ;HRNG 2500 1/2X9 1/4;73269090;2501144;1.05;PC; 2231.64 ;1;1;3702
HR125LB ;HRNG 2500 1/2X9 3/8;73269090;2501153;1.05;PC; 2231.64 ;1;1;3702
HR125LB ;HRNG 2500 1/2X9 1/2;73269090;2501162;1.05;PC; 2231.64 ;1;1;3702
HR125LB ;HRNG 2500 1/2X9 5/8;73269090;2501171;1.05;PC; 2231.64 ;1;1;3702
HR125LB ;HRNG 2500 1/2X9 3/4;73269090;2501180;1.05;PC; 2231.64 ;1;1;3702
HR125LB ;HRNG 2500 1/2X9 7/8;73269090;2501189;1.05;PC; 2231.64 ;1;1;3702
HR125LB ;HRNG 2500 1/2X10   ;73269090;2501198;1.05;PC; 2231.64 ;1;1;3702
HR125LB ;HRNG2500 1/2X10 1/8;73269090;2501207;1.05;PC; 2231.64 ;1;1;3702
HR125LB ;HRNG2500 1/2X10 1/4;73269090;2501216;1.05;PC; 2231.64 ;1;1;3702
HR125LB ;HRNG2500 1/2X10 3/8;73269090;2501225;1.05;PC; 2231.64 ;1;1;3702
HR125LB ;HRNG2500 1/2X10 1/2;73269090;2501234;1.05;PC; 2231.64 ;1;1;3702
HR125LB ;HRNG2500 1/2X10 5/8;73269090;2501243;1.05;PC; 2231.64 ;1;1;3702
HR125LB ;HRNG2500 1/2X10 3/4;73269090;2501252;1.05;PC; 2231.64 ;1;1;3702
HR125LB ;HRNG2500 1/2X10 7/8;73269090;2501261;1.05;PC; 2231.64 ;1;1;3702
HR125LB ;HRNG 2500 1/2X11   ;73269090;2501270;1.05;PC; 2231.64 ;1;1;3702
HR125LB ;HRNG2500 1/2X11.125;73269090;2501279;1.05;PC; 2231.64 ;1;1;3702
HR125LB ;HRNG2500 1/2X11 1/4;73269090;2501288;1.05;PC; 2231.64 ;1;1;3702
HR125LB ;HRNG2500 1/2X11 3/8;73269090;2501297;1.05;PC; 2231.64 ;1;1;3702
HR125LB ;HRNG2500 1/2X11 1/2;73269090;2501306;1.05;PC; 2231.64 ;1;1;3702
HR125LB ;HRNG2500 1/2X11 5/8;73269090;2501315;1.05;PC; 2231.64 ;1;1;3702
HR125LB ;HRNG2500 1/2X11 3/4;73269090;2501324;1.05;PC; 2231.64 ;1;1;3702
HR125LB ;HRNG2500 1/2X11 7/8;73269090;2501333;1.05;PC; 2231.64 ;1;1;3702
HR125LB ;HRNG 2500 1/2X12   ;73269090;2501342;1.05;PC; 2231.64 ;1;1;3702
HR125LB ;HRNG 4000 5/8X2 1/8;73269090;2501351;1.05;PC; 2260.5 ;1;1;3750
HR125LB ;HRNG 4000 5/8X2 1/4;73269090;2501360;1.05;PC; 2260.5 ;1;1;3750
HR125LB ;HRNG 4000 5/8X2 3/8;73269090;2501369;1.05;PC; 2260.5 ;1;1;3750
HR125LB ;HRNG 4000 5/8X2 1/2;73269090;2501378;1.05;PC; 2260.5 ;1;1;3750
HR125LB ;HRNG 4000 5/8X2 5/8;73269090;2501387;1.05;PC; 2260.5 ;1;1;3750
HR125LB ;HRNG 4000 5/8X2 7/8;73269090;2501396;1.05;PC; 2260.5 ;1;1;3750
HR125LB ;HRNG 4000 5/8X3    ;73269090;2501405;1.05;PC; 2260.5 ;1;1;3750
HR125LB ;HRNG 4000 5/8X3 1/8;73269090;2501414;1.05;PC; 2260.5 ;1;1;3750
HR125LB ;HRNG 4000 5/8X3 1/4;73269090;2501423;1.05;PC; 2260.5 ;1;1;3750
HR125LB ;HRNG 4000 5/8X3 3/8;73269090;2501432;1.05;PC; 2260.5 ;1;1;3750
HR125LB ;HRNG 4000 5/8X3 1/2;73269090;2501441;1.05;PC; 2260.5 ;1;1;3750
HR125LB ;HRNG 4000 5/8X3 5/8;73269090;2501450;1.05;PC; 2260.5 ;1;1;3750
HR125LB ;HRNG 4000 5/8X3 3/4;73269090;2501459;1.05;PC; 2260.5 ;1;1;3750
HR125LB ;HRNG 4000 5/8X3 7/8;73269090;2501468;1.05;PC; 2260.5 ;1;1;3750
HR125LB ;HRNG 4000 5/8X4    ;73269090;2501477;1.05;PC; 2260.5 ;1;1;3750
HR125LB ;HRNG 4000 5/8X4 1/8;73269090;2501486;1.05;PC; 2260.5 ;1;1;3750
HR125LB ;HRNG 4000 5/8X4 1/4;73269090;2501495;1.05;PC; 2260.5 ;1;1;3750
HR125LB ;HRNG 4000 5/8X4 3/8;73269090;2501504;1.05;PC; 2260.5 ;1;1;3750
HR125LB ;HRNG 4000 5/8X4 1/2;73269090;2501513;1.05;PC; 2260.5 ;1;1;3750
HR125LB ;HRNG 4000 5/8X4 5/8;73269090;2501522;1.05;PC; 2260.5 ;1;1;3750
HR125LB ;HRNG 4000 5/8X4 3/4;73269090;2501531;1.05;PC; 2260.5 ;1;1;3750
HR125LB ;HRNG 4000 5/8X4 7/8;73269090;2501540;1.05;PC; 2260.5 ;1;1;3750
HR125LB ;HRNG 4000 5/8X5    ;73269090;2501549;1.05;PC; 2260.5 ;1;1;3750
HR125LB ;HRNG 4000 5/8X5 1/8;73269090;2501558;1.05;PC; 2260.5 ;1;1;3750
HR125LB ;HRNG 4000 5/8X5 1/4;73269090;2501567;1.05;PC; 2260.5 ;1;1;3750
HR125LB ;HRNG 4000 5/8X5 3/8;73269090;2501576;1.05;PC; 2260.5 ;1;1;3750
HR125LB ;HRNG 4000 5/8X5 1/2;73269090;2501585;1.05;PC; 2260.5 ;1;1;3750
HR125LB ;HRNG 4000 5/8X5 5/8;73269090;2501594;1.05;PC; 2260.5 ;1;1;3750
HR125LB ;HRNG 4000 5/8X5 3/4;73269090;2501603;1.05;PC; 2260.5 ;1;1;3750
HR125LB ;HRNG 4000 5/8X5 7/8;73269090;2501612;1.05;PC; 2260.5 ;1;1;3750
HR125LB ;HRNG 4000 5/8X6    ;73269090;2501621;1.05;PC; 2260.5 ;1;1;3750
HR125LB ;HRNG 4000 5/8X6 1/8;73269090;2501630;1.05;PC; 2260.5 ;1;1;3750
HR125LB ;HRNG 4000 5/8X6 1/4;73269090;2501639;1.05;PC; 2260.5 ;1;1;3750
HR125LB ;HRNG 4000 5/8X6 3/8;73269090;2501648;1.05;PC; 2260.5 ;1;1;3750
HR125LB ;HRNG 4000 5/8X6 1/2;73269090;2501657;1.05;PC; 2260.5 ;1;1;3750
HR125LB ;HRNG 4000 5/8X6 5/8;73269090;2501666;1.05;PC; 2260.5 ;1;1;3750
HR125LB ;HRNG 4000 5/8X6 3/4;73269090;2501675;1.05;PC; 2260.5 ;1;1;3750
HR125LB ;HRNG 4000 5/8X6 7/8;73269090;2501684;1.05;PC; 2260.5 ;1;1;3750
HR125LB ;HRNG 4000 5/8X7    ;73269090;2501693;1.05;PC; 2260.5 ;1;1;3750
HR125LB ;HRNG 4000 5/8X7 1/8;73269090;2501702;1.05;PC; 2260.5 ;1;1;3750
HR125LB ;HRNG 4000 5/8X7 1/4;73269090;2501711;1.05;PC; 2260.5 ;1;1;3750
HR125LB ;HRNG 4000 5/8X7 3/8;73269090;2501720;1.05;PC; 2260.5 ;1;1;3750
HR125LB ;HRNG 4000 5/8X7 1/2;73269090;2501729;1.05;PC; 2260.5 ;1;1;3750
HR125LB ;HRNG 4000 5/8X7 5/8;73269090;2501738;1.05;PC; 2260.5 ;1;1;3750
HR125LB ;HRNG 4000 5/8X7 3/4;73269090;2501747;1.05;PC; 2260.5 ;1;1;3750
HR125LB ;HRNG 4000 5/8X7 7/8;73269090;2501756;1.05;PC; 2260.5 ;1;1;3750
HR125LB ;HRNG 4000 5/8X8    ;73269090;2501765;1.05;PC; 2260.5 ;1;1;3750
HR125LB ;HRNG 4000 5/8X8 1/8;73269090;2501774;1.05;PC; 2260.5 ;1;1;3750
HR125LB ;HRNG 4000 5/8X8 1/4;73269090;2501783;1.05;PC; 2260.5 ;1;1;3750
HR125LB ;HRNG 4000 5/8X8 3/8;73269090;2501792;1.05;PC; 2260.5 ;1;1;3750
HR125LB ;HRNG 4000 5/8X8 1/2;73269090;2501801;1.05;PC; 2260.5 ;1;1;3750
HR125LB ;HRNG 4000 5/8X8 5/8;73269090;2501810;1.05;PC; 2260.5 ;1;1;3750
HR125LB ;HRNG 4000 5/8X8 3/4;73269090;2501819;1.05;PC; 2260.5 ;1;1;3750
HR125LB ;HRNG 4000 5/8X8 7/8;73269090;2501828;1.05;PC; 2260.5 ;1;1;3750
HR125LB ;HRNG 4000 5/8X9    ;73269090;2501837;1.05;PC; 2260.5 ;1;1;3750
HR125LB ;HRNG 4000 5/8X9 1/8;73269090;2501846;1.05;PC; 2260.5 ;1;1;3750
HR125LB ;HRNG 4000 5/8X9 1/4;73269090;2501855;1.05;PC; 2260.5 ;1;1;3750
HR125LB ;HRNG 4000 5/8X9 3/8;73269090;2501864;1.05;PC; 2260.5 ;1;1;3750
HR125LB ;HRNG 4000 5/8X9 1/2;73269090;2501873;1.05;PC; 2260.5 ;1;1;3750
HR125LB ;HRNG 4000 5/8X9 5/8;73269090;2501882;1.05;PC; 2260.5 ;1;1;3750
HR125LB ;HRNG 4000 5/8X9 3/4;73269090;2501891;1.05;PC; 2260.5 ;1;1;3750
HR125LB ;HRNG 4000 5/8X9 7/8;73269090;2501900;1.05;PC; 2260.5 ;1;1;3750
HR125LB ;HRNG 4000 5/8X10   ;73269090;2501909;1.05;PC; 2260.5 ;1;1;3750
HR125LB ;HRNG4000 5/8X10 1/8;73269090;2501918;1.05;PC; 2260.5 ;1;1;3750
HR125LB ;HRNG4000 5/8X10 1/4;73269090;2501927;1.05;PC; 2260.5 ;1;1;3750
HR125LB ;HRNG4000 5/8X10 3/8;73269090;2501936;1.05;PC; 2260.5 ;1;1;3750
HR125LB ;HRNG4000 5/8X10 1/2;73269090;2501945;1.05;PC; 2260.5 ;1;1;3750
HR125LB ;HRNG4000 5/8X10 5/8;73269090;2501954;1.05;PC; 2260.5 ;1;1;3750
HR125LB ;HRNG4000 5/8X10 3/4;73269090;2501963;1.05;PC; 2260.5 ;1;1;3750
HR125LB ;HRNG4000 5/8X10 7/8;73269090;2501972;1.05;PC; 2260.5 ;1;1;3750
HR125LB ;HRNG 4000 5/8X11   ;73269090;2501981;1.05;PC; 2260.5 ;1;1;3750
HR125LB ;HRNG4000 5/8X11 1/8;73269090;2501990;1.05;PC; 2260.5 ;1;1;3750
HR125LB ;HRNG4000 5/8X11 1/4;73269090;2501999;1.05;PC; 2260.5 ;1;1;3750
HR125LB ;HRNG4000 5/8X11 3/8;73269090;2502008;1.05;PC; 2260.5 ;1;1;3750
HR125LB ;HRNG4000 5/8X11 1/2;73269090;2502017;1.05;PC; 2260.5 ;1;1;3750
HR125LB ;HRNG4000 5/8X11 5/8;73269090;2502026;1.05;PC; 2260.5 ;1;1;3750
HR125LB ;HRNG4000 5/8X11 3/4;73269090;2502035;1.05;PC; 2260.5 ;1;1;3750
HR125LB ;HRNG4000 5/8X11 7/8;73269090;2502044;1.05;PC; 2260.5 ;1;1;3750
HR125LB ;HRNG 4000 5/8X12   ;73269090;2502053;1.05;PC; 2260.5 ;1;1;3750
HR125LB ;HRNG 5000 3/4X2 3/8;73269090;2502062;1.05;PC; 2260.5 ;1;1;3750
HR125LB ;HRNG 5000 3/4X2 1/2;73269090;2502071;1.05;PC; 2260.5 ;1;1;3750
HR125LB ;HRNG 5000 3/4X2 5/8;73269090;2502080;1.05;PC; 2260.5 ;1;1;3750
HR125LB ;HRNG 5000 3/4X2 7/8;73269090;2502089;1.05;PC; 2260.5 ;1;1;3750
HR125LB ;HRNG 5000 3/4X3    ;73269090;2502098;1.05;PC; 2260.5 ;1;1;3750
HR125LB ;HRNG 5000 3/4X3 1/8;73269090;2502107;1.05;PC; 2260.5 ;1;1;3750
HR125LB ;HRNG 5000 3/4X3 1/4;73269090;2502116;1.05;PC; 2260.5 ;1;1;3750
HR125LB ;HRNG 5000 3/4X3 3/8;73269090;2502125;1.05;PC; 2260.5 ;1;1;3750
HR125LB ;HRNG 5000 3/4X3 1/2;73269090;2502134;1.05;PC; 2260.5 ;1;1;3750
HR125LB ;HRNG 5000 3/4X3 5/8;73269090;2502143;1.05;PC; 2260.5 ;1;1;3750
HR125LB ;HRNG 5000 3/4X3 3/4;73269090;2502152;1.05;PC; 2260.5 ;1;1;3750
HR125LB ;HRNG 5000 3/4X3 7/8;73269090;2502161;1.05;PC; 2260.5 ;1;1;3750
HR125LB ;HRNG 5000 3/4X4    ;73269090;2502170;1.05;PC; 2260.5 ;1;1;3750
HR125LB ;HRNG 5000 3/4X4 1/8;73269090;2502179;1.05;PC; 2260.5 ;1;1;3750
HR125LB ;HRNG 5000 3/4X4 1/4;73269090;2502188;1.05;PC; 2260.5 ;1;1;3750
HR125LB ;HRNG 5000 3/4X4 3/8;73269090;2502197;1.05;PC; 2260.5 ;1;1;3750
HR125LB ;HRNG 5000 3/4X4 1/2;73269090;2502206;1.05;PC; 2260.5 ;1;1;3750
HR125LB ;HRNG 5000 3/4X4 5/8;73269090;2502215;1.05;PC; 2260.5 ;1;1;3750
HR125LB ;HRNG 5000 3/4X4 3/4;73269090;2502224;1.05;PC; 2260.5 ;1;1;3750
HR125LB ;HRNG 5000 3/4X4 7/8;73269090;2502233;1.05;PC; 2260.5 ;1;1;3750
HR125LB ;HRNG 5000 3/4X5    ;73269090;2502242;1.05;PC; 2260.5 ;1;1;3750
HR125LB ;HRNG 5000 3/4X5 1/8;73269090;2502251;1.05;PC; 2260.5 ;1;1;3750
HR125LB ;HRNG 5000 3/4X5 1/4;73269090;2502260;1.05;PC; 2260.5 ;1;1;3750
HR125LB ;HRNG 5000 3/4X5 3/8;73269090;2502269;1.05;PC; 2260.5 ;1;1;3750
HR125LB ;HRNG 5000 3/4X5 1/2;73269090;2502278;1.05;PC; 2260.5 ;1;1;3750
HR125LB ;HRNG 5000 3/4X5 5/8;73269090;2502287;1.05;PC; 2260.5 ;1;1;3750
HR125LB ;HRNG 5000 3/4X5 3/4;73269090;2502296;1.05;PC; 2260.5 ;1;1;3750
HR125LB ;HRNG 5000 3/4X5 7/8;73269090;2502305;1.05;PC; 2260.5 ;1;1;3750
HR125LB ;HRNG 5000 3/4X6    ;73269090;2502314;1.05;PC; 2260.5 ;1;1;3750
HR125LB ;HRNG 5000 3/4X6 1/8;73269090;2502323;1.05;PC; 2260.5 ;1;1;3750
HR125LB ;HRNG 5000 3/4X6 1/4;73269090;2502332;1.05;PC; 2260.5 ;1;1;3750
HR125LB ;HRNG 5000 3/4X6 3/8;73269090;2502341;1.05;PC; 2260.5 ;1;1;3750
HR125LB ;HRNG 5000 3/4X6 1/2;73269090;2502350;1.05;PC; 2260.5 ;1;1;3750
HR125LB ;HRNG 5000 3/4X6 5/8;73269090;2502359;1.05;PC; 2260.5 ;1;1;3750
HR125LB ;HRNG 5000 3/4X6 3/4;73269090;2502368;1.05;PC; 2260.5 ;1;1;3750
HR125LB ;HRNG 5000 3/4X6 7/8;73269090;2502377;1.05;PC; 2260.5 ;1;1;3750
HR125LB ;HRNG 5000 3/4X7    ;73269090;2502386;1.05;PC; 2260.5 ;1;1;3750
HR125LB ;HRNG 5000 3/4X7 1/8;73269090;2502395;1.05;PC; 2260.5 ;1;1;3750
HR125LB ;HRNG 5000 3/4X7 1/4;73269090;2502404;1.05;PC; 2260.5 ;1;1;3750
HR125LB ;HRNG 5000 3/4X7 3/8;73269090;2502413;1.05;PC; 2260.5 ;1;1;3750
HR125LB ;HRNG 5000 3/4X7 1/2;73269090;2502422;1.05;PC; 2260.5 ;1;1;3750
HR125LB ;HRNG 5000 3/4X7 5/8;73269090;2502431;1.05;PC; 2260.5 ;1;1;3750
HR125LB ;HRNG 5000 3/4X7 3/4;73269090;2502440;1.05;PC; 2260.5 ;1;1;3750
HR125LB ;HRNG 5000 3/4X7 7/8;73269090;2502449;1.05;PC; 2260.5 ;1;1;3750
HR125LB ;HRNG 5000 3/4X8    ;73269090;2502458;1.05;PC; 2260.5 ;1;1;3750
HR125LB ;HRNG 5000 3/4X8 1/8;73269090;2502467;1.05;PC; 2260.5 ;1;1;3750
HR125LB ;HRNG 5000 3/4X8 1/4;73269090;2502476;1.05;PC; 2260.5 ;1;1;3750
HR125LB ;HRNG 5000 3/4X8 3/8;73269090;2502485;1.05;PC; 2260.5 ;1;1;3750
HR125LB ;HRNG 5000 3/4X8 1/2;73269090;2502494;1.05;PC; 2260.5 ;1;1;3750
HR125LB ;HRNG 5000 3/4X8 5/8;73269090;2502503;1.05;PC; 2260.5 ;1;1;3750
HR125LB ;HRNG 5000 3/4X8 3/4;73269090;2502512;1.05;PC; 2260.5 ;1;1;3750
HR125LB ;HRNG 5000 3/4X8 7/8;73269090;2502521;1.05;PC; 2260.5 ;1;1;3750
HR125LB ;HRNG 5000 3/4X9    ;73269090;2502530;1.05;PC; 2260.5 ;1;1;3750
HR125LB ;HRNG 5000 3/4X9 1/8;73269090;2502539;1.05;PC; 2260.5 ;1;1;3750
HR125LB ;HRNG 5000 3/4X9 1/4;73269090;2502548;1.05;PC; 2260.5 ;1;1;3750
HR125LB ;HRNG 5000 3/4X9 3/8;73269090;2502557;1.05;PC; 2260.5 ;1;1;3750
HR125LB ;HRNG 5000 3/4X9 1/2;73269090;2502566;1.05;PC; 2260.5 ;1;1;3750
HR125LB ;HRNG 5000 3/4X9 5/8;73269090;2502575;1.05;PC; 2260.5 ;1;1;3750
HR125LB ;HRNG 5000 3/4X9 3/4;73269090;2502584;1.05;PC; 2260.5 ;1;1;3750
HR125LB ;HRNG 5000 3/4X9 7/8;73269090;2502593;1.05;PC; 2260.5 ;1;1;3750
HR125LB ;HRNG 5000 3/4X10   ;73269090;2502602;1.05;PC; 2260.5 ;1;1;3750
HR125LB ;HRNG5000 3/4X10 1/8;73269090;2502611;1.05;PC; 2260.5 ;1;1;3750
HR125LB ;HRNG5000 3/4X10 1/4;73269090;2502620;1.05;PC; 2260.5 ;1;1;3750
HR125LB ;HRNG5000 3/4X10 3/8;73269090;2502629;1.05;PC; 2260.5 ;1;1;3750
HR125LB ;HRNG5000 3/4X10 1/2;73269090;2502638;1.05;PC; 2260.5 ;1;1;3750
HR125LB ;HRNG5000 3/4X10 5/8;73269090;2502647;1.05;PC; 2260.5 ;1;1;3750
HR125LB ;HRNG5000 3/4X10 3/4;73269090;2502656;1.05;PC; 2260.5 ;1;1;3750
HR125LB ;HRNG5000 3/4X10 7/8;73269090;2502665;1.05;PC; 2260.5 ;1;1;3750
HR125LB ;HRNG 5000 3/4X11   ;73269090;2502674;1.05;PC; 2260.5 ;1;1;3750
HR125LB ;HRNG5000 3/4X11 1/8;73269090;2502683;1.05;PC; 2260.5 ;1;1;3750
HR125LB ;HRNG5000 3/4X11 1/4;73269090;2502692;1.05;PC; 2260.5 ;1;1;3750
HR125LB ;HRNG5000 3/4X11 3/8;73269090;2502701;1.05;PC; 2260.5 ;1;1;3750
HR125LB ;HRNG5000 3/4X11 1/2;73269090;2502710;1.05;PC; 2260.5 ;1;1;3750
HR125LB ;HRNG5000 3/4X11 5/8;73269090;2502719;1.05;PC; 2260.5 ;1;1;3750
HR125LB ;HRNG5000 3/4X11 3/4;73269090;2502728;1.05;PC; 2260.5 ;1;1;3750
HR125LB ;HRNG5000 3/4X11 7/8;73269090;2502737;1.05;PC; 2260.5 ;1;1;3750
HR125LB ;HRNG 5000 3/4X12   ;73269090;2502746;1.05;PC; 2260.5 ;1;1;3750
HR125LB ;HRNG 7000 3/4X2 7/8;73269090;2502755;1.05;PC; 4915.39 ;1;1;8155
HR125LB ;HRNG 7000 3/4X3 0/1;73269090;2502764;1.05;PC; 4915.39 ;1;1;8155
HR125LB ;HRNG 7000 3/4X3 1/8;73269090;2502773;1.05;PC; 4915.39 ;1;1;8155
HR125LB ;HRNG 7000 3/4X3 1/4;73269090;2502782;1.05;PC; 4915.39 ;1;1;8155
HR125LB ;HRNG 7000 3/4X3 3/8;73269090;2502791;1.05;PC; 4915.39 ;1;1;8155
HR125LB ;HRNG 7000 3/4X3 5/8;73269090;2502800;1.05;PC; 4915.39 ;1;1;8155
HR125LB ;HRNG 7000 3/4X3 3/4;73269090;2502809;1.05;PC; 4915.39 ;1;1;8155
HR125LB ;HRNG 7000 3/4X3 7/8;73269090;2502818;1.05;PC; 4915.39 ;1;1;8155
HR125LB ;HRNG 7000 3/4X4    ;73269090;2502827;1.05;PC; 4915.39 ;1;1;8155
HR125LB ;HRNG 7000 3/4X4 1/8;73269090;2502836;1.05;PC; 4915.39 ;1;1;8155
HR125LB ;HRNG 7000 3/4X4 1/4;73269090;2502845;1.05;PC; 4915.39 ;1;1;8155
HR125LB ;HRNG 7000 3/4X4 3/8;73269090;2502854;1.05;PC; 4915.39 ;1;1;8155
HR125LB ;HRNG 7000 3/4X4 1/2;73269090;2502863;1.05;PC; 4915.39 ;1;1;8155
HR125LB ;HRNG 7000 3/4X4 5/8;73269090;2502872;1.05;PC; 4915.39 ;1;1;8155
HR125LB ;HRNG 7000 3/4X4 3/4;73269090;2502881;1.05;PC; 4915.39 ;1;1;8155
HR125LB ;HRNG 7000 3/4X4 7/8;73269090;2502890;1.05;PC; 4915.39 ;1;1;8155
HR125LB ;HRNG 7000 3/4X5    ;73269090;2502899;1.05;PC; 4915.39 ;1;1;8155
HR125LB ;HRNG 7000 3/4X5 1/8;73269090;2502908;1.05;PC; 4915.39 ;1;1;8155
HR125LB ;HRNG 7000 3/4X5 1/4;73269090;2502917;1.05;PC; 4915.39 ;1;1;8155
HR125LB ;HRNG 7000 3/4X5 3/8;73269090;2502926;1.05;PC; 4915.39 ;1;1;8155
HR125LB ;HRNG 7000 3/4X5 1/2;73269090;2502935;1.05;PC; 4915.39 ;1;1;8155
HR125LB ;HRNG 7000 3/4X5 5/8;73269090;2502944;1.05;PC; 4915.39 ;1;1;8155
HR125LB ;HRNG 7000 3/4X5 3/4;73269090;2502953;1.05;PC; 4915.39 ;1;1;8155
HR125LB ;HRNG 7000 3/4X5 7/8;73269090;2502962;1.05;PC; 4915.39 ;1;1;8155
HR125LB ;HRNG 7000 3/4X6    ;73269090;2502971;1.05;PC; 4915.39 ;1;1;8155
HR125LB ;HRNG 7000 3/4X6 1/8;73269090;2502980;1.05;PC; 4915.39 ;1;1;8155
HR125LB ;HRNG 7000 3/4X6 1/4;73269090;2502989;1.05;PC; 4915.39 ;1;1;8155
HR125LB ;HRNG 7000 3/4X6 3/8;73269090;2502998;1.05;PC; 4915.39 ;1;1;8155
HR125LB ;HRNG 7000 3/4X6 1/2;73269090;2503007;1.05;PC; 4915.39 ;1;1;8155
HR125LB ;HRNG 7000 3/4X6 5/8;73269090;2503016;1.05;PC; 4915.39 ;1;1;8155
HR125LB ;HRNG 7000 3/4X6 3/4;73269090;2503025;1.05;PC; 4915.39 ;1;1;8155
HR125LB ;HRNG 7000 3/4X6 7/8;73269090;2503034;1.05;PC; 4915.39 ;1;1;8155
HR125LB ;HRNG 7000 3/4X7    ;73269090;2503043;1.05;PC; 4915.39 ;1;1;8155
HR125LB ;HRNG 7000 3/4X7 1/8;73269090;2503052;1.05;PC; 4915.39 ;1;1;8155
HR125LB ;HRNG 7000 3/4X7 1/4;73269090;2503061;1.05;PC; 4915.39 ;1;1;8155
HR125LB ;HRNG 7000 3/4X7 3/8;73269090;2503070;1.05;PC; 4915.39 ;1;1;8155
HR125LB ;HRNG 7000 3/4X7 1/2;73269090;2503079;1.05;PC; 4915.39 ;1;1;8155
HR125LB ;HRNG 7000 3/4X7 5/8;73269090;2503088;1.05;PC; 4915.39 ;1;1;8155
HR125LB ;HRNG 7000 3/4X7 3/4;73269090;2503097;1.05;PC; 4915.39 ;1;1;8155
HR125LB ;HRNG 7000 3/4X7 7/8;73269090;2503106;1.05;PC; 4915.39 ;1;1;8155
HR125LB ;HRNG 7000 3/4X8    ;73269090;2503115;1.05;PC; 4915.39 ;1;1;8155
HR125LB ;HRNG 7000 3/4X8 1/8;73269090;2503124;1.05;PC; 4915.39 ;1;1;8155
HR125LB ;HRNG 7000 3/4X8 1/4;73269090;2503133;1.05;PC; 4915.39 ;1;1;8155
HR125LB ;HRNG 7000 3/4X8 3/8;73269090;2503142;1.05;PC; 4915.39 ;1;1;8155
HR125LB ;HRNG 7000 3/4X8 1/2;73269090;2503151;1.05;PC; 4915.39 ;1;1;8155
HR125LB ;HRNG 7000 3/4X8 5/8;73269090;2503160;1.05;PC; 4915.39 ;1;1;8155
HR125LB ;HRNG 7000 3/4X8 3/4;73269090;2503169;1.05;PC; 4915.39 ;1;1;8155
HR125LB ;HRNG 7000 3/4X8 7/8;73269090;2503178;1.05;PC; 4915.39 ;1;1;8155
HR125LB ;HRNG 7000 3/4X9    ;73269090;2503187;1.05;PC; 4915.39 ;1;1;8155
HR125LB ;HRNG 7000 3/4X9 1/8;73269090;2503196;1.05;PC; 4915.39 ;1;1;8155
HR125LB ;HRNG 7000 3/4X9 1/4;73269090;2503205;1.05;PC; 4915.39 ;1;1;8155
HR125LB ;HRNG 7000 3/4X9 3/8;73269090;2503214;1.05;PC; 4915.39 ;1;1;8155
HR125LB ;HRNG 7000 3/4X9 1/2;73269090;2503223;1.05;PC; 4915.39 ;1;1;8155
HR125LB ;HRNG 7000 3/4X9 5/8;73269090;2503232;1.05;PC; 4915.39 ;1;1;8155
HR125LB ;HRNG 7000 3/4X9 3/4;73269090;2503241;1.05;PC; 4915.39 ;1;1;8155
HR125LB ;HRNG 7000 3/4X9 7/8;73269090;2503250;1.05;PC; 4915.39 ;1;1;8155
HR125LB ;HRNG 7000 3/4X10   ;73269090;2503259;1.05;PC; 4915.39 ;1;1;8155
HR125LB ;HRNG7000 3/4X10 1/8;73269090;2503268;1.05;PC; 4915.39 ;1;1;8155
HR125LB ;HRNG7000 3/4X10 1/4;73269090;2503277;1.05;PC; 4915.39 ;1;1;8155
HR125LB ;HRNG7000 3/4X10 3/8;73269090;2503286;1.05;PC; 4915.39 ;1;1;8155
HR125LB ;HRNG7000 3/4X10 1/2;73269090;2503295;1.05;PC; 4915.39 ;1;1;8155
HR125LB ;HRNG7000 3/4X10 5/8;73269090;2503304;1.05;PC; 4915.39 ;1;1;8155
HR125LB ;HRNG7000 3/4X10 3/4;73269090;2503313;1.05;PC; 4915.39 ;1;1;8155
HR125LB ;HRNG7000 3/4X10 7/8;73269090;2503322;1.05;PC; 4915.39 ;1;1;8155
HR125LB ;HRNG 7000 3/4X11   ;73269090;2503331;1.05;PC; 4915.39 ;1;1;8155
HR125LB ;HRNG7000 3/4X11 1/8;73269090;2503340;1.05;PC; 4915.39 ;1;1;8155
HR125LB ;HRNG7000 3/4X11 1/4;73269090;2503349;1.05;PC; 4915.39 ;1;1;8155
HR125LB ;HRNG7000 3/4X11 3/8;73269090;2503358;1.05;PC; 4915.39 ;1;1;8155
HR125LB ;HRNG7000 3/4X11 1/2;73269090;2503367;1.05;PC; 4915.39 ;1;1;8155
HR125LB ;HRNG7000 3/4X11 5/8;73269090;2503376;1.05;PC; 4915.39 ;1;1;8155
HR125LB ;HRNG7000 3/4X11 3/4;73269090;2503385;1.05;PC; 4915.39 ;1;1;8155
HR125LB ;HRNG7000 3/4X11 7/8;73269090;2503394;1.05;PC; 4915.39 ;1;1;8155
HR125LB ;HRNG 7000 3/4X12   ;73269090;2503403;1.05;PC; 4915.39 ;1;1;8155
HR125LB ;HRNG 8000 7/8X2 7/8;73269090;2503412;1.05;PC; 4915.39 ;1;1;8155
HR125LB ;HRNG 8000 7/8X3    ;73269090;2503421;1.05;PC; 4915.39 ;1;1;8155
HR125LB ;HRNG 8000 7/8X3 1/8;73269090;2503430;1.05;PC; 4915.39 ;1;1;8155
HR125LB ;HRNG 8000 7/8X3 1/4;73269090;2503439;1.05;PC; 4915.39 ;1;1;8155
HR125LB ;HRNG 8000 7/8X3 3/8;73269090;2503448;1.05;PC; 4915.39 ;1;1;8155
HR125LB ;HRNG 8000 7/8X3 5/8;73269090;2503457;1.05;PC; 4915.39 ;1;1;8155
HR125LB ;HRNG 8000 7/8X3 3/4;73269090;2503466;1.05;PC; 4915.39 ;1;1;8155
HR125LB ;HRNG 8000 7/8X3 7/8;73269090;2503475;1.05;PC; 4915.39 ;1;1;8155
HR125LB ;HRNG 8000 7/8X4    ;73269090;2503484;1.05;PC; 4915.39 ;1;1;8155
HR125LB ;HRNG 8000 7/8X4 1/8;73269090;2503493;1.05;PC; 4915.39 ;1;1;8155
HR125LB ;HRNG 8000 7/8X4 1/4;73269090;2503502;1.05;PC; 4915.39 ;1;1;8155
HR125LB ;HRNG 8000 7/8X4 3/8;73269090;2503511;1.05;PC; 4915.39 ;1;1;8155
HR125LB ;HRNG 8000 7/8X4 1/2;73269090;2503520;1.05;PC; 4915.39 ;1;1;8155
HR125LB ;HRNG 8000 7/8X4 5/8;73269090;2503529;1.05;PC; 4915.39 ;1;1;8155
HR125LB ;HRNG 8000 7/8X4 3/4;73269090;2503538;1.05;PC; 4915.39 ;1;1;8155
HR125LB ;HRNG 8000 7/8X4 7/8;73269090;2503547;1.05;PC; 4915.39 ;1;1;8155
HR125LB ;HRNG 8000 7/8X5    ;73269090;2503556;1.05;PC; 4915.39 ;1;1;8155
HR125LB ;HRNG 8000 7/8X5 1/8;73269090;2503565;1.05;PC; 4915.39 ;1;1;8155
HR125LB ;HRNG 8000 7/8X5 1/4;73269090;2503574;1.05;PC; 4915.39 ;1;1;8155
HR125LB ;HRNG 8000 7/8X5 3/8;73269090;2503583;1.05;PC; 4915.39 ;1;1;8155
HR125LB ;HRNG 8000 7/8X5 1/2;73269090;2503592;1.05;PC; 4915.39 ;1;1;8155
HR125LB ;HRNG 8000 7/8X5 5/8;73269090;2503601;1.05;PC; 4915.39 ;1;1;8155
HR125LB ;HRNG 8000 7/8X5 3/4;73269090;2503610;1.05;PC; 4915.39 ;1;1;8155
HR125LB ;HRNG 8000 7/8X5 7/8;73269090;2503619;1.05;PC; 4915.39 ;1;1;8155
HR125LB ;HRNG 8000 7/8X6    ;73269090;2503628;1.05;PC; 4915.39 ;1;1;8155
HR125LB ;HRNG 8000 7/8X6 1/8;73269090;2503637;1.05;PC; 4915.39 ;1;1;8155
HR125LB ;HRNG 8000 7/8X6 1/4;73269090;2503646;1.05;PC; 4915.39 ;1;1;8155
HR125LB ;HRNG 8000 7/8X6 3/8;73269090;2503655;1.05;PC; 4915.39 ;1;1;8155
HR125LB ;HRNG 8000 7/8X6 1/2;73269090;2503664;1.05;PC; 4915.39 ;1;1;8155
HR125LB ;HRNG 8000 7/8X6 5/8;73269090;2503673;1.05;PC; 4915.39 ;1;1;8155
HR125LB ;HRNG 8000 7/8X6 3/4;73269090;2503682;1.05;PC; 4915.39 ;1;1;8155
HR125LB ;HRNG 8000 7/8X6 7/8;73269090;2503691;1.05;PC; 4915.39 ;1;1;8155
HR125LB ;HRNG 8000 7/8X7    ;73269090;2503700;1.05;PC; 4915.39 ;1;1;8155
HR125LB ;HRNG 8000 7/8X7 1/8;73269090;2503709;1.05;PC; 4915.39 ;1;1;8155
HR125LB ;HRNG 8000 7/8X7 1/4;73269090;2503718;1.05;PC; 4915.39 ;1;1;8155
HR125LB ;HRNG 8000 7/8X7 3/8;73269090;2503727;1.05;PC; 4915.39 ;1;1;8155
HR125LB ;HRNG 8000 7/8X7 1/2;73269090;2503736;1.05;PC; 4915.39 ;1;1;8155
HR125LB ;HRNG 8000 7/8X7 5/8;73269090;2503745;1.05;PC; 4915.39 ;1;1;8155
HR125LB ;HRNG 8000 7/8X7 3/4;73269090;2503754;1.05;PC; 4915.39 ;1;1;8155
HR125LB ;HRNG 8000 7/8X7 7/8;73269090;2503763;1.05;PC; 4915.39 ;1;1;8155
HR125LB ;HRNG 8000 7/8X8    ;73269090;2503772;1.05;PC; 4915.39 ;1;1;8155
HR125LB ;HRNG 10000 1X3 1/8 ;73269090;2503781;1.05;PC; 5040.44 ;1;1;8362
HR125LB ;HRNG 10000 1X3 1/4 ;73269090;2503790;1.05;PC; 5040.44 ;1;1;8362
HR125LB ;HRNG 10000 1X3 3/8 ;73269090;2503799;1.05;PC; 5040.44 ;1;1;8362
HR125LB ;HRNG 10000 1X3 1/2 ;73269090;2503808;1.05;PC; 5040.44 ;1;1;8362
HR125LB ;HRNG 10000 1X3 5/8 ;73269090;2503817;1.05;PC; 5040.44 ;1;1;8362
HR125LB ;HRNG 10000 1X3 3/4 ;73269090;2503826;1.05;PC; 5040.44 ;1;1;8362
HR125LB ;HRNG 10000 1X3 7/8 ;73269090;2503835;1.05;PC; 5040.44 ;1;1;8362
HR125LB ;HRNG 10000 1X4 1/8 ;73269090;2503844;1.05;PC; 5040.44 ;1;1;8362
HR125LB ;HRNG 10000 1X4 1/4 ;73269090;2503853;1.05;PC; 5040.44 ;1;1;8362
HR125LB ;HRNG 10000 1X4 3/8 ;73269090;2503862;1.05;PC; 5040.44 ;1;1;8362
HR125LB ;HRNG 10000 1X4 1/2 ;73269090;2503871;1.05;PC; 5040.44 ;1;1;8362
HR125LB ;HRNG 10000 1X4 5/8 ;73269090;2503880;1.05;PC; 5040.44 ;1;1;8362
HR125LB ;HRNG 10000 1X4 3/4 ;73269090;2503889;1.05;PC; 5040.44 ;1;1;8362
HR125LB ;HRNG 10000 1X4 7/8 ;73269090;2503898;1.05;PC; 5040.44 ;1;1;8362
HR125LB ;HRNG 10000 1X5     ;73269090;2503907;1.05;PC; 5040.44 ;1;1;8362
HR125LB ;HRNG 10000 1X5 1/8 ;73269090;2503916;1.05;PC; 5040.44 ;1;1;8362
HR125LB ;HRNG 10000 1X5 1/4 ;73269090;2503925;1.05;PC; 5040.44 ;1;1;8362
HR125LB ;HRNG 10000 1X5 3/8 ;73269090;2503934;1.05;PC; 5040.44 ;1;1;8362
HR125LB ;HRNG 10000 1X5 1/2 ;73269090;2503943;1.05;PC; 5040.44 ;1;1;8362
HR125LB ;HRNG 10000 1X5 5/8 ;73269090;2503952;1.05;PC; 5040.44 ;1;1;8362
HR125LB ;HRNG 10000 1X5 3/4 ;73269090;2503961;1.05;PC; 5040.44 ;1;1;8362
HR125LB ;HRNG 10000 1X5 7/8 ;73269090;2503970;1.05;PC; 5040.44 ;1;1;8362
HR125LB ;HRNG 10000 1X6     ;73269090;2503979;1.05;PC; 5040.44 ;1;1;8362
HR125LB ;HRNG 10000 1X6 1/8 ;73269090;2503988;1.05;PC; 5040.44 ;1;1;8362
HR125LB ;HRNG 10000 1X6 1/4 ;73269090;2503997;1.05;PC; 5040.44 ;1;1;8362
HR125LB ;HRNG 10000 1X6 3/8 ;73269090;2504006;1.05;PC; 5040.44 ;1;1;8362
HR125LB ;HRNG 10000 1X6 1/2 ;73269090;2504015;1.05;PC; 5040.44 ;1;1;8362
HR125LB ;HRNG 10000 1X6 5/8 ;73269090;2504024;1.05;PC; 5040.44 ;1;1;8362
HR125LB ;HRNG 10000 1X6 3/4 ;73269090;2504033;1.05;PC; 5040.44 ;1;1;8362
HR125LB ;HRNG 10000 1X6 7/8 ;73269090;2504042;1.05;PC; 5040.44 ;1;1;8362
HR125LB ;HRNG 10000 1X7     ;73269090;2504051;1.05;PC; 5040.44 ;1;1;8362
HR125LB ;HRNG 10000 1X7 1/8 ;73269090;2504060;1.05;PC; 5040.44 ;1;1;8362
HR125LB ;HRNG 10000 1X7 1/4 ;73269090;2504069;1.05;PC; 5040.44 ;1;1;8362
HR125LB ;HRNG 10000 1X7 3/8 ;73269090;2504078;1.05;PC; 5040.44 ;1;1;8362
HR125LB ;HRNG 10000 1X7 1/2 ;73269090;2504087;1.05;PC; 5040.44 ;1;1;8362
HR125LB ;HRNG 10000 1X7 5/8 ;73269090;2504096;1.05;PC; 5040.44 ;1;1;8362
HR125LB ;HRNG 10000 1X7 3/4 ;73269090;2504105;1.05;PC; 5040.44 ;1;1;8362
HR125LB ;HRNG 10000 1X7 7/8 ;73269090;2504114;1.05;PC; 5040.44 ;1;1;8362
HR125LB ;HRNG 10000 1X8     ;73269090;2504123;1.05;PC; 5040.44 ;1;1;8362
HR125LB ;HRNG 10000 1X8 1/8 ;73269090;2504132;1.05;PC; 5040.44 ;1;1;8362
HR125LB ;HRNG 10000 1X8 1/4 ;73269090;2504141;1.05;PC; 5040.44 ;1;1;8362
HR125LB ;HRNG 10000 1X8 3/8 ;73269090;2504150;1.05;PC; 5040.44 ;1;1;8362
HR125LB ;HRNG 10000 1X8 1/2 ;73269090;2504159;1.05;PC; 5040.44 ;1;1;8362
HR125LB ;HRNG 10000 1X8 5/8 ;73269090;2504168;1.05;PC; 5040.44 ;1;1;8362
HR125LB ;HRNG 10000 1X8 3/4 ;73269090;2504177;1.05;PC; 5040.44 ;1;1;8362
HR125LB ;HRNG 10000 1X8 7/8 ;73269090;2504186;1.05;PC; 5040.44 ;1;1;8362
HR125LB ;HRNG 10000 1X9     ;73269090;2504195;1.05;PC; 5040.44 ;1;1;8362
HR125LB ;HRNG 10000 1X9 1/8 ;73269090;2504204;1.05;PC; 5040.44 ;1;1;8362
HR125LB ;HRNG 10000 1X9 1/4 ;73269090;2504213;1.05;PC; 5040.44 ;1;1;8362
HR125LB ;HRNG 10000 1X9 3/8 ;73269090;2504222;1.05;PC; 5040.44 ;1;1;8362
HR125LB ;HRNG 10000 1X9 1/2 ;73269090;2504231;1.05;PC; 5040.44 ;1;1;8362
HR125LB ;HRNG 10000 1X9 5/8 ;73269090;2504240;1.05;PC; 5040.44 ;1;1;8362
HR125LB ;HRNG 10000 1X9 3/4 ;73269090;2504249;1.05;PC; 5040.44 ;1;1;8362
HR125LB ;HRNG 10000 1X9 7/8 ;73269090;2504258;1.05;PC; 5040.44 ;1;1;8362
HR125LB ;HRNG 10000 1X10    ;73269090;2504267;1.05;PC; 5040.44 ;1;1;8362
HR125LB ;HRNG 10000 1X10 1/8;73269090;2504276;1.05;PC; 5040.44 ;1;1;8362
HR125LB ;HRNG 10000 1X10 1/4;73269090;2504285;1.05;PC; 5040.44 ;1;1;8362
HR125LB ;HRNG 10000 1X10 3/8;73269090;2504294;1.05;PC; 5040.44 ;1;1;8362
HR125LB ;HRNG 10000 1X10 1/2;73269090;2504303;1.05;PC; 5040.44 ;1;1;8362
HR125LB ;HRNG 10000 1X10 5/8;73269090;2504312;1.05;PC; 5040.44 ;1;1;8362
HR125LB ;HRNG 10000 1X10 3/4;73269090;2504321;1.05;PC; 5040.44 ;1;1;8362
HR125LB ;HRNG 10000 1X10 7/8;73269090;2504330;1.05;PC; 5040.44 ;1;1;8362
HR125LB ;HRNG 10000 1X11    ;73269090;2504339;1.05;PC; 5040.44 ;1;1;8362
HR125LB ;HRNG 10000 1X11 1/8;73269090;2504348;1.05;PC; 5040.44 ;1;1;8362
HR125LB ;HRNG 10000 1X11 1/4;73269090;2504357;1.05;PC; 5040.44 ;1;1;8362
HR125LB ;HRNG 10000 1X11 3/8;73269090;2504366;1.05;PC; 5040.44 ;1;1;8362
HR125LB ;HRNG 10000 1X11 1/2;73269090;2504375;1.05;PC; 5040.44 ;1;1;8362
HR125LB ;HRNG 10000 1X11 5/8;73269090;2504384;1.05;PC; 5040.44 ;1;1;8362
HR125LB ;HRNG 10000 1X11 3/4;73269090;2504393;1.05;PC; 5040.44 ;1;1;8362
HR125LB ;HRNG 10000 1X11 7/8;73269090;2504402;1.05;PC; 5040.44 ;1;1;8362
HR125LB ;HRNG 10000 1X12    ;73269090;2504411;1.05;PC; 5040.44 ;1;1;8362
HR125LB ;HRNG15K 1 1/4X4 5/8;73269090;2504420;1.05;PC; 8801.53 ;1;1;14602
HR125LB ;HRNG15K 1 1/4X4 3/4;73269090;2504429;1.05;PC; 8801.53 ;1;1;14602
HR125LB ;HRNG15K 1 1/4X4 7/8;73269090;2504438;1.05;PC; 8801.53 ;1;1;14602
HR125LB ;HRNG 15K 1 1/4X5   ;73269090;2504447;1.05;PC; 8801.53 ;1;1;14602
HR125LB ;HRNG15K 1 1/4X5 1/8;73269090;2504456;1.05;PC; 8801.53 ;1;1;14602
HR125LB ;HRNG15K 1 1/4X5 1/4;73269090;2504465;1.05;PC; 8801.53 ;1;1;14602
HR125LB ;HRNG15K 1 1/4X5 3/8;73269090;2504474;1.05;PC; 8801.53 ;1;1;14602
HR125LB ;HRNG15K 1 1/4X5 1/2;73269090;2504483;1.05;PC; 8801.53 ;1;1;14602
HR125LB ;HRNG15K 1 1/4X5 5/8;73269090;2504492;1.05;PC; 8801.53 ;1;1;14602
HR125LB ;HRNG15K 1 1/4X5 3/4;73269090;2504501;1.05;PC; 8801.53 ;1;1;14602
HR125LB ;HRNG15K 1 1/4X5 7/8;73269090;2504510;1.05;PC; 8801.53 ;1;1;14602
HR125LB ;HRNG 15K 1 1/4X6   ;73269090;2504519;1.05;PC; 8801.53 ;1;1;14602
HR125LB ;HRNG15K 1 1/4X6 1/8;73269090;2504528;1.05;PC; 8801.53 ;1;1;14602
HR125LB ;HRNG15K 1 1/4X6 1/4;73269090;2504537;1.05;PC; 8801.53 ;1;1;14602
HR125LB ;HRNG15K 1 1/4X6 3/8;73269090;2504546;1.05;PC; 8801.53 ;1;1;14602
HR125LB ;HRNG15K 1 1/4X6 1/2;73269090;2504555;1.05;PC; 8801.53 ;1;1;14602
HR125LB ;HRNG15K 1 1/4X6 5/8;73269090;2504564;1.05;PC; 8801.53 ;1;1;14602
HR125LB ;HRNG15K 1 1/4X6 3/4;73269090;2504573;1.05;PC; 8801.53 ;1;1;14602
HR125LB ;HRNG15K 1 1/4X6 7/8;73269090;2504582;1.05;PC; 8801.53 ;1;1;14602
HR125LB ;HRNG 15K 1 1/4X7   ;73269090;2504591;1.05;PC; 8801.53 ;1;1;14602
HR125LB ;HRNG15K 1 1/4X7 1/8;73269090;2504600;1.05;PC; 8801.53 ;1;1;14602
HR125LB ;HRNG15K 1 1/4X7 1/4;73269090;2504609;1.05;PC; 8801.53 ;1;1;14602
HR125LB ;HRNG15K 1 1/4X7 3/8;73269090;2504618;1.05;PC; 8801.53 ;1;1;14602
HR125LB ;HRNG15K 1 1/4X7 1/2;73269090;2504627;1.05;PC; 8801.53 ;1;1;14602
HR125LB ;HRNG15K 1 1/4X7 5/8;73269090;2504636;1.05;PC; 8801.53 ;1;1;14602
HR125LB ;HRNG15K 1 1/4X7 3/4;73269090;2504645;1.05;PC; 8801.53 ;1;1;14602
HR125LB ;HRNG15K 1 1/4X7 7/8;73269090;2504654;1.05;PC; 8801.53 ;1;1;14602
HR125LB ;HRNG 15K 1 1/4X8   ;73269090;2504663;1.05;PC; 8801.53 ;1;1;14602
HR125LB ;HRNG15K 1 1/4X8 1/8;73269090;2504672;1.05;PC; 8801.53 ;1;1;14602
HR125LB ;HRNG15K 1 1/4X8 1/4;73269090;2504681;1.05;PC; 8801.53 ;1;1;14602
HR125LB ;HRNG15K 1 1/4X8 3/8;73269090;2504690;1.05;PC; 8801.53 ;1;1;14602
HR125LB ;HRNG15K 1 1/4X8 1/2;73269090;2504699;1.05;PC; 8801.53 ;1;1;14602
HR125LB ;HRNG15K 1 1/4X8 5/8;73269090;2504708;1.05;PC; 8801.53 ;1;1;14602
HR125LB ;HRNG15K 1 1/4X8 3/4;73269090;2504717;1.05;PC; 8801.53 ;1;1;14602
HR125LB ;HRNG15K 1 1/4X8 7/8;73269090;2504726;1.05;PC; 8801.53 ;1;1;14602
HR125LB ;HRNG 15K 1 1/4X9   ;73269090;2504735;1.05;PC; 8801.53 ;1;1;14602
HR125LB ;HRNG15K 1 1/4X9 1/8;73269090;2504744;1.05;PC; 8801.53 ;1;1;14602
HR125LB ;HRNG15K 1 1/4X9 1/4;73269090;2504753;1.05;PC; 8801.53 ;1;1;14602
HR125LB ;HRNG15K 1 1/4X9 3/8;73269090;2504762;1.05;PC; 8801.53 ;1;1;14602
HR125LB ;HRNG15K 1 1/4X9 1/2;73269090;2504771;1.05;PC; 8801.53 ;1;1;14602
HR125LB ;HRNG15K 1 1/4X9 5/8;73269090;2504780;1.05;PC; 8801.53 ;1;1;14602
HR125LB ;HRNG15K 1 1/4X9 3/4;73269090;2504789;1.05;PC; 8801.53 ;1;1;14602
HR125LB ;HRNG15K 1 1/4X9 7/8;73269090;2504798;1.05;PC; 8801.53 ;1;1;14602
HR125LB ;HRNG 15K 1 1/4X10  ;73269090;2504807;1.05;PC; 8801.53 ;1;1;14602
HR125LB ;HR 15K 1 1/4X10 1/8;73269090;2504816;1.05;PC; 8801.53 ;1;1;14602
HR125LB ;HR 15K 1 1/4X10 1/4;73269090;2504825;1.05;PC; 8801.53 ;1;1;14602
HR125LB ;HR 15K 1 1/4X10 3/8;73269090;2504834;1.05;PC; 8801.53 ;1;1;14602
HR125LB ;HR 15K 1 1/4X10 1/2;73269090;2504843;1.05;PC; 8801.53 ;1;1;14602
HR125LB ;HR 15K 1 1/4X10 5/8;73269090;2504852;1.05;PC; 8801.53 ;1;1;14602
HR125LB ;HR 15K 1 1/4X10 3/4;73269090;2504861;1.05;PC; 8801.53 ;1;1;14602
HR125LB ;HR 15K 1 1/4X10 7/8;73269090;2504870;1.05;PC; 8801.53 ;1;1;14602
HR125LB ;HRNG 15K 1 1/4X11  ;73269090;2504879;1.05;PC; 8801.53 ;1;1;14602
HR125LB ;HR 24K 1 1/2X6 7/8 ;73269090;2504888;1.05;PC; 11523.75 ;1;1;19118
HR125LB ;HRNG 24000 1 1/2X7 ;73269090;2504897;1.05;PC; 11523.75 ;1;1;19118
HR125LB ;HR 24K 1 1/2X7 1/8 ;73269090;2504906;1.05;PC; 11523.75 ;1;1;19118
HR125LB ;HR 24K 1 1/2X7 1/4 ;73269090;2504915;1.05;PC; 11523.75 ;1;1;19118
HR125LB ;HR 24K 1 1/2X7 3/8 ;73269090;2504924;1.05;PC; 11523.75 ;1;1;19118
HR125LB ;HR 24K 1 1/2X7 1/2 ;73269090;2504933;1.05;PC; 11523.75 ;1;1;19118
HR125LB ;HR 24K 1 1/2X7 5/8 ;73269090;2504942;1.05;PC; 11523.75 ;1;1;19118
HR125LB ;HR 24K 1 1/2X7 3/4 ;73269090;2504951;1.05;PC; 11523.75 ;1;1;19118
HR125LB ;HR 24K 1 1/2X7 7/8 ;73269090;2504960;1.05;PC; 11523.75 ;1;1;19118
HR125LB ;HRNG 24000 1 1/2X8 ;73269090;2504969;1.05;PC; 11523.75 ;1;1;19118
HR125LB ;HR 24K 1 1/2X8 1/8 ;73269090;2504978;1.05;PC; 11523.75 ;1;1;19118
HR125LB ;HR 24K 1 1/2X8 1/4 ;73269090;2504987;1.05;PC; 11523.75 ;1;1;19118
HR125LB ;HR 24K 1 1/2X8 3/8 ;73269090;2504996;1.05;PC; 11523.75 ;1;1;19118
HR125LB ;HR 24K 1 1/2X8 1/2 ;73269090;2505005;1.05;PC; 11523.75 ;1;1;19118
HR125LB ;HR 24K 1 1/2X8 5/8 ;73269090;2505014;1.05;PC; 11523.75 ;1;1;19118
HR125LB ;HR 24K 1 1/2X8 3/4 ;73269090;2505023;1.05;PC; 11523.75 ;1;1;19118
HR125LB ;HR 24K 1 1/2X8 7/8 ;73269090;2505032;1.05;PC; 11523.75 ;1;1;19118
HR125LB ;HRNG 24000 1 1/2X9 ;73269090;2505041;1.05;PC; 11523.75 ;1;1;19118
HR125LB ;HR 24K 1 1/2X9 1/8 ;73269090;2505050;1.05;PC; 11523.75 ;1;1;19118
HR125LB ;HR 24K 1 1/2X9 1/4 ;73269090;2505059;1.05;PC; 11523.75 ;1;1;19118
HR125LB ;HR 24K 1 1/2X9 3/8 ;73269090;2505068;1.05;PC; 11523.75 ;1;1;19118
HR125LB ;HR 24K 1 1/2X9 1/2 ;73269090;2505077;1.05;PC; 11523.75 ;1;1;19118
HR125LB ;HR 24K 1 1/2X9 5/8 ;73269090;2505086;1.05;PC; 11523.75 ;1;1;19118
HR125LB ;HR 24K 1 1/2X9 3/4 ;73269090;2505095;1.05;PC; 11523.75 ;1;1;19118
HR125LB ;HR 24K 1 1/2X9 7/8 ;73269090;2505104;1.05;PC; 11523.75 ;1;1;19118
HR125LB ;HRNG 24000 1 1/2X10;73269090;2505113;1.05;PC; 11523.75 ;1;1;19118
HR125LB ;HR 24K 1 1/2X10 1/8;73269090;2505122;1.05;PC; 11523.75 ;1;1;19118
HR125LB ;HR 24K 1 1/2X10 1/4;73269090;2505131;1.05;PC; 11523.75 ;1;1;19118
HR125LB ;HR 24K 1 1/2X10 3/8;73269090;2505140;1.05;PC; 11523.75 ;1;1;19118
HR125LB ;HR 24K 1 1/2X10 1/2;73269090;2505149;1.05;PC; 11523.75 ;1;1;19118
HR125LB ;HR 24K 1 1/2X10 5/8;73269090;2505158;1.05;PC; 11523.75 ;1;1;19118
HR125LB ;HR 24K 1 1/2X10 3/4;73269090;2505167;1.05;PC; 11523.75 ;1;1;19118
HR125LB ;HR 24K 1 1/2X10 7/8;73269090;2505176;1.05;PC; 11523.75 ;1;1;19118
HR125LB ;HRNG 24000 1 1/2X11;73269090;2505185;1.05;PC; 11523.75 ;1;1;19118
HR125LB ;HR 24K 1 1/2X11 1/8;73269090;2505194;1.05;PC; 11523.75 ;1;1;19118
HR125LB ;HR 24K 1 1/2X11 1/4;73269090;2505203;1.05;PC; 11523.75 ;1;1;19118
HR125LB ;HR 24K 1 1/2X11 3/8;73269090;2505212;1.05;PC; 11523.75 ;1;1;19118
HR125LB ;HR 24K 1 1/2X11 1/2;73269090;2505221;1.05;PC; 11523.75 ;1;1;19118
HR125LB ;HR 24K 1 1/2X11 5/8;73269090;2505230;1.05;PC; 11523.75 ;1;1;19118
HR125LB ;HR 24K 1 1/2X11 7/8;73269090;2505248;1.05;PC; 11523.75 ;1;1;19118
HR125LB ;HRNG 24000 1 1/2X12;73269090;2505257;1.05;PC; 11523.75 ;1;1;19118
HR125LB ;HRNG 30000 2X6 7/8 ;73269090;2505266;1.05;PC; 13591.87 ;1;1;22549
HR125LB ;HRNG 30000 2X7     ;73269090;2505275;1.05;PC; 13591.87 ;1;1;22549
HR125LB ;HRNG 30000 2X7 1/8 ;73269090;2505284;1.05;PC; 13591.87 ;1;1;22549
HR125LB ;HRNG 30000 2X7 1/4 ;73269090;2505293;1.05;PC; 13591.87 ;1;1;22549
HR125LB ;HRNG 30000 2X7 3/8 ;73269090;2505302;1.05;PC; 13591.87 ;1;1;22549
HR125LB ;HRNG 30000 2X7 1/2 ;73269090;2505311;1.05;PC; 13591.87 ;1;1;22549
HR125LB ;HRNG 30000 2X7 5/8 ;73269090;2505320;1.05;PC; 13591.87 ;1;1;22549
HR125LB ;HRNG 30000 2X7 3/4 ;73269090;2505329;1.05;PC; 13591.87 ;1;1;22549
HR125LB ;HRNG 30000 2X7 7/8 ;73269090;2505338;1.05;PC; 13591.87 ;1;1;22549
HR125LB ;HRNG 30000 2X8     ;73269090;2505347;1.05;PC; 13591.87 ;1;1;22549
HR125LB ;HRNG 30000 2X8 1/8 ;73269090;2505356;1.05;PC; 13591.87 ;1;1;22549
HR125LB ;HRNG 30000 2X8 1/4 ;73269090;2505365;1.05;PC; 13591.87 ;1;1;22549
HR125LB ;HRNG 30000 2X8 3/8 ;73269090;2505374;1.05;PC; 13591.87 ;1;1;22549
HR125LB ;HRNG 30000 2X8 1/2 ;73269090;2505383;1.05;PC; 13591.87 ;1;1;22549
HR125LB ;HRNG 30000 2X8 5/8 ;73269090;2505392;1.05;PC; 13591.87 ;1;1;22549
HR125LB ;HRNG 30000 2X8 3/4 ;73269090;2505401;1.05;PC; 13591.87 ;1;1;22549
HR125LB ;HRNG 30000 2X8 7/8 ;73269090;2505410;1.05;PC; 13591.87 ;1;1;22549
HR125LB ;HRNG 30000 2X9     ;73269090;2505419;1.05;PC; 13591.87 ;1;1;22549
HR125LB ;HRNG 30000 2X9 1/8 ;73269090;2505428;1.05;PC; 13591.87 ;1;1;22549
HR125LB ;HRNG 30000 2X9 1/4 ;73269090;2505437;1.05;PC; 13591.87 ;1;1;22549
HR125LB ;HRNG 30000 2X9 3/8 ;73269090;2505446;1.05;PC; 13591.87 ;1;1;22549
HR125LB ;HRNG 30000 2X9 1/2 ;73269090;2505455;1.05;PC; 13591.87 ;1;1;22549
HR125LB ;HRNG 30000 2X9 5/8 ;73269090;2505464;1.05;PC; 13591.87 ;1;1;22549
HR125LB ;HRNG 30000 2X9 3/4 ;73269090;2505473;1.05;PC; 13591.87 ;1;1;22549
HR125LB ;HRNG 30000 2X9 7/8 ;73269090;2505482;1.05;PC; 13591.87 ;1;1;22549
HR125LB ;HRNG 30000 2X10    ;73269090;2505491;1.05;PC; 13591.87 ;1;1;22549
HR125LB ;HRNG 30000 2X10 1/8;73269090;2505500;1.05;PC; 13591.87 ;1;1;22549
HR125LB ;HRNG 30000 2X10 1/4;73269090;2505509;1.05;PC; 13591.87 ;1;1;22549
HR125LB ;HRNG 30000 2X10 3/8;73269090;2505518;1.05;PC; 13591.87 ;1;1;22549
HR125LB ;HRNG 30000 2X10 1/2;73269090;2505527;1.05;PC; 13591.87 ;1;1;22549
HR125LB ;HRNG 30000 2X10 5/8;73269090;2505536;1.05;PC; 13591.87 ;1;1;22549
HR125LB ;HRNG 30000 2X10 3/4;73269090;2505545;1.05;PC; 13591.87 ;1;1;22549
HR125LB ;HRNG 30000 2X10 7/8;73269090;2505554;1.05;PC; 13591.87 ;1;1;22549
HR125LB ;HRNG 30000 2X11    ;73269090;2505563;1.05;PC; 13591.87 ;1;1;22549
HR125LB ;HRNG 30000 2X11 1/8;73269090;2505572;1.05;PC; 13591.87 ;1;1;22549
HR125LB ;HRNG 30000 2X11 1/4;73269090;2505581;1.05;PC; 13591.87 ;1;1;22549
HR125LB ;HRNG 30000 2X11 3/8;73269090;2505590;1.05;PC; 13591.87 ;1;1;22549
HR125LB ;HRNG 30000 2X11 1/2;73269090;2505599;1.05;PC; 13591.87 ;1;1;22549
HR125LB ;HRNG 30000 2X11 5/8;73269090;2505608;1.05;PC; 13591.87 ;1;1;22549
HR125LB ;HRNG 30000 2X11 3/4;73269090;2505617;1.05;PC; 13591.87 ;1;1;22549
HR125LB ;HRNG 30000 2X11 7/8;73269090;2505626;1.05;PC; 13591.87 ;1;1;22549
HR125LB ;HRNG 30000 2X12    ;73269090;2505635;1.05;PC; 13591.87 ;1;1;22549
HR125M  ;HST RNG  8MM  .4 MT;73269090;1016602;1.05;PC; 1526.37 ;1;1;2532
HR125M  ;HST RNG 10MM  .45MT;73269090;1016613;1.05;PC; 1576.87 ;1;1;2616
HR125M  ;HST RNG 12MM 1.05MT;73269090;1016624;1.05;PC; 1841.68 ;1;1;3055
HR125M  ;HST RNG 16MM 1.9 MT;73269090;1016635;1.05;PC; 1967.5 ;1;1;3264
HR125M  ;HST RNG 20MM 2.15MT;73269090;1016644;1.05;PC; 2003.77 ;1;1;3324
HR125M  ;HST RNG 20MM 3.0 MT;73269090;1016657;1.05;PC; 4050.72 ;1;1;6720
HR125M  ;HST RNG 24MM 4.2 MT;73269090;1016668;1.05;PC; 4094.11 ;1;1;6792
HR125M  ;HST RNG 30MM 7.0 MT;73269090;1016679;1.05;PC; 6987.55 ;1;1;11592
HR125M  ;HST RNG 36MM 11.0MT;73269090;1016690;1.05;PC; 7820.86 ;1;1;12975
HR125M  ;HST RNG 42MM 12.5MT;73269090;1016701;1.05;PC; 9157.53 ;1;1;15192
HR125M  ;HST RNG 48MM 13.5MT;73269090;1016712;1.05;PC; 10199.1 ;1;1;16920
HR500   ;5.0T STRT PLT H-RNG;73269090;1017916;1.05;PC; 4308.97 ;1;1;7149
HRN500  ;5.0T H-RNG NUT ONLY;73269090;1063450;1.05;PC; 927.34 ;1;1;1538
M279    ;6X13M FULL THDD BLT;73269090;1045753;1.05;PC; 482.77 ;1;1;801
M279    ;8X13M FULL THDD BLT;73269090;1045789;1.05;PC; 352.02 ;1;1;584
M279    ;10X17MFULL THDD BLT;73269090;1045833;1.05;PC; 382.19 ;1;1;634
M279    ;12X20.5 FL THDD BLT;73269090;1045869;1.05;PC; 512.94 ;1;1;851
M279    ;16X27MFULL THDD BLT;73269090;1045913;1.05;PC; 543.11 ;1;1;901
M279    ;20X30MFULL THDD BLT;73269090;1045995;1.05;PC; 603.46 ;1;1;1001
M279    ;24X36MFULL THDD BLT;73269090;1046029;1.05;PC; 814.67 ;1;1;1352
M279    ;27X69.8 THDD BLT   ;73269090;1046038;1.05;PC; 873.61 ;1;1;1449
M279    ;30X45MFULL THDD BLT;73269090;1046075;1.05;PC; 927.83 ;1;1;1539
M279    ;36X54MFULL THDD BLT;73269090;1046109;1.05;PC; 2469.69 ;1;1;4097
M279    ;42X95.2 THDD BLT   ;73269090;1046118;1.05;PC; 3060.05 ;1;1;5077
M279    ;48X102  THDD BLT   ;73269090;1046127;1.05;PC; 3314.38 ;1;1;5499
M279    ;64X127  THDD BLT   ;73269090;1046136;1.05;PC; 5186.85 ;1;1;8605
S264;S264 PAD EYE  0;73269090;1090722;1.05;PC; 55.8 ;1;1;93
S264;S264 PAD EYE  1;73269090;1090740;1.05;PC; 59.96 ;1;1;99
S264;S264 PAD EYE  1-1/2;73269090;1090768;1.05;PC; 67.33 ;1;1;112
S264;S264 PAD EYE  2;73269090;1090786;1.05;PC; 69.26 ;1;1;115
S264    ; 4 PAD EYE         ;73269090;1090802;1.05;PC; 65.75 ;1;1;109
S264    ; 5 PAD EYE         ;73269090;1090820;1.05;PC; 112.27 ;1;1;186
S265    ;1.2M TN WELD-ON LNK;73269090;1290839;1.05;PC; 234.8 ;1;1;390
S265    ;3.2M TN WELD-ON LNK;73269090;1290848;1.05;PC; 270.97 ;1;1;450
S265    ;5.3M TN WELD-ON LNK;73269090;1290857;1.05;PC; 543.48 ;1;1;902
S265    ;8.0M TN WELD-ON LNK;73269090;1290866;1.05;PC; 783.77 ;1;1;1300
S265    ;15M TN WELD-ON LNK ;73269090;1290875;1.05;PC; 1059.27 ;1;1;1757
S279;S279 9.52T MACH EYE BOLT 2-1/2-4 X 5.00;73269090;9900298;1.05;PC; 17124.09 ;1;1;28409
S279    ;3/8X 1-1/4 BLT FULL;73269090;9900208;1.05;PC; 402.31 ;1;1;667
S279    ;1/2X 1-1/2 BLT FULL;73269090;9900217;1.05;PC; 437.51 ;1;1;726
S279    ;5/8X 1-3/4 BLT FULL;73269090;9900226;1.05;PC; 427.45 ;1;1;709
S279    ;3/4X 2 BLT FULL THD;73269090;9900235;1.05;PC; 452.59 ;1;1;751
S279    ;7/8X 2-1/4 BLT FULL;73269090;9900244;1.05;PC; 678.89 ;1;1;1126
S279    ;1X 2-1/2 BLT FULL  ;73269090;9900253;1.05;PC; 729.18 ;1;1;1210
S279    ;1-1/8X2-3/4 BLT FUL;73269090;9900257;1.05;PC; 1257.21 ;1;1;2086
S279    ;1-1/4X 3 BLT FULL  ;73269090;9900262;1.05;PC; 1089.06 ;1;1;1807
S279    ;1-1/2X3-1/2 BLT FUL;73269090;9900271;1.05;PC; 927.83 ;1;1;1539
S279    ;1-3/4X3-3/4 BLT FUL;73269090;9900280;1.05;PC; 3060.05 ;1;1;5077
S279    ;2 X 4 BLT FULL     ;73269090;9900289;1.05;PC;4.059;1;1;6734
S4125   ;KT F/HR125 5/16X1.5;73269090;1015502;1.05;PC; 150.54 ;1;1;250
S4125   ;KIT F/HR125 3/8X1.5;73269090;1015533;1.05;PC; 156.22 ;1;1;259
S4125   ;KIT F/HR125 1/2X2  ;73269090;1015566;1.05;PC; 161.02 ;1;1;267
S4125   ;KIT F/HR125 1/2X2.5;73269090;1015575;1.05;PC; 194.98 ;1;1;323
S4125   ;KIT F/HR125 5/8X2  ;73269090;1015599;1.05;PC; 210.56 ;1;1;349
S4125   ;KT F/HR125 5/8X2.75;73269090;1015610;1.05;PC; 273.67 ;1;1;454
S4125   ;KT F/HR125 3/4X2.25;73269090;1015632;1.05;PC; 456.43 ;1;1;757
S4125   ;KT F FR.2  3/4X2.75;73269090;1015643;1.05;PC; 475.19 ;1;1;788
S4125   ;KT F FR.2  3/4X2.75;73269090;1015643;1.05;PC; 475.19 ;1;1;788
S4125   ;KIT F/HR125 3/4X3.5;73269090;1015676;1.05;PC; 635.83 ;1;1;1055
S4125   ;KT F/HR125 7/8X2.75;73269090;1015698;1.05;PC; 536.75 ;1;1;890
S4125   ;KIT F/HR125 7/8X3.5;73269090;1015707;1.05;PC; 578.02 ;1;1;959
S4125   ;"KIT F/HR125 1""X3.00";73269090;1015731;1.05;PC; 671.99 ;1;1;1115
S4125   ;"KIT F/HR125  1""X4.0";73269090;1015740;1.05;PC; 1008.09 ;1;1;1672
S4125   ;KT F/HR125 1.25X4.5;73269090;1015762;1.05;PC; 1126.4 ;1;1;1869
S4125   ;KIT F/HR1251.5X6.75;73269090;1015799;1.05;PC; 894.16 ;1;1;1483
S4125   ;"KIT F/HR125  2""X6.5";73269090;1015830;1.05;PC; 1916.91 ;1;1;3180
S4125M  ;KIT F/HR125M 8X40  ;73269090;1015875;1.05;PC; 192.58 ;1;1;319
S4125M  ;KIT F/HR125M10X40  ;73269090;1015884;1.05;PC; 194.02 ;1;1;322
S4125M  ;KIT F/HR125M12X50  ;73269090;1015897;1.05;PC; 161.7 ;1;1;268
S4125M  ;KIT F/HR125M16X60  ;73269090;1015906;1.05;PC; 167.18 ;1;1;277
S4125M  ;KIT F/HR125M20X65  ;73269090;1015919;1.05;PC; 199.21 ;1;1;330
S4125M  ;KIT F/HR125M20X75  ;73269090;1015930;1.05;PC; 496.35 ;1;1;823
S4125M  ;KIT F/HR125M24X80  ;73269090;1015941;1.05;PC; 348.31 ;1;1;578
S4125M  ;KIT F/HR125M30X120 ;73269090;1015952;1.05;PC; 861.88 ;1;1;1430
S4125M  ;KIT F/HR125M36X150 ;73269090;1015963;1.05;PC; 932.1 ;1;1;1546
S4125M  ;KIT F/HR125M42X160 ;73269090;1015974;1.05;PC; 1776.66 ;1;1;2947
SL150;SL150 1.50T SLIDE LOC 5/8-11 X 1.62;73269090;1068425;1.05;PC; 733.18 ;1;1;1216
SL150;SL150 2.30T SLIDE LOC 3/4-10 X 2.00;73269090;1068434;1.05;PC; 899.72 ;1;1;1493
SL150;SLIDE LOC 10MM     ;73269090;1068515;1.05;PC; 558.62 ;1;1;927
SL150;SL150 0.75T SLIDE LOC M12-1.75 X 30;73269090;1068524;1.05;PC; 678.15 ;1;1;1125
SL150;SL150 1.50T SLIDE LOC M16-2.00 X 40;73269090;1068533;1.05;PC; 814.75 ;1;1;1352
SL150;SL150 2.30T SLIDE LOC M20-2.50 X 50;73269090;1068542;1.05;PC; 1018.32 ;1;1;1689
SL150;SL150 3.20T SLIDE LOC M24-3.00 X 60;73269090;1068551;1.05;PC; 1399.49 ;1;1;2322
SL150   ;SLIDE LOC 3/8X     ;73269090;1068407;1.05;PC; 558.62 ;1;1;927
SL150   ;SLIDE LOC 1/2X     ;73269090;1068416;1.05;PC; 608.77 ;1;1;1010
SL150   ;SLIDE LOC 7/8X     ;73269090;1068443;1.05;PC; 1010.3 ;1;1;1676
SL150   ;SLIDE LOC 1X       ;73269090;1068452;1.05;PC; 1265.86 ;1;1;2100
SS125   ;H RNG 400 5/16X1.0 ;73269090;1065000;1.05;PC; 3211.03 ;1;1;5327
SS125   ;H RNG 400 5/16X1.25;73269090;1065004;1.05;PC; 4126.62 ;1;1;6846
SS125   ;H RNG 500 3/8X1.25 ;73269090;1065008;1.05;PC; 3211.03 ;1;1;5327
SS125   ;H RNG 1250 1/2X2.0 ;73269090;1065016;1.05;PC; 4050.46 ;1;1;6720
SS125   ;H RNG 1250 1/2X2.25;73269090;1065020;1.05;PC; 5454.06 ;1;1;9048
SS125   ;H RNG 1250 1/2X2.5 ;73269090;1065024;1.05;PC; 5454.06 ;1;1;9048
SS125   ;H RNG 2000 5/8X2.0 ;73269090;1065028;1.05;PC; 4050.46 ;1;1;6720
SS125   ;H RNG 2000 5/8X2.25;73269090;1065032;1.05;PC; 5367.49 ;1;1;8905
SS125   ;H RNG 2000 5/8X2.5 ;73269090;1065036;1.05;PC; 4050.46 ;1;1;6720
SS125   ;H RNG 2500 3/4X2.25;73269090;1065040;1.05;PC; 4246.15 ;1;1;7044
SS125   ;H RNG 2500 3/4X2.75;73269090;1065044;1.05;PC; 5454.06 ;1;1;9048
SS125   ;H RNG 3500 3/4X2.75;73269090;1065048;1.05;PC; 8368.67 ;1;1;13884
SS125   ;H RNG 3500 3/4X3.25;73269090;1065052;1.05;PC; 6219.34 ;1;1;10318
SS125   ;H RNG 4000 7/8X2.75;73269090;1065056;1.05;PC; 8368.67 ;1;1;13884
SS125   ;H RNG 4000 7/8X3.0 ;73269090;1065060;1.05;PC; 6126.19 ;1;1;10163
SS125   ;H RNG 5000 1.0X3.0 ;73269090;1065064;1.05;PC; 6219.34 ;1;1;10318
SS125   ;H RNG 5000 1.0X3.25;73269090;1065068;1.05;PC; 8368.67 ;1;1;13884
SS125   ;H RNG 5000 1.0X4.0 ;73269090;1065072;1.05;PC; 8368.67 ;1;1;13884
SS125   ;H RNG 3.5T1.25X4.0 ;73269090;1065080;1.05;PC; 12501.24 ;1;1;20740
SS125   ;H RNG 6TN 1.50X5.5 ;73269090;1065084;1.05;PC; 18664.98 ;1;1;30965
SS125   ;H RNG 7.5T 2.0X5.75;73269090;1065088;1.05;PC; 22749.31 ;1;1;37741
SS125   ;H RNG 12.5T 2.50-4 ;73269090;1065092;1.05;PC; 70277.56 ;1;1;116590
SS125M  ;HST RNG  8MM  .1 MT;73269090;1065203;1.05;PC; 4338.24 ;1;1;7197
SS125M  ;HST RNG 10MM .125MT;73269090;1065207;1.05;PC; 4280.52 ;1;1;7101
SS125M  ;HST RNG 12MM  .26MT;73269090;1065211;1.05;PC; 5752.26 ;1;1;9543
SS125M  ;HST RNG 16MM  .47MT;73269090;1065215;1.05;PC; 5665.68 ;1;1;9399
SS125M  ;HST RNG 20MM  .53MT;73269090;1065219;1.05;PC; 5665.68 ;1;1;9399
SS125M  ;HST RNG 20MM  .75MT;73269090;1065223;1.05;PC; 9176.68 ;1;1;15224
SS125M  ;HST RNG 24MM 1.05MT;73269090;1065227;1.05;PC; 6950.16 ;1;1;11530
SS125M  ;HST RNG 30MM 1.05MT;73269090;1065231;1.05;PC; 9176.68 ;1;1;15224
SS125M  ;HST RNG 30MM 3.5MT ;73269090;1065235;1.05;PC; 16179.42 ;1;1;26842
SS125M  ;HST RNG 30MM 1.75MT;73269090;1065239;1.05;PC; 15852.37 ;1;1;26299
SS125M  ;HST RNG 36MM 2.75MT;73269090;1065243;1.05;PC; 24576.95 ;1;1;40773
SS125M  ;HST RNG 42MM 3.12MT;73269090;1065247;1.05;PC; 24095.99 ;1;1;39975
SS125M  ;HST RNG 48MM 3.37MT;73269090;1065251;1.05;PC; 25298.38 ;1;1;41970
SS125M  ;HST RG 64MM 11.15MT;73269090;1065255;1.05;PC; 58354.64 ;1;1;96810
G429;G429 FIST GRIP CLIP 3/4(18-20MM);73269090;1010578;1.05;PC; 317.04 ;1;1;526
G429;G429 FIST GRIP CLIP 7/8(22MM);73269090;1010596;1.05;PC; 458.81 ;1;1;761
G429    ;1 FIST CLIP        ;73269090;1010612;1.05;PC; 427.88 ;1;1;710
G429    ;1-1/8 FIST CLIP    ;73269090;1010630;1.05;PC; 519.24 ;1;1;861
G429    ;1-1/4 FIST CLIP    ;73269090;1010658;1.05;PC; 646.54 ;1;1;1073
G429    ;1-3/8-1-1/2 FS CLIP;73269090;1010676;1.05;PC; 932.38 ;1;1;1547
G429N   ;3/16-1/4 FIST CLIP ;73269090;1010471;1.05;PC; 106.61 ;1;1;177
G429N   ;5/16 FIST CLIP     ;73269090;1010499;1.05;PC; 92.92 ;1;1;154
G429N   ;3/8 FIST CLIP      ;73269090;1010514;1.05;PC; 97.83 ;1;1;162
G429N   ;7/16-1/2 FIST CLIP ;73269090;1010532;1.05;PC; 121.59 ;1;1;202
G429N   ;9/16-5/8 FIST CLIP ;73269090;1010550;1.05;PC; 171.03 ;1;1;284
G450    ;1/8 CROSBY CLIP    ;73269090;1010015;1.05;PC; 26.16 ;1;1;43
G450    ;3/16 CROSBY CLIP   ;73269090;1010033;1.05;PC; 27.9 ;1;1;46
G450    ;1/4 CROSBY CLIP    ;73269090;1010051;1.05;PC; 37.29 ;1;1;62
G450    ;5/16 CROSBY CLIP   ;73269090;1010079;1.05;PC; 40.59 ;1;1;67
G450    ;3/8 CROSBY CLIP    ;73269090;1010097;1.05;PC; 43.19 ;1;1;72
G450    ;1/2 CROSBY CLIP    ;73269090;1010131;1.05;PC; 65.74 ;1;1;109
G450    ;5/8 CROSBY CLIP    ;73269090;1010177;1.05;PC; 86.86 ;1;1;144
G450    ;3/4 CROSBY CLIP    ;73269090;1010195;1.05;PC; 113.99 ;1;1;189
G450    ;7/8 CROSBY CLIP    ;73269090;1010211;1.05;PC; 163.24 ;1;1;271
G450    ;1 CROSBY CLIP      ;73269090;1010239;1.05;PC; 189.02 ;1;1;314
G450    ;1-1/8 CROSBY CLIP  ;73269090;1010257;1.05;PC; 210.37 ;1;1;349
G450    ;1-1/4 CROSBY CLIP  ;73269090;1010275;1.05;PC; 326.38 ;1;1;541
G450    ;1-3/8 CROSBY CLIP  ;73269090;1010293;1.05;PC; 393.6 ;1;1;653
G450    ;1-1/2 CROSBY CLIP  ;73269090;1010319;1.05;PC; 423.53 ;1;1;703
G450    ;1-5/8 CROSBY CLIP  ;73269090;1010337;1.05;PC; 872.99 ;1;1;1448
G450    ;1-3/4 CROSBY CLIP  ;73269090;1010355;1.05;PC; 1198.42 ;1;1;1988
G450    ;2 CROSBY CLIP      ;73269090;1010373;1.05;PC; 1206.28 ;1;1;2001
G450    ;2-1/4 CROSBY CLIP  ;73269090;1010391;1.05;PC; 1664.69 ;1;1;2762
G450    ;2-1/2 CROSBY CLIP  ;73269090;1010417;1.05;PC; 1861.98 ;1;1;3089
G450    ;3-1/2 CROSBY CLIPS ;73269090;1010426;1.05;PC; 8522.57 ;1;1;14139
G450    ;2-3/4 CROSBY CLIP  ;73269090;1010435;1.05;PC; 4155.48 ;1;1;6894
G450    ;3 CROSBY CLIP      ;73269090;1010453;1.05;PC; 5155.87 ;1;1;8554
G460    ;"3/4"" BUNDLE CLIP   ";73269090;1010509;1.05;PC; 271.3 ;1;1;450
G461    ;"3/4"" BUNDLE CLIP   ";73269090;1010619;1.05;PC; 299.64 ;1;1;497
A1328;A1328 EYE GRAB HOOK 5/16(8MM) G10;73269090;1026169;1.05;PC; 242.95 ;1;1;403
A1328;A1328 EYE GRAB HOOK 3/8(10MM) G10;73269090;1026187;1.05;PC; 320.78 ;1;1;532
A1328;A1328 EYE GRAB HOOK 3/4(20MM) G10;73269090;1026214;1.05;PC; 897.53 ;1;1;1489
A1328;A1328 EYE GRAB HOOK 1-1/4(32MM) G10;73269090;1026241;1.05;PC; 3978.53 ;1;1;6600
A1328   ;1/2 EYE GRB HK G100;73269090;1026196;1.05;PC; 412.7 ;1;1;685
A1328   ;5/8 EYE GRB HK G100;73269090;1026205;1.05;PC; 634.07 ;1;1;1052
A1328   ;7/8 EYE GRB HK G100;73269090;1026223;1.05;PC; 1223.02 ;1;1;2029
A1328   ;"1"" EYE GRB HK      ";73269090;1026232;1.05;PC; 3076.65 ;1;1;5104
A1329   ;1/4(5/16)EYE FOUNDY;73269090;1026280;1.05;PC; 864.79 ;1;1;1435
A1329   ;3/8 EYE FOUNDRY HK ;73269090;1026289;1.05;PC; 1152.22 ;1;1;1912
A1329   ;1/2 EYE FOUNDRY HK ;73269090;1026297;1.05;PC; 1385.78 ;1;1;2299
A1329   ;5/8 EYE FOUNDRY HK ;73269090;1026306;1.05;PC; 1724.16 ;1;1;2860
A1329   ;3/4 EYE FOUNDRY HK ;73269090;1026315;1.05;PC; 4069.42 ;1;1;6751
A1329   ;7/8 EYE FOUNDRY HK ;73269090;1026324;1.05;PC; 6003.61 ;1;1;9960
A1329   ;"1"" EYE FOUNDRY HK  ";73269090;1026333;1.05;PC; 13053.58 ;1;1;21656
A1329   ;"1 1/4"" EYE FOUND HK";73269090;1026342;1.05;PC; 41640.18 ;1;1;69081
A1337   ;1/4 W 7MM LK-A-LOY ;73159000;1015104;1.0975;PC; 209.71 ;1;1;364
A1337   ;5/16 W 8MM LK-A-LOY;73159000;1015113;1.0975;PC; 229.3 ;1;1;398
A1337   ;3/8 W 10MM LK-A-LOY;73159000;1015122;1.0975;PC; 249.4 ;1;1;432
A1337   ;1/2(13MM) LOK-A-LOY;73159000;1015136;1.0975;PC; 392.02 ;1;1;680
A1337   ;5/8(16MM) LOK-A-LOY;73159000;1015145;1.0975;PC; 548.42 ;1;1;951
A1337   ;3/4(20MM) LOK-A-LOY;73159000;1015154;1.0975;PC; 873.9 ;1;1;1515
A1337   ;7/8(22MM) LOK-A-LOY;73159000;1015163;1.0975;PC; 1250.54 ;1;1;2168
A1337   ; 1 (26MM) LOK-A-LOY;73159000;1015172;1.0975;PC; 2274.11 ;1;1;3943
A1337   ;1-1/4(32MM)LK-A-LOY;73159000;1015181;1.0975;PC; 3258.81 ;1;1;5651
A1338   ;1/4 CLV GRB HK G100;73269090;1049417;1.05;PC; 319.52 ;1;1;530
A1338   ;5/16CLV GRB HK G100;73269090;1049426;1.05;PC; 342.33 ;1;1;568
A1338   ;3/8 CLV GRB HK G100;73269090;1049435;1.05;PC; 401.29 ;1;1;666
A1338   ;1/2 CLV GRB HK G100;73269090;1049444;1.05;PC; 736.54 ;1;1;1222
A1338   ;5/8 CLV GRB HK G100;73269090;1049453;1.05;PC; 951.88 ;1;1;1579
A1348;A1348 EYE CRDL GRAB HOOK 3/8(10MM) G10;73269090;1026209;1.05;PC; 261.93 ;1;1;435
A1348;A1348 EYE CRDL GRAB HOOK 1/2(13MM) G10;73269090;1026218;1.05;PC; 360.08 ;1;1;597
A1348;A1348 EYE CRDL GRAB HOOK 5/8(16MM) G10;73269090;1026227;1.05;PC; 797.09 ;1;1;1322
A1355;A1355 CHAIN CHOKER HOOK 5/16(8MM) G10;73269090;1015204;1.05;PC; 360.36 ;1;1;598
A1355   ;10MM CH CHOKER HOOK;73269090;1015213;1.05;PC; 487.35 ;1;1;809
A1355   ;13MM CH CHOKER HK  ;73269090;1015222;1.05;PC; 601.26 ;1;1;997
A1355   ;16MM CH CHOKER HK  ;73269090;1015231;1.05;PC; 895.21 ;1;1;1485
A1358   ;1/4 CLV GRB HK G100;73269090;1049610;1.05;PC; 262.68 ;1;1;436
A1358   ;5/16CLV GRB HK G100;73269090;1049629;1.05;PC; 281.82 ;1;1;468
A1358   ;3/8 CLV GRB HK G100;73269090;1049638;1.05;PC; 307.46 ;1;1;510
A1358   ;1/2 CLV GRB HK G100;73269090;1049647;1.05;PC; 562.04 ;1;1;932
A1358   ;5/8 CLV GRB HK G100;73269090;1049656;1.05;PC; 838.86 ;1;1;1392
A1359   ;.250 CLEV FNDRY HK ;73269090;1049907;1.05;PC; 565.48 ;1;1;938
A1359   ;.312 CLEV FNDRY HK ;73269090;1049911;1.05;PC; 590.17 ;1;1;979
A1359   ;.375 CLEV FNDRY HK ;73269090;1049916;1.05;PC; 707.37 ;1;1;1174
A1359   ;.500 CLEV FNDRY HK ;73269090;1049925;1.05;PC; 945.94 ;1;1;1569
A1359   ;.625 CLEV FNDRY HK ;73269090;1049934;1.05;PC; 1894.94 ;1;1;3144
A1359   ;.750 CLEV FNDRY HK ;73269090;1049943;1.05;PC; 4873.06 ;1;1;8084
A1359   ;.875 CLEV FNDRY HK ;73269090;1049952;1.05;PC; 11751.35 ;1;1;19495
A323    ;3/8 AL EYE GRAB HK ;73269090;1026428;1.05;PC; 105.77 ;1;1;175
A323    ;1/2 AL EYE GRAB HK ;73269090;1026464;1.05;PC; 200.98 ;1;1;333
A323    ;5/8 AL EYE GRAB HK ;73269090;1026482;1.05;PC; 333.58 ;1;1;553
A323    ;3/4 AL EYE GRAB HK ;73269090;1026507;1.05;PC; 620.49 ;1;1;1029
A330;A330 CLEVIS GRAB HOOK 1/4(7MM) G8;73269090;1027249;1.05;PC; 180.59 ;1;1;300
A330;A330 CLEVIS GRAB HOOK 5/16(8MM) G8;73269090;1027267;1.05;PC; 264.41 ;1;1;439
A330;A330 CLEVIS GRAB HOOK 3/8(10MM) G8;73269090;1027285;1.05;PC; 205.96 ;1;1;342
A330;A330 CLEVIS GRAB HOOK 1/2(13MM) G8;73269090;1027329;1.05;PC; 277.65 ;1;1;461
A330    ;5/8 AL CLVS GRAB HK;73269090;1027347;1.05;PC; 448.15 ;1;1;743
A330    ;3/4 AL CLVS GRAB HK;73269090;1027365;1.05;PC; 698.26 ;1;1;1158
A331;A331 CLEVIS SLIP HOOK 1/4(7MM) G6;73269090;1027524;1.05;PC; 376.9 ;1;1;625
A331;A331 CLEVIS SLIP HOOK 5/16(8MM) G6;73269090;1027542;1.05;PC; 404.48 ;1;1;671
A331;A331 CLEVIS SLIP HOOK 3/8(10MM) G6;73269090;1027560;1.05;PC; 397.03 ;1;1;659
A331;A331 CLEVIS SLIP HOOK 5/8(16MM) G6;73269090;1027622;1.05;PC; 791.58 ;1;1;1313
A331    ;7/16 AL CLV SLIP HK;73269090;1027588;1.05;PC; 483.39 ;1;1;802
A331    ;1/2 AL CLVS SLIP HK;73269090;1027604;1.05;PC; 341.6 ;1;1;567
A331    ;3/4 AL CLVS SLIP HK;73269090;1027640;1.05;PC; 1251.87 ;1;1;2077
A336;A336 LOK-A-LOY 7/8(22MM) G6;73269090;1014495;1.05;PC; 2952.47 ;1;1;4898
A336    ;1/4 LOK-A-LOY LINK ;73159000;1014397;1.0975;PC; 237.82 ;1;1;412
A336    ;3/8 LOK-A-LOY LINK ;73159000;1014413;1.0975;PC; 245.43 ;1;1;426
A336    ;1/2 LOK-A-LOY LINK ;73159000;1014431;1.0975;PC; 368.48 ;1;1;639
A336    ;5/8 LOK-A-LOY LINK ;73159000;1014459;1.0975;PC; 558.05 ;1;1;968
A336    ;3/4 LOK-A-LOY LINK ;73159000;1014477;1.0975;PC; 766.96 ;1;1;1330
A336    ;1 LOK-A-LOY LINK   ;73159000;1014510;1.0975;PC; 1993.13 ;1;1;3456
A336    ;1-1/4 LK-A-LOY LINK;73159000;1014538;1.0975;PC; 3207.09 ;1;1;5561
L1327;L1327 EYE HOOK 6MM G10 DA;73269090;1025860;1.05;PC; 427.36 ;1;1;709
L1327;L1327 EYE HOOK 5/16(8MM) G10 HA;73269090;1025869;1.05;PC; 362.84 ;1;1;602
L1327;L1327 EYE HOOK 3/8(10MM) G10 IA;73269090;1025878;1.05;PC; 522.21 ;1;1;866
L1327;L1327 EYE HOOK 1/2(13MM) G10 JA;73269090;1025887;1.05;PC; 694.53 ;1;1;1152
L1327;L1327 EYE HOOK 5/8(16MM) G10 KA;73269090;1025896;1.05;PC; 1052.13 ;1;1;1745
L1327;L1327 EYE HOOK 3/4(20MM) G10 KA;73269090;1025915;1.05;PC; 1959.51 ;1;1;3251
L1327;L1327 EYE HOOK 7/8(22MM) G10 LA;73269090;1025924;1.05;PC; 3330.65 ;1;1;5526
L1327;L1327 EYE HOOK 1(26MM) G10 NA;73269090;1025933;1.05;PC; 5819.53 ;1;1;9655
L1327;L1327 EYE HOOK 1-1/4(32MM) G10 PA;73269090;1025942;1.05;PC; 29188.65 ;1;1;48424
L1338   ;7MM CLV GRB HK G100;73269090;1049480;1.05;PC; 421.61 ;1;1;699
L1338   ;5/16CLV GRB HK G100;73269090;1049489;1.05;PC; 431.51 ;1;1;716
L1338   ;3/8 CLV GRB HK G100;73269090;1049498;1.05;PC; 534.2 ;1;1;886
L1338   ;1/2 CLV GRB HK G100;73269090;1049507;1.05;PC; 784.57 ;1;1;1302
L1338   ;5/8 CLV GRB HK G100;73269090;1049516;1.05;PC; 1186.7 ;1;1;1969
L1339;L1339 CLEVIS SLING HOOK 6MM G10 DA;73269090;1049103;1.05;PC; 382.14 ;1;1;634
L1339;L1339 CLEVIS SLING HOOK 1/4(7MM) G10 HA;73269090;1049112;1.05;PC; 456.59 ;1;1;757
L1339;L1339 CLEVIS SLING HOOK 5/16(8MM) G10 HA;73269090;1049121;1.05;PC; 457.14 ;1;1;758
L1339;L1339 CLEVIS SLING HOOK 3/8(10MM) G10 IA;73269090;1049130;1.05;PC; 626.7 ;1;1;1040
L1339;L1339 CLEVIS SLING HOOK 1/2(13MM) G10 JA;73269090;1049149;1.05;PC; 881.19 ;1;1;1462
L1339;L1339 CLEVIS SLING HOOK 5/8(16MM) G10 KA;73269090;1049158;1.05;PC; 1272.98 ;1;1;2112
L1339   ;"3/4"" G10 CLV SLG HK";73269090;1049167;1.05;PC; 3594.16 ;1;1;5963
L1339   ;"7/8"" G10 CLV SLG HK";73269090;1049176;1.05;PC;4.720;1;1;7830
L1358   ;1/4 CLV GRB HK G100;73269090;1049605;1.05;PC; 657.37 ;1;1;1091
L1358   ;5/16CLV GRB HK G100;73269090;1049614;1.05;PC; 422.34 ;1;1;701
L1358   ;3/8 CLV GRB HK G100;73269090;1049623;1.05;PC; 468.47 ;1;1;777
L1358   ;1/2 CLV GRB HK G100;73269090;1049634;1.05;PC; 688.82 ;1;1;1143
L1358   ;5/8 CLV GRB HK G100;73269090;1049643;1.05;PC; 1393.91 ;1;1;2312
S1311N;S1311N CH SHORTENER LINK 6MM G10;73269090;1017860;1.05;PC; 856.73 ;1;1;1421
S1311N;S1311N CH SHORTENER LINK 5/16(8MM) G10;73269090;1017878;1.05;PC; 1106.29 ;1;1;1835
S1311N  ;"1/4"" G10 CH SHRTNR ";73269090;1017869;1.05;PC; 866.93 ;1;1;1438
S1311N  ;"3/8"" G10 CH SHRTNR ";73269090;1017897;1.05;PC; 1062.8 ;1;1;1763
S1311N  ;"1/2"" G10 CH SHRTNR ";73269090;1017906;1.05;PC; 1466.96 ;1;1;2434
S1311N  ;"5/8"" G10 CH SHRTNR ";73269090;1017915;1.05;PC; 2063.67 ;1;1;3424
S1317A  ;6MM SHURLOC CLEV HK;73269090;1028991;1.05;PC; 732.83 ;1;1;1216
S1317A  ;"1/4"" 7MM G10 CLV HK";73269090;1029000;1.05;PC; 875.59 ;1;1;1453
S1317A  ;"5/16""8MM G10 CLV HK";73269090;1029009;1.05;PC; 875.59 ;1;1;1453
S1317A  ;"3/8""10MM G10 CLV HK";73269090;1029018;1.05;PC; 1116.43 ;1;1;1852
S1317A  ;"1/2""13MM G10 CLV HK";73269090;1029027;1.05;PC; 1606.96 ;1;1;2666
S1317A  ;"5/8""16MM G10 CLV HK";73269090;1029036;1.05;PC; 2494.04 ;1;1;4138
S1317A  ;18-20MM G10 CLV HK ;73269090;1029071;1.05;PC; 3789.39 ;1;1;6287
S1317A  ;22MM GR10 CLV HK   ;73269090;1029080;1.05;PC; 5700.5 ;1;1;9457
S1317A  ;26MM GR10 CLV HK   ;73269090;1029089;1.05;PC; 11651.96 ;1;1;19331
S1325A;S1325A CHAIN COUPLER 6MM G10;73269090;1098496;1.05;PC; 1228.62 ;1;1;2038
S1325A;S1325A CHAIN COUPLER 1/4(7MM) G10;73269090;1098500;1.05;PC; 286.3 ;1;1;475
S1325A;S1325A CHAIN COUPLER 5/16(8MM) G10;73269090;1098504;1.05;PC; 287.21 ;1;1;476
S1325A;S1325A CHAIN COUPLER 3/8(10MM) G10;73269090;1098508;1.05;PC; 293.28 ;1;1;487
S1325A  ;"1/2"" 13MM G10 CPLR ";73159000;1098512;1.0975;PC; 284.77 ;1;1;494
S1325A  ;"5/8"" 16MM G10 CPLR ";73159000;1098516;1.0975;PC; 632.9 ;1;1;1097
S4014   ;7-8 CLV PN KT GR 80;73159000;1291444;1.0975;PC; 73.97 ;1;1;128
S4014   ;10 CLV PN KIT GR 80;73182900;1291514;1.065;PC; 109.07 ;1;1;184
S4014   ;13 CLV PN KIT GR 80;73182900;1291584;1.065;PC; 67.09 ;1;1;113
S4014   ;16 CLV PN KIT GR 80;73182900;1291654;1.065;PC; 301.08 ;1;1;507
S4100   ;6M CLV PN KIT GR100;73182900;1091792;1.065;PC; 62.72 ;1;1;106
S4100   ;7M CLV PN KIT GR100;73182900;1091801;1.065;PC; 71.05 ;1;1;120
S4100   ;8M CLV PN KIT GR100;73182900;1091810;1.065;PC; 41.36 ;1;1;70
S4100   ;10 CLV PN KIT GR100;73182900;1091829;1.065;PC; 60.84 ;1;1;102
S4100   ;10 CLV PN KIT GR100;73182900;1091829;1.065;PC; 60.84 ;1;1;102
S4100   ;13 CLV PN KIT GR100;73182900;1091838;1.065;PC; 67.09 ;1;1;113
S4100   ;13 CLV PN KIT GR100;73182900;1091838;1.065;PC; 67.09 ;1;1;113
S4100   ;16 CLV PN KIT GR100;73182900;1091847;1.065;PC; 111.58 ;1;1;188
S4100   ;16 CLV PN KIT GR100;73182900;1091847;1.065;PC; 111.58 ;1;1;188
S4100   ;7M CLV PN KIT A1359;73182900;1091884;1.065;PC; 71.05 ;1;1;120
S4100   ;8M CLV PN KIT A1359;73182900;1091885;1.065;PC; 73.97 ;1;1;124
S4100   ;26 CLV PN KIT GR100;73182900;1091888;1.065;PC; 842.57 ;1;1;1418
S4100   ;18/20MM CLV PN KIT ;73182900;1091897;1.065;PC; 763.21 ;1;1;1284
S4100   ;18/20MM CLV PN KIT ;73182900;1091897;1.065;PC; 763.21 ;1;1;1284
S4100   ;18/20MM CLV PN KIT ;73182900;1091897;1.065;PC; 763.21 ;1;1;1284
S4100   ;18/20MM CLV PN KIT ;73182900;1091897;1.065;PC; 763.21 ;1;1;1284
S4100   ;22MM CLV PN KIT    ;73182900;1091906;1.065;PC; 3219.12 ;1;1;5417
S4100   ;22MM CLV PN KIT    ;73182900;1091906;1.065;PC; 3219.12 ;1;1;5417
S4100   ;22MM CLV PN KIT    ;73182900;1091906;1.065;PC; 3219.12 ;1;1;5417
S4102   ;.25(7M)CLEV PIN KIT;73182900;1092713;1.065;PC; 98.34 ;1;1;165
S4102   ;.62(16M)CLV PIN KIT;73182900;1092759;1.065;PC; 223.82 ;1;1;377
S4104N  ;.38(10M) LATCH PIN ;73182900;1092992;1.065;PC; 142.45 ;1;1;240
S4104N  ;.38(10M) LATCH PIN ;73182900;1092992;1.065;PC; 142.45 ;1;1;240
S4104N  ;.38(10M) LATCH PIN ;73182900;1092992;1.065;PC; 142.45 ;1;1;240
S4104N  ;.62(16M) LATCH PIN ;73182900;1093010;1.065;PC; 410.93 ;1;1;691
S4104N  ;.62(16M) LATCH PIN ;73182900;1093010;1.065;PC; 410.93 ;1;1;691
S4104N  ;.62(16M) LATCH PIN ;73182900;1093010;1.065;PC; 410.93 ;1;1;691
S4314   ;6M LTCH KIT 314/315;73182900;1291332;1.065;PC; 431.9 ;1;1;727
S4314   ;7-8 LTCH KT 314/315;73159000;1291402;1.0975;PC; 257.94 ;1;1;447
S4314   ;10M LTCH KT 314/315;73159000;1291472;1.0975;PC; 271.96 ;1;1;472
S4314   ;13M LTCH KT 314/315;73159000;1291542;1.0975;PC; 309.1 ;1;1;536
S4314   ;16M LTCH KT 314/315;73159000;1291612;1.0975;PC; 593.64 ;1;1;1029
S4338   ;LCH KT 1/4-5/16    ;73182900;1048426;1.065;PC; 218.05 ;1;1;367
S4338   ;LCH KT 1/4-5/16    ;73182900;1048426;1.065;PC; 218.05 ;1;1;367
S4338   ;LCH KT 3/8  G100   ;73182900;1048435;1.065;PC; 121.94 ;1;1;205
S4338   ;LCH KT 1/2  G100   ;73182900;1048444;1.065;PC; 247.04 ;1;1;416
S4338   ;LCH KT 5/8  G100   ;73182900;1048453;1.065;PC; 287.53 ;1;1;484
S4339   ;LCH KT 3/4  G100   ;73182900;1048714;1.065;PC; 1117.19 ;1;1;1880
S4339   ;LCH KT 3/4  G100   ;73182900;1048714;1.065;PC; 1117.19 ;1;1;1880
S4339   ;LCH KT 7/8  G100   ;73182900;1048732;1.065;PC; 2275.75 ;1;1;3829
S4339   ;LCH KT 7/8  G100   ;73182900;1048732;1.065;PC; 2275.75 ;1;1;3829
SPEC.10 ;1/4(9/32) 7MM 500DR;73158200;273710;1.0975;PC; 24429.13 ;1;1;42361
SPEC.10 ;5/16 SC  8 MM 500DR;73158200;273729;1.0975;PC; 28170.53 ;1;1;48849
SPEC.10 ;3/8  SC 10 MM 500DR;73158200;273738;1.0975;PC; 31721.19 ;1;1;55006
SPEC.10 ;1/2  SC 13 MM 300DR;73158200;273747;1.0975;PC; 31985.29 ;1;1;55464
SPEC.10 ;5/8  SC 16 MM 200DR;73158200;273756;1.0975;PC; 28977.5 ;1;1;50248
SPEC.10 ;3/4 SC 20MM 100 DR ;73158200;273858;1.0975;PC; 28610.69 ;1;1;49612
SPEC.8  ;1/4(9/32) 7MM 500DR;73158200;273527;1.0975;PC; 24429.13 ;1;1;42361
SPEC.8  ;5/16 SC  8 MM 500DR;73158200;273536;1.0975;PC; 28170.53 ;1;1;48849
SPEC.8  ;3/8  SC 10 MM 500DR;73158200;273545;1.0975;PC; 31721.19 ;1;1;55006
SPEC.8  ;1/2  SC 13 MM 300DR;73158200;273554;1.0975;PC; 31985.29 ;1;1;55464
SPEC.8  ;5/8  SC 16 MM 200DR;73158200;273563;1.0975;PC; 28977.5 ;1;1;50248
SPEC.8  ;3/4  SC 20 MM 100DR;73158200;273572;1.0975;PC; 28610.69 ;1;1;49612
A350L;A350L SLIDING CHOKER HOOK 3/8 DA;73269090;1011802;1.05;PC; 518.35 ;1;1;860
A350L;A350L SLIDING CHOKER HOOK 1/2 FA;73269090;1011811;1.05;PC; 572.89 ;1;1;950
A350L;A350L SLIDING CHOKER HOOK 5/8 3/4 GA;73269090;1011820;1.05;PC; 776.42 ;1;1;1288
A350L;A350L SLIDING CHOKER HOOK 5/8 1.00 GA;73269090;1011839;1.05;PC; 1071.78 ;1;1;1778
A350L;A350L SLIDING CHOKER HOOK 3/4 1.00 HA;73269090;1011848;1.05;PC; 1224.38 ;1;1;2031
A350L;A350L SLIDING CHOKER HOOK 3/4 1-7/16 HA;73269090;1011857;1.05;PC; 1149.99 ;1;1;1908
A350L   ;7/8-1 CHK1.25 W/LTC;73269090;1028177;1.05;PC; 2601.45 ;1;1;4316
A378    ;2 T SORTING HOOK   ;73269090;1028024;1.05;PC; 754.08 ;1;1;1251
A378N   ;2T SORTNG HK W/HNDL;73269090;1028033;1.05;PC; 927.53 ;1;1;1539
BH313   ; 1TN WELD-ON HOOK  ;73269090;1029105;1.05;PC; 872.78 ;1;1;1448
BH313   ; 2TN WELD-ON HOOK  ;73269090;1029114;1.05;PC; 1032.14 ;1;1;1712
BH313   ; 3TN WELD-ON HOOK  ;73269090;1029123;1.05;PC; 1109.05 ;1;1;1840
BH313   ; 4TN WELD-ON HOOK  ;73269090;1029132;1.05;PC; 1423.03 ;1;1;2361
BH313   ; 5TN WELD-ON HOOK  ;73269090;1029141;1.05;PC; 1704.8 ;1;1;2828
BH313   ; 8TN WELD-ON HOOK  ;73269090;1029150;1.05;PC; 2042.31 ;1;1;3388
BH313   ;10TN WELD-ON HOOK  ;73269090;1029169;1.05;PC; 2278.69 ;1;1;3780
BL-A    ; 2A CLSD SWVL  1.0T;73269090;1050012;1.05;PC; 2054.87 ;1;1;3409
BL-A    ; 3A CLSD SWVL  1.4T;73269090;1050023;1.05;PC; 2733.54 ;1;1;4535
BL-A    ; 4A CLSD SWVL  1.7T;73269090;1050034;1.05;PC; 2541.78 ;1;1;4217
BL-A    ; 7A CLSD SWVL  4.2T;73269090;1050067;1.05;PC; 6306.03 ;1;1;10462
BL-A    ; 8A CLSD SWVL  5.5T;73269090;1050078;1.05;PC; 7467.98 ;1;1;12389
BL-A    ; 9A CLSD SWVL  7.2T;73269090;1050089;1.05;PC; 8243.57 ;1;1;13676
BL-A    ;12A CLSD SWVL 12.3T;73269090;1050111;1.05;PC; 13448.28 ;1;1;22311
BL-A    ;14A CLSD SWVL 18.5T;73269090;1050133;1.05;PC; 41105.23 ;1;1;68194
BL-B    ; 2B SHNK HK  1.0T  ;73269090;1050408;1.05;PC; 1545.13 ;1;1;2563
BL-B    ; 4B SHNK HK  1.7T  ;73269090;1050430;1.05;PC; 1882.97 ;1;1;3124
BL-B    ; 5B SHNK HK  2.3T  ;73269090;1050441;1.05;PC; 2294.86 ;1;1;3807
BL-B    ; 6B SHNK HK  4.0T  ;73269090;1050452;1.05;PC; 2522.62 ;1;1;4185
BL-B    ; 7B SHNK HK  4.2T  ;73269090;1050463;1.05;PC; 3848.98 ;1;1;6385
BL-B    ; 8B SHNK HK  5.5T  ;73269090;1050474;1.05;PC; 5095.66 ;1;1;8454
BL-B    ; 9B SHNK HK  7.2T  ;73269090;1050485;1.05;PC; 5394.36 ;1;1;8949
BL-B    ;13B SK HK W/NT 15TN;73269090;1050518;1.05;PC; 35265.69 ;1;1;58506
BL-C;BLC 0.5T CLOSED SWIVEL HOOK LIFLOK 1C;73269090;1050210;1.05;PC; 2114.56 ;1;1;3508
BL-C;BLC 1.0T CLOSED SWIVEL HOOK PINLOK 2C;73269090;1050221;1.05;PC; 3258.96 ;1;1;5407
BL-C;BLC 1.4T CLOSED SWIVEL HOOK PINLOK 3C;73269090;1050232;1.05;PC; 3909.65 ;1;1;6486
BL-C;BLC 2.3T CLOSED SWIVEL HOOK ROLLOX 5C;73269090;1050254;1.05;PC; 4404.84 ;1;1;7308
BL-C    ; 4C CLSD SWVL  1.7T;73269090;1050243;1.05;PC; 2674.92 ;1;1;4438
BL-C    ; 6C CLSD SWVL  4.0T;73269090;1050265;1.05;PC; 4718.65 ;1;1;7828
BL-C    ; 7C CLSD SWVL  4.2T;73269090;1050276;1.05;PC; 6081.32 ;1;1;10089
BL-C    ; 8C CLSD SWVL  5.5T;73269090;1050287;1.05;PC; 5714.85 ;1;1;9481
BL-C    ; 9C CLSD SWVL  7.2T;73269090;1050298;1.05;PC; 8389.97 ;1;1;13919
BL-C    ;11C CLSD SWVL  9.2T;73269090;1050309;1.05;PC; 16266.63 ;1;1;26986
BL-C    ;12C CLSD SWVL12.30T;73269090;1050320;1.05;PC; 14100.49 ;1;1;23393
BL-C    ;14C CLSD SWVL 18.5T;73269090;1050342;1.05;PC; 40958.82 ;1;1;67951
BL-D;BLD 1T SHANK HOOK PINLOK 2D;73269090;1050606;1.05;PC; 2472.25 ;1;1;4101
BL-D;BLD 2.3T SHANK HOOK ROLLOX 5D;73269090;1050639;1.05;PC; 3616.66 ;1;1;6000
BL-D;BLD 5.5T SHANK HOOK ROLLOX 8D;73269090;1050672;1.05;PC; 6401.39 ;1;1;10620
BL-D    ; 3D SHNK HK  1.4T  ;73269090;1050617;1.05;PC; 1914.53 ;1;1;3176
BL-D    ; 4D SHNK HK  1.7T  ;73269090;1050628;1.05;PC; 1880.43 ;1;1;3120
BL-D    ; 6D SHNK HK  4.0T  ;73269090;1050650;1.05;PC; 2871.74 ;1;1;4764
BL-D    ; 7D SHNK HK  4.2T  ;73269090;1050661;1.05;PC; 3896.55 ;1;1;6464
BL-D    ; 9D SHNK HK  7.2T  ;73269090;1050683;1.05;PC; 5822.3 ;1;1;9659
BL-D    ;11D SHNK HK  9.2T  ;73269090;1050694;1.05;PC; 13094.51 ;1;1;21724
BL-D    ;12D SHNK HK 12.3T  ;73269090;1050705;1.05;PC; 14125.02 ;1;1;23433
BL-D    ;13D SK HK W/NT 15TN;73269090;1050716;1.05;PC; 33992.43 ;1;1;56393
BL-G    ;4G UNIV CLEV 1.7TN ;73269090;1051717;1.05;PC; 3005.51 ;1;1;4986
BL-G    ;5G UNIV CLEV 2.3TN ;73269090;1051728;1.05;PC; 3984.18 ;1;1;6610
BL-GA;BLGA  8 GATE ASSEMBLY SELF CLOSE;73269090;1100441;1.05;PC; 2888.12 ;1;1;4791
BL-GA   ; 2D GG GATE ASSY   ;73269090;1100309;1.05;PC; 1187.64 ;1;1;1970
BL-GA   ; 3D GG GATE ASSY   ;73269090;1100331;1.05;PC; 1162.26 ;1;1;1928
BL-GA   ; 4D GG GATE ASSY   ;73269090;1100353;1.05;PC; 1223.17 ;1;1;2029
BL-GA   ; 5B GG GATE ASSY   ;73269090;1100364;1.05;PC; 1164.46 ;1;1;1932
BL-GA   ; 5D GG GATE ASSY   ;73269090;1100375;1.05;PC; 1250.05 ;1;1;2074
BL-GA   ; 6D GG GATE ASSY   ;73269090;1100397;1.05;PC; 1328.88 ;1;1;2205
BL-GA   ; 7D GG GATE ASSY   ;73269090;1100419;1.05;PC; 1931.38 ;1;1;3204
BL-GA   ; 9D GG GATE ASSY   ;73269090;1100463;1.05;PC; 2662.81 ;1;1;4418
BL-GA   ;10D GG GATE ASSY   ;73269090;1100485;1.05;PC; 4829.38 ;1;1;8012
BL-GA   ;11D GG GATE ASSY   ;73269090;1100507;1.05;PC; 6047.54 ;1;1;10033
BL-GA   ;12D GG GATE ASSY   ;73269090;1100529;1.05;PC; 6272.77 ;1;1;10407
BL-GA   ;13D GG GATE ASSY   ;73269090;1100551;1.05;PC; 6869.64 ;1;1;11397
BL-GA   ;14D GG GATE ASSY   ;73269090;1100573;1.05;PC; 9290.91 ;1;1;15414
BL-GA   ;15B GG GATE ASSY   ;73269090;1100584;1.05;PC; 9347.55 ;1;1;15508
BL-GA   ;15D GG GATE ASSY   ;73269090;1100595;1.05;PC; 10336.56 ;1;1;17148
BL-GA   ;16D GG GATE ASSY   ;73269090;1100617;1.05;PC; 11610.82 ;1;1;19262
BL-GA   ;17D GG GATE ASSY   ;73269090;1100628;1.05;PC; 39325.88 ;1;1;65242
BL-I    ; 4I SHNK HK  1.6T  ;73269090;1050804;1.05;PC; 2268.04 ;1;1;3763
BL-I    ; 4I SHNK HK  1.7T  ;73269090;1050815;1.05;PC; 2172.71 ;1;1;3605
BL-I    ; 4I SHNK HK  1.7T  ;73269090;1050826;1.05;PC; 2173.54 ;1;1;3606
BL-I    ; 5I SHNK HK  2.3T  ;73269090;1050837;1.05;PC; 2860.47 ;1;1;4746
BL-I    ; 6I SHNK HK  4.0T  ;73269090;1050848;1.05;PC; 4009.17 ;1;1;6651
BL-I    ; 7I SHNK HK  4.2T  ;73269090;1050859;1.05;PC; 5394.36 ;1;1;8949
BL-I    ; 8I SHNK HK  5.5T  ;73269090;1050870;1.05;PC; 7736.79 ;1;1;12835
BL-I    ; 9I SHNK HK  7.2T  ;73269090;1050881;1.05;PC; 8389.97 ;1;1;13919
BL-I    ;12I SHNK HK 12.3T  ;73269090;1050903;1.05;PC; 21036.87 ;1;1;34900
BL-I    ;13I SHNK HK     T  ;73269090;1050914;1.05;PC; 33515.15 ;1;1;55602
BL-I    ;14I SHNK HK 18.5T  ;73269090;1050925;1.05;PC; 20676.49 ;1;1;34302
BL-I    ;16I SHNK HK 33.0T  ;73269090;1050936;1.05;PC; 37096.06 ;1;1;61542
BL-I    ;17I SHNK HK 66.0T  ;73269090;1050958;1.05;PC; 166020.07 ;1;1;275427
BL-K;BL-K 1.6T LONG SHANK HOOK PINLOK 4K-1/2;73269090;1051002;1.05;PC; 2623.24 ;1;1;4352
BL-K    ; 4K SHNK HK  1.7T  ;73269090;1051013;1.05;PC; 2481.2 ;1;1;4116
BL-K    ; 4K SHNK HK  1.7T  ;73269090;1051024;1.05;PC; 2302.12 ;1;1;3819
BL-K    ; 5K SHNK HK  2.3T  ;73269090;1051035;1.05;PC; 2905.52 ;1;1;4820
BL-K    ; 6K SHNK HK  4.0T  ;73269090;1051046;1.05;PC; 4009.17 ;1;1;6651
BL-K    ; 7K SHNK HK  4.2T  ;73269090;1051057;1.05;PC; 3822.22 ;1;1;6341
BL-K    ; 8K SHNK HK  5.5T  ;73269090;1051068;1.05;PC; 7883.19 ;1;1;13078
BL-K    ; 9K SHNK HK  7.2T  ;73269090;1051079;1.05;PC; 8930.53 ;1;1;14816
BL-K    ;12K SHNK HK 12.3T  ;73269090;1051101;1.05;PC; 23435.61 ;1;1;38880
BL-K    ;13K SHNK HK 15.0T  ;73269090;1051112;1.05;PC; 35147.08 ;1;1;58309
BL-K    ;14K SHNK HK 18.5T  ;73269090;1051123;1.05;PC; 22433.32 ;1;1;37217
BL-K    ;16K SHNK HK 33.0T  ;73269090;1051134;1.05;PC; 39445.97 ;1;1;65441
BL-K    ;17K SHNK HK 66.0TN ;73269090;1051156;1.05;PC; 171752.28 ;1;1;284937
BL-O;BLO 1.7T CHAIN NEST HOOK PINLOK 4O 1/4;73269090;1051409;1.05;PC; 3767.7 ;1;1;6251
BL-O;BLO 2.3T CHAIN NEST HOOK ROLLOX 5O 3/8;73269090;1051442;1.05;PC; 5414.74 ;1;1;8983
BL-O;BLO 4.2T CHAIN NEST HOOK ROLLOX 7O 9/16;73269090;1051486;1.05;PC; 11840.4 ;1;1;19643
BL-O    ;7O LNK CHN 4.2T .44;73269090;1051464;1.05;PC; 6785.97 ;1;1;11258
BL-P    ;7P LNK CHN 4.2T .44;73269090;1051563;1.05;PC; 8726.77 ;1;1;14478
BL-RK;BLRK  11 GATE REPAIR KIT TIPLOK;73269090;1100144;1.05;PC; 1324.54 ;1;1;2197
BL-RK   ;GATE REPAIR KIT  2 ;73182900;1100101;1.065;PC; 322.65 ;1;1;543
BL-RK   ;GATE REPAIR KIT  3 ;73182900;1100102;1.065;PC; 300.12 ;1;1;505
BL-RK   ;GATE REPAIR KIT  4 ;73182900;1100103;1.065;PC; 306.88 ;1;1;516
BL-RK   ;GATE REPAIR KIT  5 ;73182900;1100112;1.065;PC; 282.11 ;1;1;475
BL-RK   ;GATE REPAIR KIT  6 ;73182900;1100113;1.065;PC; 394.16 ;1;1;663
BL-RK   ;GATE REPAIR KIT  7 ;73182900;1100123;1.065;PC; 596.87 ;1;1;1004
BL-RK   ;GATE REPAIR KIT  8 ;73182900;1100124;1.065;PC; 487.8 ;1;1;821
BL-RK   ;GATE REPAIR KIT  9 ;73182900;1100125;1.065;PC; 405.42 ;1;1;682
BL-RK   ; 10 GG REPAIR KIT  ;73182900;1100133;1.065;PC; 1477.6 ;1;1;2486
BL-RK   ; 12 GG REPAIR KIT  ;73182900;1100155;1.065;PC; 1888.05 ;1;1;3177
BL-RK   ; 13 GG REPAIR KIT  ;73182900;1100166;1.065;PC; 1970.13 ;1;1;3315
BL-RK   ; 14 GG REPAIR KIT  ;73182900;1100177;1.065;PC; 1801.03 ;1;1;3031
BL-RK   ; 16 GG REPAIR KIT  ;73182900;1100199;1.065;PC; 2159.47 ;1;1;3634
BL-RK   ; 17 GG REPAIR KIT  ;73182900;1100210;1.065;PC; 8840.44 ;1;1;14876
G320CN  ;7-1/2 T EYE HK GLV ;73269090;1022274;1.05;PC; 1427.29 ;1;1;2368
G3315;G3315 750LB SNAP HOOK 7/16;73269090;1023056;1.05;PC; 294.46 ;1;1;489
G3315;G3315 1000LB SNAP HOOK 9/16;73269090;1023074;1.05;PC; 407.32 ;1;1;676
GL320CN;GL320CN .75T EYE HOOK DC;73269090;1022208;1.05;PC; 355.12 ;1;1;589
GL320CN;GL320CN 1T EYE HOOK FC;73269090;1022219;1.05;PC; 369.09 ;1;1;612
GL320CN;GL320CN 1.5T EYE HOOK GC;73269090;1022230;1.05;PC; 382.69 ;1;1;635
GL320CN;GL320CN 2T EYE HOOK HC;73269090;1022241;1.05;PC; 372.77 ;1;1;618
GL320CN;GL320CN 3T EYE HOOK IC;73269090;1022249;1.05;PC; 649.95 ;1;1;1078
GL320CN;GL320CN 5T EYE HOOK JC;73269090;1022262;1.05;PC; 1373.06 ;1;1;2278
L319AN  ;1T SHK HK W/LTCH NS;73269090;1028705;1.05;PC; 313.64 ;1;1;520
L319AN  ;1.5T SK HK W/LTC NS;73269090;1028714;1.05;PC; 358.12 ;1;1;594
L319AN  ;2 T SHK HK W/LTC NS;73269090;1028729;1.05;PC; 391.55 ;1;1;650
L319AN  ;3 T SHK HK W/LTC NS;73269090;1028738;1.05;PC; 514.1 ;1;1;853
L319AN  ;5 T SK HK W/LTCH NS;73269090;1028747;1.05;PC; 783.81 ;1;1;1300
L319AN  ;7 T SHK HK W/LTC NS;73269090;1028756;1.05;PC; 1411.09 ;1;1;2341
L319AN  ;11T SK HK W/LTCH NS;73269090;1028769;1.05;PC; 2466.31 ;1;1;4092
L319AN  ;"15T 7"" SHK HK (LA) ";73269090;1028797;1.05;PC; 3232.11 ;1;1;5362
L319AN  ;"22T 7"" SHK HK (NA) ";73269090;1028805;1.05;PC; 6599.36 ;1;1;10948
L319CN  ;3/4T SK HK W/LTC NS;73269090;1028509;1.05;PC; 303.2 ;1;1;503
L319CN  ;1TN SK HK W/LTCH NS;73269090;1028518;1.05;PC; 328.62 ;1;1;545
L319CN  ;2T SHK HK W/LTCH NS;73269090;1028536;1.05;PC; 456.66 ;1;1;758
L319CN  ;3T SHK HK W/LTCH NS;73269090;1028545;1.05;PC; 671.2 ;1;1;1114
L319CN  ;5T SHK HK W/LTCH NS;73269090;1028554;1.05;PC; 1161.08 ;1;1;1926
L319CN  ;7.5T SK HK W/LTC NS;73269090;1028569;1.05;PC; 1962.92 ;1;1;3256
L319CN  ;"15T 7"" SHK HK (NC) ";73269090;1028604;1.05;PC; 6318.86 ;1;1;10483
L320A;L320A 37T EYE HOOK PA;73269090;1023565;1.05;PC; 46593.03 ;1;1;77298
L320A;L320A 45T EYE HOOK SA;73269090;1023583;1.05;PC; 84577.2 ;1;1;140314
L320A;60 T AL EYE HK W/LT;73269090;1023609;1.05;PC; 91393.02 ;1;1;151621
L320A   ;30 T AL EYE HK W/LT;73269090;1022477;1.05;PC; 9584.94 ;1;1;15901
L320AN;L320AN 1T EYE HOOK DA;73269090;1022380;1.05;PC; 329.02 ;1;1;546
L320AN;L320AN 1.5T EYE HOOK FA;73269090;1022391;1.05;PC; 379.02 ;1;1;629
L320AN;L320AN 2T EYE HOOK GA;73269090;1022402;1.05;PC; 399.24 ;1;1;662
L320AN;L320AN 3T EYE HOOK HA;73269090;1022413;1.05;PC; 356.22 ;1;1;591
L320AN;L320AN 7T EYE HOOK JA;73269090;1022435;1.05;PC; 1217.56 ;1;1;2020
L320AN;L320AN 15T EYE HOOK LA;73269090;1022457;1.05;PC; 4596.73 ;1;1;7626
L320AN  ;5 T AL EYE HK W/LT ;73269090;1022424;1.05;PC; 842.57 ;1;1;1398
L320AN  ;11 T AL EYE HK W/LT;73269090;1022446;1.05;PC; 1384.78 ;1;1;2297
L320AN  ;22 T AL EYE HK W/LT;73269090;1022468;1.05;PC; 5506.84 ;1;1;9136
L320C;L320C 25T EYE HOOK PC;73269090;1023306;1.05;PC; 34102.37 ;1;1;56576
L320C;L320C 30T EYE HOOK SC;73269090;1023324;1.05;PC; 58039.28 ;1;1;96287
L320CN;L320CN .75T EYE HOOK DC;73269090;1022205;1.05;PC; 196.31 ;1;1;326
L320CN;L320CN 1T EYE HOOK FC;73269090;1022216;1.05;PC; 198.52 ;1;1;329
L320CN;L320CN 1.5T EYE HOOK GC;73269090;1022227;1.05;PC; 206.94 ;1;1;343
L320CN;L320CN 2T EYE HOOK HC;73269090;1022238;1.05;PC; 201.92 ;1;1;335
L320CN;L320CN 3T EYE HOOK IC;73269090;1022246;1.05;PC; 349.31 ;1;1;580
L320CN;L320CN 5T EYE HOOK JC;73269090;1022260;1.05;PC; 748.54 ;1;1;1242
L320CN;L320CN 10T EYE HOOK LC;73269090;1022282;1.05;PC; 1941.64 ;1;1;3221
L320CN;L320CN 15T EYE HOOK NC;73269090;1022293;1.05;PC; 7768.57 ;1;1;12888
L320CN;40 T EYE HOOK W/LT;73269090;1023342;1.05;PC; 80479.98 ;1;1;133516
L320CN  ;7-1/2 T EYE HK W/LT;73269090;1022271;1.05;PC; 1197.44 ;1;1;1987
L320CN  ;20 T EYE HOOK W/LT ;73269090;1022302;1.05;PC; 7574.13 ;1;1;12565
L320CN  ;25 T EYE HOOK W/LT ;73269090;1022306;1.05;PC; 24833.7 ;1;1;41199
L320R   ;3.2T AL ROV EYE HK ;73269090;1298427;1.05;PC; 1200.62 ;1;1;1992
L320R   ;5.4T AL ROV EYE HK ;73269090;1298497;1.05;PC; 1358.76 ;1;1;2254
L320R   ;8.0T AL ROV EYE HK ;73269090;1298567;1.05;PC; 1600.29 ;1;1;2655
L320R   ;11.5T AL ROV EYE HK;73269090;1298637;1.05;PC; 2966.85 ;1;1;4922
L320R   ;16.0T AL ROV EYE HK;73269090;1298707;1.05;PC; 6374.13 ;1;1;10575
L320R   ;22.0T AL ROV EYE HK;73269090;1298777;1.05;PC; 7583.09 ;1;1;12580
L320R   ;31.5TN ROV EYE HOOK;73269090;1298847;1.05;PC; 20980.56 ;1;1;34807
L320R   ;37TN ROV EYE HOOK  ;73269090;1298857;1.05;PC; 40692.65 ;1;1;67509
L320R   ;45TN ROV EYE HOOK  ;73269090;1298867;1.05;PC; 64642.19 ;1;1;107241
L320R   ;60TN ROV EYE HOOK  ;73269090;1298877;1.05;PC; 117223.1 ;1;1;194473
L322A   ;30TA SWL HK W/LT NS;73269090;1048898;1.05;PC; 17106.53 ;1;1;28380
L322AN;L322AN 1T SWIVEL HOOK DA;73269090;1048807;1.05;PC; 1162.17 ;1;1;1928
L322AN;L322AN 1-1/2T SWIVEL HOOK FA;73269090;1048816;1.05;PC; 1211.68 ;1;1;2010
L322AN;L322AN 2T SWIVEL HOOK GA;73269090;1048825;1.05;PC; 1295.13 ;1;1;2149
L322AN;L322AN 3T SWIVEL HOOK HA;73269090;1048834;1.05;PC; 1302.48 ;1;1;2161
L322AN;L322AN 5T SWIVEL HOOK IA;73269090;1048840;1.05;PC; 1707.97 ;1;1;2834
L322AN;L322AN 7T SWIVEL HOOK JA;73269090;1048859;1.05;PC; 2957.14 ;1;1;4906
L322AN  ;11TA SWL HK W/LT NS;73269090;1048868;1.05;PC; 3283.61 ;1;1;5448
L322AN  ;15TA SVL HK W/LT NS;73269090;1048880;1.05;PC; 4353.94 ;1;1;7223
L322AN  ;22TA SWL HK W/LT NS;73269090;1048889;1.05;PC; 10403.56 ;1;1;17260
L322CN;L322CN 3/4T SWIVEL HOOK DC;73269090;1048603;1.05;PC; 1351.16 ;1;1;2242
L322CN;L322CN 1T SWIVEL HOOK FC;73269090;1048612;1.05;PC; 884.81 ;1;1;1468
L322CN;L322CN 1-1/2T SWIVEL HOOK GC;73269090;1048621;1.05;PC; 1023.14 ;1;1;1697
L322CN;L322CN 2T SWIVEL HOOK HC;73269090;1048630;1.05;PC; 1002.66 ;1;1;1663
L322CN;L322CN 3T SWIVEL HOOK IC;73269090;1048639;1.05;PC; 1479.41 ;1;1;2454
L322CN;L322CN 5T SWIVEL HOOK JC;73269090;1048648;1.05;PC; 2413.06 ;1;1;4003
L322CN;L322CN 15T SWIVEL HOOK NC;73269090;1048675;1.05;PC; 9930.73 ;1;1;16475
L322CN  ;7.5TC SWL HK W/L NS;73269090;1048657;1.05;PC; 2789.43 ;1;1;4628
L322CN  ;10TC SWL HK W/LT NS;73269090;1048666;1.05;PC; 3757.82 ;1;1;6234
L3315   ;LATCH KIT ONLY     ;73182900;9900299;1.065;PC; 66.44 ;1;1;112
L3315   ;LATCH KIT ONLY     ;73182900;9900299;1.065;PC; 66.44 ;1;1;112
L3322B;L3322B 2T SWIVEL BRG HOOK GA;73269090;1028609;1.05;PC; 1628.93 ;1;1;2702
L3322B;L3322B 3T SWIVEL BRG HOOK HA;73269090;1028618;1.05;PC; 1154.8 ;1;1;1916
L3322B;L3322B 5T SWIVEL BRG HOOK IA;73269090;1028627;1.05;PC; 1476.03 ;1;1;2449
L3322B;L3322B 7T SWIVEL BRG HOOK JA;73269090;1028636;1.05;PC; 3351.33 ;1;1;5560
L3322B;L3322B 11T SWIVEL BRG HOOK KA;73269090;1028645;1.05;PC; 2992.37 ;1;1;4964
L3322B;L3322B 15T SWIVEL BRG HOOK LA;73269090;1028654;1.05;PC; 6763.25 ;1;1;11220
L562A   ; 5.4TN ROV SHANK HK;73269090;1297722;1.05;PC; 5565.74 ;1;1;9234
L562A   ;11.5TN ROV SHANK HK;73269090;1297792;1.05;PC; 10210.6 ;1;1;16939
L562A   ;16TN ROV SHANK HOOK;73269090;1297806;1.05;PC; 16188.43 ;1;1;26857
L562A   ;22TN ROV SHANK HOOK;73269090;1297862;1.05;PC; 21697.79 ;1;1;35997
L562A   ;31.5TN ROV SHANK HK;73269090;1298042;1.05;PC; 41734.08 ;1;1;69237
L562A   ;37TN ROV SHANK HOOK;73269090;1298049;1.05;PC; 72243.84 ;1;1;119853
L562A   ;45TN ROV SHANK HOOK;73269090;1298057;1.05;PC; 87927.83 ;1;1;145872
L562A   ;60TN ROV SHANK HOOK;73269090;1298087;1.05;PC; 92008.14 ;1;1;152642
L562A   ;100TN ROV SHANK HK ;73269090;1298103;1.05;PC; 201599.27 ;1;1;334453
L562A   ;150TN ROV SHANK HK ;73269090;1298117;1.05;PC; 244966.84 ;1;1;406400
L562A   ;175TN ROV SHANK HK ;73269090;1298130;1.05;PC; 342631.62 ;1;1;568426
O318;O318 1.7T CHAIN NEST SHURLOC 1/4 - 9/32;73269090;1098409;1.05;PC; 2307.19 ;1;1;3828
O318;O318 2.3T CHAIN NEST SHURLOC 5/16 - 3/8;73269090;1098427;1.05;PC; 2940.43 ;1;1;4878
O318A   ;4.2T  LNK CHAIN .44;73269090;1098445;1.05;PC; 8472.59 ;1;1;14056
O318A   ;4.2T  LNK CHAIN .56;73269090;1098463;1.05;PC; 8073.17 ;1;1;13393
O319;O319 1.7T CHAIN NEST HOOK 1/4 - 9/32;73269090;1098312;1.05;PC; 2517.07 ;1;1;4176
O319;O319 2.3T CHAIN NEST HOOK 5/16 - 3/8;73269090;1098334;1.05;PC; 3103.57 ;1;1;5149
O319A   ;4.2 LNK CHAIN .44  ;73269090;1098356;1.05;PC; 7196.23 ;1;1;11939
O319A   ;4.2T LNK CHAIN .56 ;73269090;1098378;1.05;PC; 7528.5 ;1;1;12490
PL;PL 7.5TC - 11TA LATCH KIT K;73269090;1093713;1.05;PC; 2103.66 ;1;1;3490
PL;PL 10TC - 15TA LATCH KIT L;73269090;1093714;1.05;PC; 3959.59 ;1;1;6569
PL;PL 15TC - 22TA LATCH KIT N;73269090;1093715;1.05;PC; 5103.64 ;1;1;8467
PL;PL 25TC - 37TA LATCH KIT P;73269090;1093717;1.05;PC; 5761.08 ;1;1;9558
PL;PL 30TC - 45TA LATCH KIT S;73269090;1093718;1.05;PC; 5737.98 ;1;1;9519
PL      ;3TC-4.5TA FLPR LTCH;73269090;1093711;1.05;PC; 745.3 ;1;1;1236
PL      ;5TC-7TA FLPPR LATCH;73182900;1093712;1.065;PC; 895.53 ;1;1;1507
PL      ;20TC-30TA FLPR LTCH;73269090;1093716;1.05;PC; 3691.09 ;1;1;6124
PL      ;40TC-60TA FLPR LTCH;73269090;1093719;1.05;PC; 6574.47 ;1;1;10907
PL      ;50TC-75TA FLPR LTCH;73269090;1093720;1.05;PC; 9401.72 ;1;1;15597
PL      ;100-150T AL FLAP LT;73269090;1093721;1.05;PC; 10254.12 ;1;1;17012
PL      ;200T A PL FLAP LTCH;73269090;1093723;1.05;PC; 15521.06 ;1;1;25749
PL      ;300T A PL FLAP LTCH;73269090;1093724;1.05;PC; 16921.5 ;1;1;28073
PL-N;PLN 3TC - 5TA LATCH KIT I;73269090;1092000;1.05;PC; 1753.06 ;1;1;2908
PL-N    ;FRAME J PL LTCH    ;73269090;1092001;1.05;PC; 1786.1 ;1;1;2963
PL-N    ;FRAME K PL LTCH    ;73269090;1092002;1.05;PC; 2024.15 ;1;1;3358
PL-N    ;FRAME L PL LTCH    ;73269090;1092003;1.05;PC; 2381.37 ;1;1;3951
PL-N    ;FRAME N PL LTCH    ;73269090;1092004;1.05;PC; 2818.03 ;1;1;4675
PL-O    ;FRAME I PL LTCH    ;73269090;1091900;1.05;PC; 1174.24 ;1;1;1948
PL-O    ;FRAME J PL LTCH    ;73269090;1091901;1.05;PC; 1014.45 ;1;1;1683
PL-O    ;FRAME K PL LTCH    ;73269090;1091902;1.05;PC; 2108.49 ;1;1;3498
PL-O    ;FRAME L PL LTCH    ;73269090;1091903;1.05;PC; 2381.37 ;1;1;3951
PL-O    ;FRAME N PL LTCH    ;73269090;1091904;1.05;PC; 3513.65 ;1;1;5829
RF20;RFID QUIC TAG TIE;73269090;1224692;1.05;PC; 334.17 ;1;1;554
RF20    ;HI FR WR  RFID TAG ;73269090;115350;1.05;PC; 186.94 ;1;1;310
RF20    ;STEEL RFID CHN TAG ;73269090;115353;1.05;PC; 92.12 ;1;1;153
RF20    ;HI FR CHAIN RFID TG;73269090;115369;1.05;PC; 235.54 ;1;1;391
S1316A;S1316A SHURLOC EYE HOOK 3/4(18-20MM) G10;73269090;1022952;1.05;PC; 5409.06 ;1;1;8974
S1316A  ;6MM SHURLOC EYE HK ;73269090;1022896;1.05;PC; 929.93 ;1;1;1543
S1316A  ;"1/4""7-8MM G10 EY HK";73269090;1022914;1.05;PC; 1022.56 ;1;1;1696
S1316A  ;"3/8""10MM G10 EYE HK";73269090;1022923;1.05;PC; 1303.2 ;1;1;2162
S1316A  ;"1/2""13MM G10 EYE HK";73269090;1022932;1.05;PC; 1879.47 ;1;1;3118
S1316A  ;"5/8""16MM G10 EYE HK";73269090;1022941;1.05;PC; 3138.07 ;1;1;5206
S1316A  ;18-20MM G10 EYE HK ;73269090;1022942;1.05;PC; 4469.71 ;1;1;7415
S1316A  ;22MM G10 EYE HOOK  ;73269090;1022943;1.05;PC; 6449.92 ;1;1;10700
S1316A  ;26MM G10 EYE HOOK  ;73269090;1022944;1.05;PC; 14240.99 ;1;1;23626
S1316AH ;16MM G10 EYE HK    ;73269090;1023579;1.05;PC; 6580.35 ;1;1;10917
S1316AH ;18-20MM G10 EYE HK ;73269090;1023599;1.05;PC; 9489.3 ;1;1;15743
S1316AH ;22-23MM G10 EYE HK ;73269090;1023607;1.05;PC; 12321.57 ;1;1;20441
S1316AH ;26MM G10 EYE HK    ;73269090;1023625;1.05;PC; 19438.55 ;1;1;32249
S1318A  ;6MM SHURLOC SHNK HK;73269090;1098200;1.05;PC; 1049.93 ;1;1;1742
S1318A  ;7-8M SHURLOC SHK HK;73269090;1098209;1.05;PC; 1165.92 ;1;1;1934
S1318A  ;10M SHURLOC SHNK HK;73269090;1098218;1.05;PC; 1462.22 ;1;1;2426
S1318A  ;13M SHURLOC SHNK HK;73269090;1098227;1.05;PC; 2227.23 ;1;1;3695
S1318A  ;16M SHURLOC SHNK HK;73269090;1098236;1.05;PC; 3643.05 ;1;1;6044
S1326   ;6MM G10  SWVL HK   ;73269090;1004304;1.05;PC; 1859.98 ;1;1;3086
S1326   ;"1/4"" 7-8 G10 SWV HK";73269090;1004313;1.05;PC; 2020.12 ;1;1;3351
S1326   ;3/8 10MM G10 SWV HK;73269090;1004322;1.05;PC; 2401.11 ;1;1;3983
S1326   ;1/2 13MM G10 SWV HK;73269090;1004331;1.05;PC; 4189.58 ;1;1;6951
S1326   ;"5/8""16MM G10 SWV HK";73269090;1004340;1.05;PC; 4565.15 ;1;1;7574
S1326   ;"3/4""18-20MM G10 SWV";73269090;1004349;1.05;PC; 6110.26 ;1;1;10137
S1326   ;"7/8""22MM G10 SWV HK";73269090;1004358;1.05;PC; 13462.69 ;1;1;22335
S13326  ;6MM G10  SWVL HK   ;73269090;1004404;1.05;PC; 2102.67 ;1;1;3488
S13326  ;"1/4"" 7-8 G10 SWV HK";73269090;1004413;1.05;PC; 2233.5 ;1;1;3705
S13326  ;3/8 10MM G10 SWV HK;73269090;1004422;1.05;PC; 2475.66 ;1;1;4107
S13326  ;1/2 13MM G10 SWV HK;73269090;1004431;1.05;PC; 4363.46 ;1;1;7239
S13326  ;"5/8""16MM G10 SWV HK";73269090;1004440;1.05;PC; 5659.57 ;1;1;9389
S13326H ;16MM G10 SWV HK    ;73269090;1005014;1.05;PC; 11092.78 ;1;1;18403
S13326H ;18-20MM G10 SWV HK ;73269090;1005023;1.05;PC; 18010.31 ;1;1;29879
S13326H ;22-23MM G10 SWV HK ;73269090;1005041;1.05;PC; 22692.34 ;1;1;37647
S13326H ;26MM G10 SWV HK    ;73269090;1005050;1.05;PC; 29605.66 ;1;1;49116
S314A   ;      6MM AL CLV HK;73269090;1225020;1.05;PC; 810.84 ;1;1;1345
S314A   ;"1/4""7-8MM AL CLV HK";73269090;1225021;1.05;PC; 607.91 ;1;1;1009
S314A   ;"3/8"" 10MM AL CLV HK";73269090;1225091;1.05;PC; 781.45 ;1;1;1296
S314A   ;"1/2"" 13MM AL CLV HK";73269090;1225161;1.05;PC; 1201.96 ;1;1;1994
S314A   ;"5/8"" 16MM AL CLV HK";73269090;1225162;1.05;PC; 1858.41 ;1;1;3083
S315A   ;  6MM HK A LAT-E NS;73269090;1029820;1.05;PC; 480.42 ;1;1;797
S315A   ;7-8MM HK A LAT-E NS;73269090;1029825;1.05;PC; 520.29 ;1;1;863
S315A   ; 10MM HK A LAT-E NS;73269090;1029830;1.05;PC; 669.09 ;1;1;1110
S315A   ; 13MM HK A LAT-E NS;73269090;1029835;1.05;PC; 1008.04 ;1;1;1672
S315A   ; 16MM HK A LAT-E NS;73269090;1029840;1.05;PC; 1671.69 ;1;1;2773
S319A;S319A 37T SHANK HOOK 15L PA;73269090;1024849;1.05;PC; 25891.48 ;1;1;42954
S319A;S319A 45T SHANK HOOK 15L SA;73269090;1024885;1.05;PC; 70741.4 ;1;1;117360
S319A   ;"30T 10"" SK HK (OA) ";73269090;1024803;1.05;PC; 9898.66 ;1;1;16422
S319A   ;"30T 18"" SK HK (OA) ";73269090;1024821;1.05;PC; 14338.85 ;1;1;23788
S319A   ;"37T 24"" SK HK (PA) ";73269090;1024867;1.05;PC; 42504.75 ;1;1;70515
S319A   ;"45T 24"" SK HK (SA) ";73269090;1024901;1.05;PC; 47934.27 ;1;1;79523
S319A   ;"60T 14.5"" SK HK(TA)";73269090;1024929;1.05;PC; 61828.91 ;1;1;102574
S319A   ;"60T 26"" SK HK (TA) ";73269090;1024965;1.05;PC; 86370.69 ;1;1;143289
S319A   ;"75T 15"" SK HK (UA) ";73269090;1024983;1.05;PC; 100929.79 ;1;1;167443
S319A   ;"75T 23"" SK HK (UA) ";73269090;1025009;1.05;PC; 117843.71 ;1;1;195503
S319A   ;"100T 15"" SK HK (WA)";73269090;1025027;1.05;PC; 176189.39 ;1;1;292298
S319A   ;"100T 21"" SK HK (WA)";73269090;1025045;1.05;PC; 213341.76 ;1;1;353934
S319A   ;"150T 18"" SK HK (XA)";73269090;1025063;1.05;PC; 276756.43 ;1;1;459139
S319A   ;"200T 20"" SK HK (YA)";73269090;1025081;1.05;PC; 245600.13 ;1;1;407451
S319A   ;"300T 20"" SK HK (ZA)";73269090;1025090;1.05;PC; 549222.14 ;1;1;911160
S319AN;S319AN 3T SHANK HOOK HA;73269090;1028732;1.05;PC; 572.68 ;1;1;950
S319AN;S319AN 22T SHANK HOOK NA;73269090;1028801;1.05;PC; 7263.9 ;1;1;12051
S319AN  ;1 T SHNK HK (DA) NS;73269090;1028701;1.05;PC; 163.88 ;1;1;272
S319AN  ;1-1/2T SK HK(FA) NS;73269090;1028710;1.05;PC; 209.64 ;1;1;348
S319AN  ;2T SHK HK (GA) NS  ;73269090;1028723;1.05;PC; 259.73 ;1;1;431
S319AN  ;5T SHK HK (IA) NS  ;73269090;1028741;1.05;PC; 453.34 ;1;1;752
S319AN  ;7T SHK HK (JA) NS  ;73269090;1028750;1.05;PC; 861.67 ;1;1;1430
S319AN  ;11T SHNK HK (KA) NS;73269090;1028765;1.05;PC; 1367.4 ;1;1;2269
S319AN  ;"15T 7"" SHK HK (LA) ";73269090;1028792;1.05;PC; 2112.12 ;1;1;3504
S319BN  ;1.0T BR SK HK(GB)NS;73269090;1028918;1.05;PC; 2432.53 ;1;1;4036
S319BN  ;1.4T BR SK HK(HB)NS;73269090;1028927;1.05;PC; 3772.67 ;1;1;6259
S319BN  ;2.0T BR SK HK(IB)NS;73269090;1028936;1.05;PC; 5765.99 ;1;1;9566
S319BN  ;3.5T BR SK HK(JB)NS;73269090;1028945;1.05;PC; 5883.45 ;1;1;9761
S319BN  ;5.0T BR SK HK(KB)NS;73269090;1028954;1.05;PC; 14178.49 ;1;1;23522
S319BN  ;"6.5T 7"" SHK HK(LB) ";73269090;1028981;1.05;PC; 20361.16 ;1;1;33779
S319BN  ;"10T 7"" SHK HK(NB)  ";73269090;1028990;1.05;PC; 29498.24 ;1;1;48938
S319C;S319C 20T SHANK HOOK 10L OC;73269090;1024386;1.05;PC; 20253.94 ;1;1;33601
S319C;S319C 25T SHANK HOOK 15L PC;73269090;1024420;1.05;PC; 39266.41 ;1;1;65143
S319C;S319C 25T SHANK HOOK 24L PC;73269090;1024448;1.05;PC; 37070.87 ;1;1;61501
S319C;S319C 40T SHANK HOOK 14.5L TC;73269090;1024509;1.05;PC; 84905.91 ;1;1;140859
S319C;S319C 50T SHANK HOOK 15L UC;73269090;1024563;1.05;PC; 115795.99 ;1;1;192106
S319C   ;"20T 18"" SK HK (OC) ";73269090;1024402;1.05;PC; 12035.69 ;1;1;19967
S319C   ;"30T 15"" SK HK (SC) ";73269090;1024466;1.05;PC; 33604.54 ;1;1;55750
S319C   ;"30T 24"" SK HK (SC) ";73269090;1024484;1.05;PC; 43194.48 ;1;1;71660
S319C   ;"40T 26"" SK HK (TC) ";73269090;1024545;1.05;PC; 108607.89 ;1;1;180180
S319C   ;"50T 23"" SK HK (UC) ";73269090;1024581;1.05;PC; 102338.8 ;1;1;169780
S319CN;S319CN 3/4T SHANK HOOK DC;73269090;1028505;1.05;PC; 234.54 ;1;1;389
S319CN;S319CN 1T SHANK HOOK FC;73269090;1028514;1.05;PC; 235.35 ;1;1;390
S319CN;S319CN 1-1/2T SHANK HOOK GC;73269090;1028523;1.05;PC; 261.23 ;1;1;433
S319CN;S319CN 2T SHANK HOOK HC;73269090;1028532;1.05;PC; 459.78 ;1;1;763
S319CN;S319CN 5T SHANK HOOK JC;73269090;1028550;1.05;PC; 1354.68 ;1;1;2247
S319CN;S319CN 10T SHANK HOOK LC;73269090;1028590;1.05;PC; 17982.92 ;1;1;29834
S319CN;S319CN 15T SHANK HOOK NC;73269090;1028599;1.05;PC; 19787.28 ;1;1;32827
S319CN  ;3 T SHNK HK (IC) NS;73269090;1028541;1.05;PC; 367.15 ;1;1;609
S319CN  ;7.5T SK HK (KC) NS ;73269090;1028563;1.05;PC; 1157.48 ;1;1;1920
S319SWG ;1.10T SWG SK HK(GC);73269090;1053020;1.05;PC; 852.1 ;1;1;1414
S319SWG ;1.10T SWG SK HK(HC);73269090;1053039;1.05;PC; 1137.33 ;1;1;1887
S319SWG ; 1.60TN SWAGE SK HK;73269090;1053048;1.05;PC; 1191.45 ;1;1;1977
S319SWG ; 2.10TN SWAGE SK HK;73269090;1053057;1.05;PC; 1355.91 ;1;1;2249
S319SWG ; 2.80TN SWAGE SK HK;73269090;1053066;1.05;PC; 1482.04 ;1;1;2459
S319SWG ; 3.50TN SWAGE SK HK;73269090;1053075;1.05;PC; 1980.93 ;1;1;3286
S319SWG ; 4.30TN SWAGE SK HK;73269090;1053084;1.05;PC; 2064.27 ;1;1;3425
S319SWG ; 6.20TN SWAGE SK HK;73269090;1053093;1.05;PC; 3074.45 ;1;1;5101
S319SWG ;11.00TN SWAGE SK HK;73269090;1053119;1.05;PC; 7685.85 ;1;1;12751
S319SWG ;14.00TN SWAGE SK HK;73269090;1053128;1.05;PC; 16860.46 ;1;1;27972
S3316;S3316 1T REPLACEMENT HOOK HC;73269090;1023047;1.05;PC; 2191.39 ;1;1;3636
S3316   ;1/2 T REPL HOOK    ;73269090;1023029;1.05;PC; 928.27 ;1;1;1540
S3319   ;UTIL REPL HK 1.63TN;73269090;1002054;1.05;PC;2.883;1;1;4783
S3319   ;UTIL REPL HK 2.5TN ;73269090;1002063;1.05;PC; 4853.58 ;1;1;8052
S3319   ;UTIL REPL HK 4.5TN ;73269090;1002072;1.05;PC; 8648.99 ;1;1;14349
S360    ;RESCUE HOOK/ANCHOR ;73269090;1024911;1.05;PC; 888.55 ;1;1;1474
S377    ;BARREL HOOK (PAIRS);73269090;1028248;1.05;PC; 723.11 ;1;1;1200
S4088   ;1/4 GRD 8 HK LATCH ;73269090;1090250;1.05;PC; 131.2 ;1;1;218
S4088   ;3/8 GRD 8 HK LATCH ;73182900;1090251;1.065;PC; 203.95 ;1;1;343
S4088   ;1/2 GRD 8 HK LATCH ;73182900;1090252;1.065;PC; 206.09 ;1;1;347
S4088   ;5/8 GRD 8 HK LATCH ;73182900;1090253;1.065;PC; 302.6 ;1;1;509
S4088   ;3/4 GRD 8 HK LATCH ;73182900;1090254;1.065;PC; 510.72 ;1;1;859
S4088   ;7/8 GRD 8 HK LATCH ;73182900;1090255;1.065;PC; 812.08 ;1;1;1366
S4316   ;22MM TRIGGER KIT   ;73182900;6603008;1.065;PC; 1277.98 ;1;1;2150
S4316   ;  6MM TR ASY KIT NS;73182900;6603010;1.065;PC; 289.43 ;1;1;487
S4316   ;7-8MM TR ASY KIT NS;73182900;6603011;1.065;PC; 206.31 ;1;1;347
S4316   ;7-8MM TR ASY KIT NS;73182900;6603011;1.065;PC; 206.31 ;1;1;347
S4316   ; 10MM TR ASY KIT NS;73182900;6603012;1.065;PC; 243.59 ;1;1;410
S4316   ; 13MM TR ASY KIT NS;73182900;6603013;1.065;PC; 303.39 ;1;1;511
S4316   ; 16MM TR ASY KIT NS;73182900;6603014;1.065;PC; 375.13 ;1;1;631
S4316   ;18/20MM TRGR KIT NS;73182900;6603015;1.065;PC; 1064.23 ;1;1;1791
S4316   ;18/20MM TRGR KIT NS;73182900;6603015;1.065;PC; 1064.23 ;1;1;1791
S4316   ;26MM TRIGGER KIT   ;73182900;6603017;1.065;PC; 3797.79 ;1;1;6391
S4320   ;3/4TC-1TA LATCH KIT;73182900;1096325;1.065;PC; 55.18 ;1;1;93
S4320   ;3/4TC-1TA LATCH KIT;73182900;1096325;1.065;PC; 55.18 ;1;1;93
S4320   ;3/4TC-1TA LATCH KIT;73182900;1096325;1.065;PC; 55.18 ;1;1;93
S4320   ;1TC-1.5TA LATCH KIT;73182900;1096374;1.065;PC; 55.18 ;1;1;93
S4320   ;1.5TC-2TA LATCH KIT;73182900;1096421;1.065;PC; 59.18 ;1;1;100
S4320   ;1.5TC-2TA LATCH KIT;73182900;1096421;1.065;PC; 59.18 ;1;1;100
S4320   ;2TC-3TA   LATCH KIT;73182900;1096468;1.065;PC; 59.18 ;1;1;100
S4320   ;2TC-3TA   LATCH KIT;73182900;1096468;1.065;PC; 59.18 ;1;1;100
S4320   ;2TC-3TA   LATCH KIT;73182900;1096468;1.065;PC; 59.18 ;1;1;100
S4320   ;2TC-3TA   LATCH KIT;73182900;1096468;1.065;PC; 59.18 ;1;1;100
S4320   ;2TC-3TA   LATCH KIT;73182900;1096468;1.065;PC; 59.18 ;1;1;100
S4320   ;2TC-3TA   LATCH KIT;73182900;1096468;1.065;PC; 59.18 ;1;1;100
S4320   ;2TC-3TA   LATCH KIT;73182900;1096468;1.065;PC; 59.18 ;1;1;100
S4320   ;2TC-3TA   LATCH KIT;73182900;1096468;1.065;PC; 59.18 ;1;1;100
S4320   ;2TC-3TA   LATCH KIT;73182900;1096468;1.065;PC; 59.18 ;1;1;100
S4320   ;2TC-3TA   LATCH KIT;73182900;1096468;1.065;PC; 59.18 ;1;1;100
S4320   ;2TC-3TA   LATCH KIT;73182900;1096468;1.065;PC; 59.18 ;1;1;100
S4320   ;3TC-5 TA  LATCH KIT;73182900;1096515;1.065;PC; 97.44 ;1;1;164
S4320   ;3TC-5 TA  LATCH KIT;73269090;1096515;1.065;PC; 97.44 ;1;1;164
S4320   ;3TC-5 TA  LATCH KIT;73269090;1096515;1.065;PC; 97.44 ;1;1;164
S4320   ;5TC-7TA   LATCH KIT;73182900;1096562;1.065;PC; 159.42 ;1;1;268
S4320   ;5TC-7TA   LATCH KIT;73269090;1096562;1.065;PC; 159.42 ;1;1;268
S4320   ;5TC-7TA   LATCH KIT;73269090;1096562;1.065;PC; 159.42 ;1;1;268
S4320   ;5TC-7TA   LATCH KIT;73269090;1096562;1.065;PC; 159.42 ;1;1;268
S4320   ;5TC-7TA   LATCH KIT;73269090;1096562;1.065;PC; 159.42 ;1;1;268
S4320   ;5TC-7TA   LATCH KIT;73269090;1096562;1.065;PC; 159.42 ;1;1;268
S4320   ;5TC-7TA   LATCH KIT;73269090;1096562;1.065;PC; 159.42 ;1;1;268
S4320   ;5TC-7TA   LATCH KIT;73269090;1096562;1.065;PC; 159.42 ;1;1;268
S4320   ;5TC-7TA   LATCH KIT;73269090;1096562;1.065;PC; 159.42 ;1;1;268
S4320   ;5TC-7TA   LATCH KIT;73269090;1096562;1.065;PC; 159.42 ;1;1;268
S4320   ;5TC-7TA   LATCH KIT;73269090;1096562;1.065;PC; 159.42 ;1;1;268
S4320   ;5TC-7TA   LATCH KIT;73269090;1096562;1.065;PC; 159.42 ;1;1;268
S4320   ;5TC-7TA   LATCH KIT;73269090;1096562;1.065;PC; 159.42 ;1;1;268
S4320   ;5TC-7TA   LATCH KIT;73269090;1096562;1.065;PC; 159.42 ;1;1;268
S4320   ;7.5TC-11TA LATCH KT;73182900;1096609;1.065;PC; 211.16 ;1;1;355
S4320   ;7.5TC-11TA LATCH KT;73269090;1096609;1.065;PC; 211.16 ;1;1;355
S4320   ;7.5TC-11TA LATCH KT;73269090;1096609;1.065;PC; 211.16 ;1;1;355
S4320   ;7.5TC-11TA LATCH KT;73269090;1096609;1.065;PC; 211.16 ;1;1;355
S4320   ;7.5TC-11TA LATCH KT;73269090;1096609;1.065;PC; 211.16 ;1;1;355
S4320   ;7.5TC-11TA LATCH KT;73269090;1096609;1.065;PC; 211.16 ;1;1;355
S4320   ;7.5TC-11TA LATCH KT;73269090;1096609;1.065;PC; 211.16 ;1;1;355
S4320   ;7.5TC-11TA LATCH KT;73269090;1096609;1.065;PC; 211.16 ;1;1;355
S4320   ;7.5TC-11TA LATCH KT;73269090;1096609;1.065;PC; 211.16 ;1;1;355
S4320   ;7.5TC-11TA LATCH KT;73269090;1096609;1.065;PC; 211.16 ;1;1;355
S4320   ;7.5TC-11TA LATCH KT;73269090;1096609;1.065;PC; 211.16 ;1;1;355
S4320   ;7.5TC-11TA LATCH KT;73269090;1096609;1.065;PC; 211.16 ;1;1;355
S4320   ;7.5TC-11TA LATCH KT;73269090;1096609;1.065;PC; 211.16 ;1;1;355
S4320   ;7.5TC-11TA LATCH KT;73269090;1096609;1.065;PC; 211.16 ;1;1;355
S4320   ;7.5TC-11TA LATCH KT;73269090;1096609;1.065;PC; 211.16 ;1;1;355
S4320   ;7.5TC-11TA LATCH KT;73269090;1096609;1.065;PC; 211.16 ;1;1;355
S4320   ;7.5TC-11TA LATCH KT;73269090;1096609;1.065;PC; 211.16 ;1;1;355
S4320   ;7.5TC-11TA LATCH KT;73269090;1096609;1.065;PC; 211.16 ;1;1;355
S4320   ;7.5TC-11TA LATCH KT;73269090;1096609;1.065;PC; 211.16 ;1;1;355
S4320   ;7.5TC-11TA LATCH KT;73269090;1096609;1.065;PC; 211.16 ;1;1;355
S4320   ;7.5TC-11TA LATCH KT;73269090;1096609;1.065;PC; 211.16 ;1;1;355
S4320   ;7.5TC-11TA LATCH KT;73269090;1096609;1.065;PC; 211.16 ;1;1;355
S4320   ;7.5TC-11TA LATCH KT;73269090;1096609;1.065;PC; 211.16 ;1;1;355
S4320   ;7.5TC-11TA LATCH KT;73269090;1096609;1.065;PC; 211.16 ;1;1;355
S4320   ;7.5TC-11TA LATCH KT;73269090;1096609;1.065;PC; 211.16 ;1;1;355
S4320   ;7.5TC-11TA LATCH KT;73269090;1096609;1.065;PC; 211.16 ;1;1;355
S4320   ;7.5TC-11TA LATCH KT;73269090;1096609;1.065;PC; 211.16 ;1;1;355
S4320   ;7.5TC-11TA LATCH KT;73269090;1096609;1.065;PC; 211.16 ;1;1;355
S4320   ;7.5TC-11TA LATCH KT;73269090;1096609;1.065;PC; 211.16 ;1;1;355
S4320   ;7.5TC-11TA LATCH KT;73269090;1096609;1.065;PC; 211.16 ;1;1;355
S4320   ;7.5TC-11TA LATCH KT;73269090;1096609;1.065;PC; 211.16 ;1;1;355
S4320   ;10TC-15TA LATCH KIT;73182900;1096657;1.065;PC; 211.16 ;1;1;355
S4320   ;15TC-22TA LATCH KIT;73182900;1096704;1.065;PC; 453.16 ;1;1;763
S4320   ;15TC-22TA LATCH KIT;73269090;1096704;1.065;PC; 453.16 ;1;1;763
SLGID   ;SLING ID TAG KIT NS;73182900;115217;1.065;PC; 114.53 ;1;1;193
SLGID   ;BX OF 50 SLNG ID KT;73269090;115244;1.05;PC; 4942.09 ;1;1;8199
SS4055;FLIPPER S4055 KIT DUP HK 24T75-250 FR U;73269090;1090223;1.05;PC; 1005.81 ;1;1;1669
SS4055  ;3/4TC-1TA HK LATCH ;73182900;1090027;1.065;PC; 55.97 ;1;1;94
SS4055  ;1TC 1-1/2TA HK LTCH;73269090;1090045;1.05;PC; 53.57 ;1;1;89
SS4055  ;1.50-2TC 3TA HK LTC;73269090;1090063;1.05;PC; 59.61 ;1;1;99
SS4055  ;3TC-4 1/2TA HK LTCH;73269090;1090081;1.05;PC; 97.44 ;1;1;162
SS4055  ;5TC-7TA HK LATCH   ;73182900;1090107;1.065;PC; 159.42 ;1;1;268
SS4055  ;7.5-10TC 11-15 LTCH;73269090;1090125;1.05;PC; 211.16 ;1;1;350
SS4055  ;15TC-22TA HK LATCH ;73182900;1090143;1.065;PC; 473.44 ;1;1;797
SS4055  ;15TC-22TA HK LATCH ;73182900;1090143;1.065;PC; 473.44 ;1;1;797
SS4055  ;15TC-22TA HK LATCH ;73182900;1090143;1.065;PC; 473.44 ;1;1;797
SS4055  ;15TC-22TA HK LATCH ;73182900;1090143;1.065;PC; 473.44 ;1;1;797
SS4055  ;15TC-22TA HK LATCH ;73182900;1090143;1.065;PC; 473.44 ;1;1;797
SS4055  ;20TC-30TA HK LATCH ;73182900;1090161;1.065;PC; 528.5 ;1;1;889
SS4055  ;25-30 37-45 HK LTCH;73269090;1090189;1.05;PC; 949.59 ;1;1;1575
SS4055  ;25-30 37-45 HK LTCH;73269090;1090189;1.05;PC; 949.59 ;1;1;1575
SS4055  ;25-30 37-45 HK LTCH;73269090;1090189;1.05;PC; 949.59 ;1;1;1575
SS4055  ;25-30 37-45 HK LTCH;73269090;1090189;1.05;PC; 949.59 ;1;1;1575
SS4055  ;25-30 37-45 HK LTCH;73269090;1090189;1.05;PC; 949.59 ;1;1;1575
SS4055  ;40TC-60TA HK LATCH ;73182900;1090205;1.065;PC; 1825.78 ;1;1;3072
SS4320  ;3/4TC-1TA LATCH KIT;73182900;1097100;1.065;PC; 83.22 ;1;1;140
SS4320  ;1TC-1.5TA LATCH KIT;73182900;1097109;1.065;PC; 86.34 ;1;1;145
SS4320  ;1.5TC-2TA LATCH KIT;73182900;1097118;1.065;PC; 103.04 ;1;1;173
SS4320  ;2TC-3TA   LATCH KIT;73182900;1097127;1.065;PC; 129.17 ;1;1;217
SS4320  ;3TC-5TA   LATCH KIT;73182900;1097136;1.065;PC; 176.92 ;1;1;298
SS4320  ;5TC-7TA   LATCH KIT;73182900;1097145;1.065;PC; 265.21 ;1;1;446
SS4320  ;7.5TC-11TA LTCH KIT;73182900;1097154;1.065;PC; 458.22 ;1;1;771
SS4320  ;10TC-15TA LATCH KIT;73182900;1097163;1.065;PC; 589.08 ;1;1;991
SS4320  ;15TC-22TA LATCH KIT;73182900;1097172;1.065;PC; 1237.44 ;1;1;2082
WSL320A;WSL320A 1.5T WEB SLING HOOK FA;73269090;1022706;1.05;PC; 402.99 ;1;1;669
WSL320A;WSL320A 3T WEB SLING HOOK HA;73269090;1022717;1.05;PC; 400.12 ;1;1;664
WSL320A;WSL320A 5T WEB SLING HOOK IA;73269090;1022728;1.05;PC; 753.7 ;1;1;1250
A1343;A1343 13X120X60 WELDED MASTERLINK;73159000;1247051;1.0975;PC; 136.78 ;1;1;237
A1343;A1343 17X160X90 WELDED MASTERLINK;73159000;1247087;1.0975;PC; 170.98 ;1;1;296
A1343;A1343 19X160X90 WELDED MASTERLINK;73159000;1247096;1.0975;PC; 196.12 ;1;1;340
A1343;A1343 22X180X100 WELDED MASTERLINK;73159000;1247120;1.0975;PC; 252.45 ;1;1;438
A1343;A1343 22X275X145 WELDED MASTERLINK;73159000;1247122;1.0975;PC; 343.97 ;1;1;596
A1343;A1343 25X210X115 WELDED MASTERLINK;73159000;1247124;1.0975;PC; 319.83 ;1;1;555
A1343;A1343 25X275X145 WELDED MASTERLINK;73159000;1247126;1.0975;PC; 386.21 ;1;1;670
A1343;A1343 28X275X145 WELDED MASTERLINK;73159000;1247133;1.0975;PC; 607.48 ;1;1;1053
A1343;A1343 32X275X145 WELDED MASTERLINK;73159000;1247142;1.0975;PC; 724.15 ;1;1;1256
A1343;A1343 36X285X155 WELDED MASTERLINK;73159000;1247151;1.0975;PC; 878.03 ;1;1;1523
A1343;A1343 40X270X140 WELDED MASTERLINK;73159000;1247163;1.0975;PC; 1106.34 ;1;1;1918
A1343;A1343 45X340X180 WELDED MASTERLINK;73159000;1247164;1.0975;PC; 1533.79 ;1;1;2660
A1343;A1343  51X390X215 WELDED MASTERLINK;73159000;1247166;1.0975;PC; 2262.97 ;1;1;3924
A1343;A1343 55X406X203 WELDED MASTERLINK;73159000;1247175;1.0975;PC; 4581.26 ;1;1;7944
A1346;A1346 13X120X60/13X120X60 MASTERLINK ASSY;73159000;1256865;1.0975;PC; 382.19 ;1;1;663
A1346;A1346 17X160X90/13X120X60 MASTERLINK ASSY;73159000;1256868;1.0975;PC; 462.65 ;1;1;802
A1346;A1346 19X160X90/13X120X60 MASTERLINK ASSY;73159000;1256874;1.0975;PC; 492.82 ;1;1;855
A1346;A1346 22X180X100/19X160X90 MASTERLINK ASSY;73159000;1256876;1.0975;PC; 548.14 ;1;1;951
A1346;A1346 22X180X100/17X160X90 MASTERLINK ASSY;73159000;1256878;1.0975;PC; 568.26 ;1;1;985
A1346;A1346 22X275X145/17X160X90 MASTERLINK ASSY;73159000;1256880;1.0975;PC; 653.75 ;1;1;1134
A1346;A1346 25X210X115/19X160X90 MASTERLINK ASSY;73159000;1256882;1.0975;PC; 663.8 ;1;1;1151
A1346;A1346 25X275X145/19X160X90 MASTERLINK ASSY;73159000;1256892;1.0975;PC; 910.22 ;1;1;1578
A1346;A1346 28X275X145/22X180X100 MASTERLINK ASSY;73159000;1256917;1.0975;PC; 1156.63 ;1;1;2006
A1346;A1346 32X275X145/25X210X115 MASTERLINK ASSY;73159000;1256926;1.0975;PC; 1558.94 ;1;1;2703
A1346;A1346 36X285X155/28X190X110 MASTERLINK ASSY;73159000;1256929;1.0975;PC; 2192.57 ;1;1;3802
A1346;A1346 40X270X140/32X275X145 MASTERLINK ASSY;73159000;1256930;1.0975;PC; 2765.85 ;1;1;4796
A1346;A1346 45X340X180/36X285X155 MASTERLINK ASSY;73159000;1256953;1.0975;PC; 3821.91 ;1;1;6627
A1346;A1346 51X390X215/40X270X140 MASTERLINK ASSY;73159000;1256958;1.0975;PC; 5380.84 ;1;1;9331
A1346;A1346 55X406X203/51X390X215 MASTERLINK ASSY;73159000;1256973;1.0975;PC; 6477.13 ;1;1;11232
A341;A341 PEAR LINK 1-1/8 (28MM);73269090;1013622;1.05;PC; 1152.19 ;1;1;1911
A341;A341 PEAR LINK 1-3/8 (35MM);73269090;1013640;1.05;PC; 1579.3 ;1;1;2620
A341;PEAR LINK A341 2.00 WELDLESS;73269090;1013690;1.05;PC; 242.63 ;1;1;403
A341    ;1/2   ALLOY P S LNK;73159000;1013575;1.0975;PC; 300.44 ;1;1;521
A341    ;5/8   ALLOY P S LNK;73159000;1013584;1.0975;PC;350;1;1;607
A341    ;3/4   ALLOY P S LNK;73159000;1013595;1.0975;PC; 378.54 ;1;1;656
A341    ;7/8   ALLOY P S LNK;73159000;1013604;1.0975;PC; 543.37 ;1;1;942
A341    ;1IN   ALLOY P S LNK;73159000;1013613;1.0975;PC; 706.86 ;1;1;1226
A341    ;1-1/4 ALLOY P S LNK;73159000;1013631;1.0975;PC; 1254.54 ;1;1;2175
A342;A342 MASTER LINK 5/8 (16MM);73269090;1014280;1.05;PC; 437.05 ;1;1;725
A342;A342 MASTER LINK 3/4 (19MM) W;73269090;1014285;1.05;PC; 481.22 ;1;1;798
A342;A342 MASTER LINK 2-3/4 (70MM);73269090;1014440;1.0975;PC; 34488.46 ;1;1;59805
A342;A342 MASTER LINK 3-1/4 (83MM);73269090;1014501;1.05;PC; 30431.08 ;1;1;50485
A342;A342 MASTER LINK 3-1/2 (89MM);73269090;1014529;1.05;PC; 40078.27 ;1;1;66490
A342    ;"1/2 AL MSTR LNK ""W""";73159000;1014266;1.0975;PC; 366.6 ;1;1;636
A342    ;2-1/4 MASTER LINK  ;73159000;1014422;1.0975;PC; 15870.1 ;1;1;27520
A342    ;2-1/2 MASTER LINK  ;73159000;1014468;1.0975;PC; 18717.12 ;1;1;32456
A342    ;3 MASTER LINK      ;73159000;1014486;1.0975;PC; 28777.87 ;1;1;49902
A342    ;3-3/4 MASTER LINK  ;73159000;1015051;1.0975;PC; 69898.59 ;1;1;121208
A342    ;"4""  MASTER LINK    ";73159000;1015060;1.0975;PC; 80059.41 ;1;1;138827
A342    ;4-1/2 MASTER LINK  ;73159000;1015079;1.0975;PC; 171971.39 ;1;1;298207
A342    ;"7/8 AL MSTR LNK ""W""";73159000;3522213;1.0975;PC; 590.47 ;1;1;1024
A342    ;"1.00 MSTR LNK ""W""  ";73159000;3522214;1.0975;PC; 829.01 ;1;1;1438
A342    ;A342OC MASTER LINK 1-1/4 W;73159000;3522215;1.0975;PC; 1773.84 ;1;1;3076
A342    ;A342OC MASTER LINK 1-1/2 W;73159000;3522216;1.0975;PC; 2926.83 ;1;1;5075
A342    ;1-3/4 AL MASTER LNK;73159000;3522217;1.0975;PC; 3622.69 ;1;1;6282
A342    ;2.00 AL MASTER LINK;73159000;3522218;1.0975;PC; 5293.28 ;1;1;9179
A344;A344 13X120X60 WELDED MASTERLINK;73159000;1256988;1.0975;PC; 136.78 ;1;1;237
A344;A344 17X160X90 WELDED MASTERLINK;73159000;1257002;1.0975;PC; 170.98 ;1;1;296
A344;A344 19X160X90 WELDED MASTERLINK;73159000;1257072;1.0975;PC; 196.12 ;1;1;340
A344;A344 22X180X100 WELDED MASTERLINK;73159000;1257212;1.0975;PC; 252.45 ;1;1;438
A344;A344 22X275X145 WELDED MASTERLINK;73159000;1257268;1.0975;PC; 343.97 ;1;1;596
A344;A344 25X210X115 WELDED MASTERLINK;73159000;1257282;1.0975;PC; 319.83 ;1;1;555
A344;A344 25X275X145 WELDED MASTERLINK;73159000;1257332;1.0975;PC; 386.21 ;1;1;670
A344;A344 28X275X145 WELDED MASTERLINK;73159000;1257382;1.0975;PC; 607.48 ;1;1;1053
A344;A344 32X275X145 WELDED MASTERLINK;73159000;1257422;1.0975;PC; 724.15 ;1;1;1256
A344;A344 36X285X155 WELDED MASTERLINK;73159000;1257492;1.0975;PC; 878.03 ;1;1;1523
A344;A344 40X270X140 WELDED MASTERLINK;73159000;1257502;1.0975;PC; 1106.34 ;1;1;1918
A344;A344 45X340X180 WELDED MASTERLINK;73159000;1257562;1.0975;PC; 1533.79 ;1;1;2660
A344;A344  51X390X215 WELDED MASTERLINK;73159000;1257632;1.0975;PC; 2262.97 ;1;1;3924
A344;A344 55X406X203 WELDED MASTERLINK;73159000;1257573;1.0975;PC; 4581.26 ;1;1;7944
A344;A344 70X450X250 WELDED MASTERLINK;73159000;1257591;1.0975;PC; 11465.72 ;1;1;19882
A344;A344 80X450X260 WELDED MASTERLINK;73159000;1257600;1.0975;PC; 13326.39 ;1;1;23109
A347;A347 13X120X60/13X120X60 MASTERLINK ASSY;73159000;1257755;1.0975;PC; 382.19 ;1;1;663
A347;A347 17X160X90/13X120X60 MASTERLINK ASSY;73159000;1257762;1.0975;PC; 462.65 ;1;1;802
A347;A347 19X160X90/13X120X60 MASTERLINK ASSY;73159000;1257832;1.0975;PC; 492.82 ;1;1;855
A347;A347 22X180X100/19X160X90 MASTERLINK ASSY;73159000;1258049;1.0975;PC; 548.14 ;1;1;951
A347;A347 22X180X100/17X160X90 MASTERLINK ASSY;73159000;1258058;1.0975;PC; 568.26 ;1;1;985
A347;A347 22X275X145/17X160X90 MASTERLINK ASSY;73159000;1258067;1.0975;PC; 653.75 ;1;1;1134
A347;A347 25X210X115/19X160X90 MASTERLINK ASSY;73159000;1258076;1.0975;PC; 663.8 ;1;1;1151
A347;A347 25X275X145/19X160X90 MASTERLINK ASSY;73159000;1258102;1.0975;PC; 910.22 ;1;1;1578
A347;A347 28X275X145/22X180X100 MASTERLINK ASSY;73159000;1258142;1.0975;PC; 1156.63 ;1;1;2006
A347;A347 32X275X145/25X210X115 MASTERLINK ASSY;73159000;1258182;1.0975;PC; 1558.94 ;1;1;2703
A347;A347 36X285X155/28X190X110 MASTERLINK ASSY;73159000;1258185;1.0975;PC; 2192.57 ;1;1;3802
A347;A347 40X270X140/32X275X145 MASTERLINK ASSY;73159000;1258187;1.0975;PC; 2765.85 ;1;1;4796
A347;A347 45X340X180/36X285X155 MASTERLINK ASSY;73159000;1258402;1.0975;PC; 3821.91 ;1;1;6627
A347;A347 51X390X215/40X270X140 MASTERLINK ASSY;73159000;1258471;1.0975;PC; 5380.84 ;1;1;9331
A347;A347 55X406X203/51X390X215 MASTERLINK ASSY;73159000;1258491;1.0975;PC; 6477.13 ;1;1;11232
G334;G344 MISSING PEAR LINK 3/8;73269090;1013432;1.05;PC; 191.07 ;1;1;317
G334;G344 MISSING PEAR LINK 3/4;73269090;1013496;1.05;PC; 538.28 ;1;1;893
G334    ;1/2 P S MISSNG LINK;73159000;1013450;1.0975;PC; 202.32 ;1;1;351
G334    ;5/8 P S MISSNG LINK;73159000;1013478;1.0975;PC; 251.01 ;1;1;435
G334    ;7/8 P S MISSNG LINK;73159000;1013511;1.0975;PC; 507.14 ;1;1;879
G335;G335 MISSING LINK 1/4(7MM);73269090;1013110;1.05;PC; 67.05 ;1;1;111
G335;G335 MISSING LINK 3/8(10MM);73269090;1013156;1.05;PC; 93.08 ;1;1;154
G335;G335 MISSING LINK 1/2(13MM);73269090;1013192;1.05;PC; 217.15 ;1;1;360
G335;G335 MISSING LINK 7/8(22MM);73269090;1013272;1.05;PC; 387.55 ;1;1;643
G335    ;5/16 MISSING LINK  ;73159000;1013138;1.0975;PC; 77.77 ;1;1;135
G335    ;7/16 MISSING LINK  ;73159000;1013174;1.0975;PC; 148.26 ;1;1;257
G335    ;5/8 MISSING LINK   ;73159000;1013236;1.0975;PC; 150.47 ;1;1;261
G335    ;3/4 MISSING LINK   ;73159000;1013254;1.0975;PC; 248.79 ;1;1;431
G335    ;1 MISSING LINK     ;73159000;1013290;1.0975;PC; 427.01 ;1;1;740
G340;G340 END LINK 5/16 (8MM);73269090;1014057;1.05;PC; 119.55 ;1;1;198
G340;G340 END LINK 3/8 (10MM);73269090;1014075;1.05;PC; 131.24 ;1;1;218
G340;G340 END LINK 5/8 (16MM);73269090;1014119;1.05;PC; 202.04 ;1;1;335
G340    ;1/2 END LINK       ;73159000;1014093;1.0975;PC; 86.08 ;1;1;149
G340    ;3/4 END LINK       ;73159000;1014137;1.0975;PC; 182.97 ;1;1;317
G340    ;7/8 END LINK       ;73159000;1014155;1.0975;PC; 437.64 ;1;1;759
G340    ;1 END LINK         ;73159000;1014173;1.0975;PC; 665.88 ;1;1;1155
G340    ;1-1/4 END LINK     ;73159000;1014191;1.0975;PC; 1735.39 ;1;1;3009
G340    ;1-3/8 END LINK     ;73159000;1014217;1.0975;PC; 4002.3 ;1;1;6940
G341    ;3/8 SLING LINK     ;73159000;1013897;1.0975;PC; 82.45 ;1;1;143
G341    ;1/2 SLING LINK     ;73159000;1013913;1.0975;PC; 164.31 ;1;1;285
G341    ;5/8 SLING LINK     ;73159000;1013931;1.0975;PC; 165.62 ;1;1;287
G341    ;3/4 SLING LINK     ;73159000;1013959;1.0975;PC; 251.93 ;1;1;437
G341    ;7/8 SLING LINK     ;73159000;1013977;1.0975;PC; 353.46 ;1;1;613
G341    ;1 SLING LINK       ;73159000;1013995;1.0975;PC; 509.74 ;1;1;884
G341    ;1-1/4 SLING LINK   ;73159000;1014011;1.0975;PC; 1013.19 ;1;1;1757
G341    ;1-3/8 SLING LINK   ;73159000;1014039;1.0975;PC; 1842.86 ;1;1;3196
S237    ; 2.5T HP SLING CONN;73159000;1020695;1.0975;PC; 822.73 ;1;1;1427
S237    ; 5.0T HP SLING CONN;73159000;1020704;1.0975;PC; 1238.61 ;1;1;2148
S237    ; 7.5T HP SLING CONN;73159000;1020713;1.0975;PC; 1459.1 ;1;1;2530
S237    ;12.5T HP SLING CONN;73159000;1020722;1.0975;PC; 2623.43 ;1;1;4549
S237    ;15.0T HP SLING CONN;73159000;1020731;1.0975;PC; 3915.96 ;1;1;6790
S237    ;20.0T HP SLING CONN;73159000;1020740;1.0975;PC; 6482.35 ;1;1;11241
S237    ;30.0T HP SLING CONN;73159000;1020759;1.0975;PC; 12245.77 ;1;1;21235
S238    ; 2.5T HP CONNECTOR ;73159000;1020415;1.0975;PC; 1319.79 ;1;1;2289
S238    ; 5.0T HP CONNECTOR ;73159000;1020423;1.0975;PC; 1973.35 ;1;1;3422
S238    ; 7.5T HP CONNECTOR ;73159000;1020432;1.0975;PC; 3318.61 ;1;1;5755
S238    ;12.5T HP CONNECTOR ;73159000;1020441;1.0975;PC; 4922.6 ;1;1;8536
S238    ;15.0T HP CONNECTOR ;73159000;1020450;1.0975;PC; 5442.52 ;1;1;9438
S238    ;20.0T HP CONNECTOR ;73159000;1020469;1.0975;PC; 11084.15 ;1;1;19220
S238    ;30.0T HP CONNECTOR ;73159000;1020478;1.0975;PC; 18654.61 ;1;1;32348
S247;S247 DOUBLE CLEVIS LINK 1/4 G4;73269090;1013021;1.05;PC; 551.68 ;1;1;915
S247;S247 DOUBLE CLEVIS LINK 5/16-3/8 G4;73269090;1013049;1.05;PC; 630.53 ;1;1;1046
S247;S247 DOUBLE CLEVIS LINK 1/2 G4;73269090;1013085;1.05;PC; 981.68 ;1;1;1629
S247    ;7/16 DBL CLEV LINK ;73159000;1013067;1.05;PC; 709.53 ;1;1;1177
S249;S249 TWIN CLEVIS LINK 1/4-5/16 G4;73269090;1012861;1.05;PC; 259.39 ;1;1;430
S249    ;3/8 TWIN CLEV LINK ;73159000;1012889;1.0975;PC; 181.55 ;1;1;315
S249    ;7/16-1/2 TW CLV LNK;73159000;1012905;1.0975;PC; 234.75 ;1;1;407
S287;S287 4.50T SYNTHETIC CHOKER HOOK;73269090;1021918;1.05;PC; 1573.79 ;1;1;2611
S287    ;3.25T WEB CHKR HOOK;73159000;1021909;1.0975;PC; 711.13 ;1;1;1233
S340;S340 END LINK 1/2 (13MM);73269090;1014100;1.05;PC; 60.66 ;1;1;101
S340    ;5/16 END LINK      ;73159000;1014066;1.0975;PC; 110.45 ;1;1;192
S340    ;3/8 END LINK       ;73159000;1014084;1.0975;PC; 120.67 ;1;1;209
S340    ;5/8 END LINK       ;73159000;1014128;1.0975;PC; 201.78 ;1;1;350
S340    ;3/4 END LINK       ;73159000;1014146;1.0975;PC; 261.84 ;1;1;454
S340    ;7/8 END LINK       ;73159000;1014164;1.0975;PC; 409.58 ;1;1;710
S340    ;1 END LINK         ;73159000;1014182;1.0975;PC; 613.06 ;1;1;1063
S340    ;1-1/4 END LNK      ;73159000;1014208;1.0975;PC; 1634.97 ;1;1;2835
S340    ;1-3/8 END LNK      ;73159000;1014226;1.0975;PC; 3716.84 ;1;1;6445
S341;S341 PEAR LINK 3/8 (10MM);73269090;1013904;1.05;PC; 80.95 ;1;1;134
S341;S341 PEAR LINK 12 (13MM);73269090;1013922;1.05;PC; 84.48 ;1;1;140
S341    ;5/8 SLING LINK     ;73159000;1013940;1.0975;PC; 151.23 ;1;1;262
S341    ;3/4 SLING LINK     ;73159000;1013968;1.0975;PC; 227.44 ;1;1;394
S341    ;7/8 SLING LINK     ;73159000;1013986;1.0975;PC; 316.84 ;1;1;549
S341    ;1 SLING LINK       ;73159000;1014002;1.0975;PC; 464.27 ;1;1;805
S341    ;1-1/4 SLING LINK   ;73159000;1014020;1.0975;PC; 900.12 ;1;1;1561
S341    ;1-3/8 SLING LINK   ;73159000;1014048;1.0975;PC; 1733.24 ;1;1;3006
S643;S643 WELDLESS RING 1X4.0;73269090;1013824;1.05;PC; 820.75 ;1;1;1362
S643    ;7/8X4 WELDLESS RING;73159000;1013780;1.0975;PC; 406.28 ;1;1;705
S643    ;7/8X5-1/2 WLDL RING;73159000;1013806;1.0975;PC; 499.7 ;1;1;867
S643    ;1-1/8X6 WELDLS RING;73159000;1013842;1.0975;PC; 802.99 ;1;1;1392
S643    ;1-1/4X5 WELDLS RING;73159000;1013860;1.0975;PC; 879.32 ;1;1;1525
S643    ;1-3/8X6 WELDLS RING;73159000;1013888;1.0975;PC; 1414.39 ;1;1;2453
L140;L140 R-7 RATCHET LOAD BINDER 5/16 - 3/8;73269090;1048404;1.05;PC; 2452.71 ;1;1;4069
L140;L140 R-A RATCHET LOAD BINDER 3/8 - 1/2;73269090;1048422;1.05;PC; 2846.96 ;1;1;4723
L140;L140 R-10 RATCHET LOAD BINDER NO HOOKS;73269090;1048468;1.05;PC; 1997.44 ;1;1;3314
L140    ; R-C RATCHET BINDER;73269090;1048440;1.05;PC; 3432.16 ;1;1;5694
L150    ;  7-12 SNUB BINDER ;73269090;1048280;1.05;PC; 5165.48 ;1;1;8570
L150    ;A-1W LOAD BINDER   ;73269090;1048388;1.05;PC; 8425.38 ;1;1;13978
L180    ;459 5/16-3/8 TCHN  ;73158200;1091473;1.0975;PC; 836.95 ;1;1;1451
L180    ;460 5/8 TAILCHAIN  ;73158200;1091482;1.0975;PC; 1462.42 ;1;1;2536
L180    ;"466 7/8 24"" TLCHN  ";73158200;1091511;1.0975;PC; 3590.89 ;1;1;6227
L180    ;457 1,1-1/8 TLCHN  ;73158200;1091516;1.0975;PC; 4024.8 ;1;1;6979
L180    ;467 1,1-1/8 TLCHN  ;73158200;1091525;1.0975;PC; 4216.26 ;1;1;7311
L180    ;"467 1-1/4""  24""    ";73158200;1091532;1.0975;PC; 7746.64 ;1;1;13433
V400    ;VITALIFE 400 12OZ. ;84313900;1038946;1;PC; 149.81 ;1;1;237
V400    ;VITALIFE 400 5 GAL.;84313900;1038955;1;PC; 2392.99 ;1;1;3781
V400    ;VITALIFE 400 55 GAL;84313900;1038964;1;PC; 23258.46 ;1;1;36748
V410 BIO;VITALIFE 410 12OZ. ;84313900;1039004;1;PC; 170.13 ;1;1;269
V410 BIO;VITALIFE 410 5GAL  ;84313900;1039013;1;PC; 3290.74 ;1;1;5199
V410 BIO;VITALIFE 410 55GAL ;84313900;1039022;1;PC; 32640.92 ;1;1;51573
V500    ;VITALIFE 500 5 GAL.;84313900;1038973;1;PC; 3499.23 ;1;1;5529
V500    ;VITALIFE 500 55 GAL;84313900;1038982;1;PC; 34060.09 ;1;1;53815
VSP     ;SPRAYER 4.0 GALLON ;84313900;1039092;1;PC; 2234.2 ;1;1;3530
 CCPH     ;CCPH PH-2 CLAMP-CO PIPE HOOK;73269090;2734500;1.05;PC; 1829.56 ;1;1;3035
 CCPH     ;CCPH PH-4 CLAMP-CO PIPE HOOK;73269090;2734509;1.05;PC; 2315.18 ;1;1;3841
 CCPH     ;CCPH PH-6 CLAMP-CO PIPE HOOK;73269090;2734518;1.05;PC; 2899.28 ;1;1;4810
 CCPH     ;CCPH PH-10 CLAMP-CO PIPE HOOK;73269090;2734527;1.05;PC; 4217.88 ;1;1;6997
 CCPHI    ;CCPHI 2T 76-305MM INSERT F/CLAMPCO CCPH;73182900;2734800;1;PC; 760.87 ;1;1;1202
 CCPHI    ;CCPHI 4T 457-762MM INSERT FOR CCPH;73182900;2734818;1;PC; 873.82 ;1;1;1381
 CCPHI    ;CCPHI 6T 762-1067MM INSERT FOR CCPH;73182900;2734827;1;PC; 1246.76 ;1;1;1970
 IP10     ;IP10 1T 0-20MM VERTICAL LIFTING CLAMP;84313900;2701662;1;PC; 2584.75 ;1;1;4084
 IP10     ;IP10 3T 0-40MM VERTICAL LIFTING CLAMP;84313900;2701664;1;PC; 5668.04 ;1;1;8956
 IP10     ;IP10 4,5t 0-40MM VERTICAL LIFTING CLAMP;84313900;2701666;1;PC; 5845.85 ;1;1;9236
 IP10     ;IP10 6T 0-50MM VERTICAL LIFTING CLAMP;84313900;2701668;1;PC; 8088.67 ;1;1;12780
 IP10     ;IP10 9T 0-50MM VERTICAL LIFTING CLAMP;84313900;2701670;1;PC; 11641.31 ;1;1;18393
 IP10     ;IP10 0,5T 0-16MM VERTICAL LIFTING CLAMP;84313900;2701674;1;PC; 2449.84 ;1;1;3871
 IP10     ;IP10 2T 0-35MM VERTICAL LIFTING CLAMP;84313900;2701676;1;PC; 3768.18 ;1;1;5954
 IP10     ;IP10 12T 0-54MM VERTICAL LIFTING CLAMP;84313900;2701678;1;PC; 36363.64 ;1;1;57455
 IP10     ;IP10 16T 5-64MM VERTICAL LIFTING CLAMP;84313900;2701682;1;PC; 52328.16 ;1;1;82678
 IP10     ;IP10 22,5T 5-80MM VERTICAL LIFTING CLAMP;84313900;2701686;1;PC; 60889.75 ;1;1;96206
 IP10     ;IP10 30T 5-80MM VERTICAL LIFTING CLAMP;84313900;2701690;1;PC; 77750.69 ;1;1;122846
 IP10H ;IP10/H 0,75T 0-20MM VERTICAL LIFT CLAMP;84313900;2702162;1;PC; 6454.36 ;1;1;10198
 IP10H    ;IP10/H 2T 0-40MM VERTICAL LIFTING CLAMP;84313900;2702164;1;PC; 7469.69 ;1;1;11802
 IP10H    ;IP10/H 3T 0-40MM VERTICAL LIFTING CLAMP;84313900;2702166;1;PC; 8300.6 ;1;1;13115
 IP10H    ;IP10/H 4,5t 0-50MM VERTICAL HARDOX;84313900;2702168;1;PC; 11142.24 ;1;1;17605
 IP10H    ;IP10/H 6T 0-50MM VERTICAL LIFTING CLAMP;84313900;2702170;1;PC; 17504.99 ;1;1;27658
 IP10H    ;IP10/H 0,5T 0-16MM;84313900;2702174;1;PC; 3297.29 ;1;1;5210
 IP10H    ;IP10/H 1T 0-35MM VERTICAL LIFTING CLAMP;84313900;2702176;1;PC; 5049.83 ;1;1;7979
 IP10J  ;IP10/J 12T 54-108MM VERTICAL CLAMP;84313900;2701680;1;PC; 38961.92 ;1;1;61560
 IP10J   ;IP10/J 0,5T 15-30MM VERTICAL LIFT CLAMP;84313900;2701646;1;PC; 5986.7 ;1;1;9459
 IP10J    ;IP10/J 9T 50-100MM VERTICAL CLAMP;84313900;2701672;1;PC; 13950.03 ;1;1;22041
 IP10J    ;IP10/J 16T 64-128MM VERTICAL CLAMP;84313900;2701684;1;PC; 57649.67 ;1;1;91086
 IP10J    ;IP10/J 22,5T 80-155MM VERTICAL CLAMP;84313900;2701688;1;PC; 75388.03 ;1;1;119113
 IP10J    ;IP10/J 30T 80-155MM VERTICAL CLAMP;84313900;2701692;1;PC; 93126.39 ;1;1;147140
 IP10J    ;IP10/J 6T 50-100MM VERTICAL CLAMP;84313900;2701705;1;PC; 12829.4 ;1;1;20270
 IP10S    ;IP10/S 1T 0-20MM VERTICAL LIFTING CLAMP;84313900;2702262;1;PC; 3395.5 ;1;1;5365
 IP10S    ;IP10/S 3T 0-40MM VERTICAL LIFTING CLAMP;84313900;2702264;1;PC; 8011.65 ;1;1;12658
 IP10S    ;IP10/S 4,5T 0-40MM VERTICAL STAINLESS;84313900;2702266;1;PC; 8780.49 ;1;1;13873
 IP10S    ;IP10/S 6T 0-50MM VERTICAL LIFTING CLAMP;84313900;2702268;1;PC; 11543.35 ;1;1;18238
 IP10S    ;IP10/S 9T 0-50MM VERTICAL LIFTING CLAMP;84313900;2702270;1;PC; 15521.06 ;1;1;24523
 IP10S    ;IP10/S 0,5T 0-16MM;84313900;2702274;1;PC; 3218.72 ;1;1;5086
 IP10S    ;IP10/S 2T 0-35MM VERTICAL LIFTING CLAMP;84313900;2702276;1;PC; 5563.11 ;1;1;8790
 IP5000   ;"IP5000 FR-1 8MM 5/16"" STINGER ASSEMBLY";84313900;2701695;1;PC; 1442.66 ;1;1;2279
 IP5000   ;"IP5000 FR-2 13MM 1/2"" STINGER ASSEMBLY";84313900;2701704;1;PC; 2511.09 ;1;1;3968
 IP5000   ;"IP5000 FR-3 22MM 7/8"" STINGER ASSEMBLY";84313900;2701713;1;PC; 4332.89 ;1;1;6846
 IPBC     ;IPBC 1T 0-20MM HORIZONTAL LIFTING CLAMP;84313900;2700410;1;PC; 4418.7 ;1;1;6982
 IPBC     ;IPBC 2T 0-25MM HORIZONTAL LIFTING CLAMP;84313900;2700411;1;PC; 5161.48 ;1;1;8155
 IPBC     ;IPBC 3T 0-25MM HORIZONTAL LIFTING CLAMP;84313900;2700412;1;PC; 6344.66 ;1;1;10025
 IPBCNS ;IPBCNS 13,5T 178-432MM;84313900;2702018;1;PC; 29902.23 ;1;1;47246
 IPBCNS ;IPBCNS 22,5T 406-610MM;84313900;2702036;1;PC; 50643.48 ;1;1;80017
 IPBCNS ;IPBCNS 32T 406-914MM;84313900;2702054;1;PC; 65445.51 ;1;1;103404
 IPBG ;IPBG 4T 152-305MM;84313900;2704018;1;PC; 46216.59 ;1;1;73022
 IPBHZ ;IPBHZ 4,5T 0-40MM BEAM CLAMP;84313900;2705464;1;PC; 14669.48 ;1;1;23178
 IPBHZ    ;IPBHZ 0,75T 0-25MM BEAM CLAMP;84313900;2705461;1;PC; 5931.92 ;1;1;9372
 IPBHZ    ;IPBHZ 1,5T 0-25MM BEAM CLAMP;84313900;2705462;1;PC; 6883.27 ;1;1;10876
 IPBHZ    ;IPBHZ 3T 0-40MM BEAM CLAMP;84313900;2705463;1;PC; 9613.52 ;1;1;15189
 IPBHZ    ;IPBHZ 12T 0-40MM BEAM CLAMP;84313900;2705467;1;PC; 53447.72 ;1;1;84447
 IPBK10   ;IPBK10 1T 5-15MM LIFTING CLAMP;84313900;2703837;1;PC; 5827.5 ;1;1;9207
 IPBK10   ;IPBK10 2T 5-25MM LIFTING CLAMP;84313900;2703838;1;PC; 7041.44 ;1;1;11125
 IPBK10   ;IPBK10 4T 5-28MM LIFTING CLAMP;84313900;2703839;1;PC; 12856.79 ;1;1;20314
 IPBK10   ;IPBK10 0,5T 5-15MM LIFTING CLAMP;84313900;2703931;1;PC; 6075.39 ;1;1;9599
 IPBSNZ   ;IPBSNZ 1,5T 0-32MM BEAM CLAMP;84313900;2705925;1;PC; 21174.71 ;1;1;33456
 IPBSNZ   ;IPBSNZ 4,5T 0-50MM BEAM CLAMP;84313900;2705927;1;PC; 41685.14 ;1;1;65863
 IPBTO10  ;IPBTO10 1,5T 160-240MM;84313900;2700980;1;PC; 2925.9 ;1;1;4623
 IPBTO10  ;IPBTO10 3T 240-320MM SHIPBUILDING CLAMP;84313900;2700986;1;PC; 3114.31 ;1;1;4921
 IPBTO10  ;IPBTO10 6T 300-430MM SHIPBUILDING CLAMP;84313900;2700991;1;PC; 7647.5 ;1;1;12083
 IPBUUZ   ;IPBUUZ 0,75T 120-200MM SHIPBUILDING;84313900;2705601;1;PC; 13310.89 ;1;1;21031
 IPBUZ    ;IPBUZ 0,75t 120-200MM SHIPBUILDING CLAMP;84313900;2705600;1;PC; 12578.44 ;1;1;19874
 IPBUZ    ;IPBUZ 1,5T 220-430MM SHIPBUILDING CLAMP;84313900;2705701;1;PC; 21002.06 ;1;1;33183
 IPBUZ    ;IPBUZ 3,75T 220-430MM SHIPBUILDING CLAMP;84313900;2705702;1;PC; 40513.52 ;1;1;64011
 IPCC     ;IPCC 1T 40-140MM VERTICAL LIFTING CLAMP;84313900;2700037;1;PC; 4434.59 ;1;1;7007
 IPDV     ;IPDV 0,5T DRUM CLAMP;84313900;2700118;1;PC; 4834.28 ;1;1;7638
 IPH10    ;IPH10 0,5T 0-20MM;84313900;2703297;1;PC; 3070.63 ;1;1;4852
 IPH10    ;IPH10 1T 0-35MM HORIZONTAL LIFTING CLAMP;84313900;2703298;1;PC; 3496.55 ;1;1;5525
 IPH10    ;IPH10 2T 0-60MM HORIZONTAL LIFTING CLAMP;84313900;2703522;1;PC; 4535.26 ;1;1;7166
 IPH10    ;IPH10 3T 0-60MM HORIZONTAL LIFTING CLAMP;84313900;2703523;1;PC; 5003.83 ;1;1;7906
 IPH10    ;IPH10 4,5T 0-60MM;84313900;2703524;1;PC; 6379.55 ;1;1;10080
 IPH10    ;IPH10 6T 0-60MM HORIZONTAL LIFTING CLAMP;84313900;2703525;1;PC; 6629.99 ;1;1;10475
 IPH10    ;IPH10 9T 0-60MM HORIZONTAL LIFTING CLAMP;84313900;2703526;1;PC; 11055.15 ;1;1;17467
 IPH10    ;IPH10 12T 0-60MM HORIZONTAL CLAMP;84313900;2703527;1;PC; 14634.15 ;1;1;23122
 IPH10/E  ;IPH10E 2T 0-60MM;84313900;2703542;1;PC; 3518.26 ;1;1;5559
 IPH10/E  ;IPH10E 3T 0-60MM HORIZONTAL CLAMP;84313900;2703543;1;PC; 3868.46 ;1;1;6112
 IPH10/E  ;IPH10E 4,5T 0-60MM;84313900;2703544;1;PC; 4911.82 ;1;1;7761
 IPH10/E  ;IPH10E 6T 0-60MM HORIZONTAL CLAMP;84313900;2703545;1;PC; 5214.72 ;1;1;8239
 IPH10/E  ;IPH10E 12T 0-60MM HORIZONTAL CLAMP;84313900;2703547;1;PC; 11072.72 ;1;1;17495
 IPH10/JE ;IPH10JE 3T 60-120MM HORIZONTAL CLAMP;84313900;2703553;1;PC; 4857.29 ;1;1;7675
 IPH10/JE ;IPH10JE 4,5T 60-120MM HORIZONTAL CLAMP;84313900;2703554;1;PC; 5410.2 ;1;1;8548
 IPH10/JE ;IPH10JE 6T 60-120MM;84313900;2703555;1;PC; 5944.84 ;1;1;9393
 IPH10/JE ;IPH10JE 9T 60-120MM HORIZONTAL CLAMP;84313900;2703556;1;PC; 8824.83 ;1;1;13943
 IPH10/JE ;IPH10JE 12T 60-120MM HORIZONTAL CLAMP;84313900;2703557;1;PC; 11603.57 ;1;1;18334
 IPH10E ;IPH10E 9T 0-60MM HORIZONTAL CLAMP;84313900;2703546;1;PC; 7387.78 ;1;1;11673
 IPH10J  ;IPH10/J 3T 60-120MM HORIZONTAL CLAMP;84313900;2703533;1;PC; 6063.72 ;1;1;9581
 IPH10J  ;IPH10/J 4,5T 60-120MM HORIZONTAL CLAMP;84313900;2703534;1;PC; 6991.56 ;1;1;11047
 IPH10J  ;IPH10/J 6T 60-120MM HORIZONTAL CLAMP;84313900;2703535;1;PC; 7512.59 ;1;1;11870
 IPH10J  ;IPH10/J 9T 60-120MM;84313900;2703536;1;PC; 11462.98 ;1;1;18112
 IPH10J  ;IPH10/J 12T 60-120MM HORIZONTAL CLAMP;84313900;2703537;1;PC; 22869.3 ;1;1;36133
 IPHGUZ   ;IPHGUZ 1,5T 0-25MM;84313900;2705455;1;PC; 11557.31 ;1;1;18261
 IPHGUZ   ;IPHGUZ 3T 0-40MM HORIZONTAL CLAMP;84313900;2705456;1;PC; 50385.88 ;1;1;79610
 IPHGUZ   ;IPHGUZ 4,5T 0-40MM HORIZONTAL CLAMP;84313900;2705457;1;PC; 56929.28 ;1;1;89948
 IPHGZ    ;IPHGZ 0,75T 0-25MM HORIZONTAL CLAMP;84313900;2705451;1;PC; 6657.64 ;1;1;10519
 IPHGZ    ;IPHGZ 1,5T 0-25MM;84313900;2705452;1;PC; 8273.2 ;1;1;13072
 IPHGZ    ;IPHGZ 3T 0-40MM HORIZONTAL LIFTING CLAMP;84313900;2705453;1;PC; 10881.73 ;1;1;17193
 IPHGZ    ;IPHGZ 4,5T 0-40MM HORIZONTAL CLAMP;84313900;2705454;1;PC; 18625.28 ;1;1;29428
 IPHNM10  ;IPHNM10 0,5T 0-20MM;84313900;2703287;1;PC; 7246.64 ;1;1;11450
 IPHNM10  ;IPHNM10 1T 0-35MM;84313900;2703288;1;PC; 7515.95 ;1;1;11875
 IPHNM10  ;IPHNM10 2T 0-30MM HORIZONTAL CLAMP;84313900;2703290;1;PC;10.852;1;1;17146
 IPHNM10  ;IPHNM10/J 2T 30-60MM HORIZONTAL CLAMP;84313900;2703291;1;PC; 11491.92 ;1;1;18157
 IPHOZ    ;IPHOZ 0,75T 0-30MM;84313900;2705401;1;PC; 3730.71 ;1;1;5895
 IPHOZ    ;IPHOZ 1,5T 0-45MM HORIZONTAL CLAMP;84313900;2705402;1;PC; 4806.89 ;1;1;7595
 IPHOZ    ;IPHOZ 3T 0-45MM HORIZONTAL LIFTING CLAMP;84313900;2705403;1;PC; 5478.08 ;1;1;8655
 IPHOZ    ;IPHOZ 4,5T 0-45MM;84313900;2705404;1;PC; 6414.96 ;1;1;10136
 IPHOZ    ;IPHOZ 6T 0-60MM HORIZONTAL LIFTING CLAMP;84313900;2705405;1;PC; 9196.64 ;1;1;14531
 IPHOZ    ;IPHOZ 9T 0-60MM HORIZONTAL LIFTING CLAMP;84313900;2705406;1;PC; 20116.1 ;1;1;31783
 IPHOZ    ;IPHOZ 12T 0-60MM HORIZONTAL LIFT CLAMP;84313900;2705407;1;PC; 27607.24 ;1;1;43619
 IPHOZ    ;IPHOZ 15T 0-60MM HORIZONTAL CLAMP;84313900;2705408;1;PC; 27963.12 ;1;1;44182
 IPNM10   ;IPNM10 2T 0-40MM VERTICAL LIFTING CLAMP;84313900;2703442;1;PC; 50531.9 ;1;1;79840
 IPNM10/P ;IPNM10P 0,5T 0-10MM;84313900;2703278;1;PC; 9189.15 ;1;1;14519
 IPNM10/P ;IPNM10P 1T 0-20MM VERTICAL LIFTING CLAMP;84313900;2703279;1;PC; 13032.8 ;1;1;20592
 IPNM10N  ;IPNM10N 1T 0-20MM VERTICAL LIFTING CLAMP;84313900;2703738;1;PC; 9882.56 ;1;1;15614
 IPNM10N  ;IPNM10N 0,5T 0-10MM;84313900;2703811;1;PC; 7223.9 ;1;1;11414
 IPNM10NJ ;IPNM10NJ 1T 20-37MM;84313900;2703814;1;PC; 14544.2 ;1;1;22980
 IPNM10NJ ;IPNM10NJ1 1T 0-25MM;84313900;2703819;1;PC; 16905.89 ;1;1;26711
 IPPE10 ;IPPE10D 3T 0-300MM HORIZONTAL LIFT CLAMP;84313900;2703882;1;PC; 13774.36 ;1;1;21763
 IPPE10B  ;IPPE10B 3T 0-180MM HORIZONTAL LIFT CLAMP;84313900;2703862;1;PC; 14682.12 ;1;1;23198
 IPPE10B  ;IPPE10B 6T 0-180MM HORIZONTAL LIFT CLAMP;84313900;2703871;1;PC; 16377.25 ;1;1;25876
 IPPE10B  ;IPPE10B 9T 0-180MM HORIZONTAL LIFT CLAMP;84313900;2703888;1;PC; 16917.1 ;1;1;26729
 IPPE10B  ;IPPE10B 12T 0-180MM HORIZONTAL CLAMP;84313900;2703921;1;PC; 27265.04 ;1;1;43079
 IPPE10H ;IPPE10H 6T 0-420MM HORIZONTAL LIFT CLAMP;84313900;2703875;1;PC; 9908.12 ;1;1;15655
 IPPE10H ;IPPE10H 9T 0-420MM HORIZONTAL LIFT CLAMP;84313900;2703890;1;PC; 24901.85 ;1;1;39345
 IPPE10HNM ;IPPE10HNM 9T 0-420MM;84313900;2703920;1;PC; 36914.44 ;1;1;58325
 IPPEBNM ;IPPE10BNM 6T 0-180MM HORIZONTAL CLAMP;84313900;2703872;1;PC; 28381.37 ;1;1;44843
 IPPEH ;CCPH PH-15 CLAMP-CO PIPE HOOK;84313900;2734536;1;PC; 18518.85 ;1;1;29260
 IPPEH ;CCPH PH-20 CLAMP-CO PIPE HOOK;84313900;2734545;1;PC; 20320.96 ;1;1;32107
 IPPHI ;CCPHI 4T 457-762MM PIPE HOOK INSERT;84313900;2734918;1;PC; 593.54 ;1;1;938
 IPPHI ;CCPHI 6T 762-1067MM PIPE HOOK INSERT;84313900;2734927;1;PC; 710.24 ;1;1;1122
 IPPHI ;CCPHI 10T 1067-1329MM PIPE HOOK INSERT;84313900;2734936;1;PC; 981.55 ;1;1;1551
 IPSBUSUZ ;IPSBUSUZ 4,5T 180-430MM SHIPBUILDING;84313900;2705772;1;PC; 58160.59 ;1;1;91894
 IPSBUSUZ ;IPSBUSUZ 9T 180-430MM SHIPBUILDING CLAMP;84313900;2705774;1;PC; 66055.91 ;1;1;104368
 IPSBUSZ  ;IPSBUSZ 9T 180-430MM;84313900;2705724;1;PC; 53056.27 ;1;1;83829
 IPSBUSZ  ;IPSBUSZ 15T 180-430MM;84313900;2705728;1;PC; 60179.27 ;1;1;95083
 IPSBUUZ  ;IPSBUUZ 4,5T 100-160MM SHIPBUILDING;84313900;2705771;1;PC; 52197.72 ;1;1;82472
 IPSBUUZ  ;IPSBUUZ 9T 100-160MM SHIPBUILDING CLAMP;84313900;2705773;1;PC; 61026.27 ;1;1;96422
 IPSC10   ;IPSC10 1,5t;84313900;2703857;1;PC; 5061.46 ;1;1;7997
 IPSC10   ;IPSC10 3T 0-60MM POSITIONING-TURNING;84313900;2703858;1;PC; 6521.7 ;1;1;10304
 IPSTARTE ;IPSTARTEC11 1,5T 6-12MM BEAM CLAMP;84313900;2701812;1;PC; 9714.57 ;1;1;15349
 IPSTARTE ;IPSTARTEC11 2,5T 6-20MM BEAM CLAMP;84313900;2701822;1;PC; 11280.77 ;1;1;17824
 IPTK     ;IPTK 5T 120-350MM BEAM CLAMP;84313900;2700994;1;PC; 5258.4 ;1;1;8308
 IPTK     ;IPTK 2T 75-190MM BEAM CLAMP;84313900;2700996;1;PC; 3423.15 ;1;1;5409
 IPTK     ;IPTK 3T 75-190MM BEAM CLAMP;84313900;2700997;1;PC; 3606.14 ;1;1;5698
 IPTK     ;IPTK 4T 150-280MM BEAM CLAMP;84313900;2700998;1;PC; 4869.69 ;1;1;7694
 IPTK     ;IPTK 25T 450-1020MM BEAM CLAMP;84313900;2702999;1;PC; 97350.67 ;1;1;153814
 IPTKA ;IPTKA 5T 100-305MM BEAM PLATE CLAMPS;84313900;2707065;1;PC; 38838.88 ;1;1;61365
 IPTKA ;IPTKA 3T 100-205MM BEAM PLATE CLAMPS;84313900;2707111;1;PC; 34061.98 ;1;1;53818
 IPTKA ;IPTKAJ1 5T 70-125MM BEAM PLATE CLAMPS;84313900;2707114;1;PC; 35476.72 ;1;1;56053
 IPTKA ;IPTKAJ2 5T 100-305MM BEAM PLATE CLAMPS;84313900;2707115;1;PC; 37250.55 ;1;1;58856
 IPTKA ;IPTKAJ1 3T 70-125MM BEAM PLATE CLAMPS;84313900;2707116;1;PC; 34061.98 ;1;1;53818
 IPTKA ;IPTKAJ2 3T 100-205MM BEAM PLATE CLAMPS;84313900;2707117;1;PC; 24876.62 ;1;1;39305
 IPTKU    ;IPTKU  10 T 200-460 MM CLAMP WLL 10T;84313900;2707970;1;PC; 17838.91 ;1;1;28185
 IPTKU    ;IPTKU 5T 120-350MM CLAMP WLL 5 T;84313900;2707994;1;PC; 8705.85 ;1;1;13755
 IPTKU    ;IPTKU 2T 75-190 MM CLAMP WLL 2 T;84313900;2707996;1;PC; 6158.32 ;1;1;9730
 IPTKU    ;IPTKU  3T 75-190MM CLAMP WLL 3 T;84313900;2707997;1;PC; 6157.02 ;1;1;9728
 IPTKU    ;IPTKU 4T 120-280MM CLAMP WLL 4 T;84313900;2707998;1;PC; 8506.58 ;1;1;13440
 IPTKUD   ;IPTKU/D 10T 200-460MM DOUBLE LOCKING;84313900;2709970;1;PC; 22512.18 ;1;1;35569
 IPTKUD   ;IPTKU/D 3T 75-190MM DOUBLE LOCKING;84313900;2709993;1;PC; 9276.5 ;1;1;14657
 IPTKUD   ;IPTKU/D 5T 120-350MM DOUBLE LOCKING;84313900;2709994;1;PC; 13112.4 ;1;1;20718
 IPTKUD   ;IPTKU/D 4T 120-280MM DOUBLE LOCKING;84313900;2709995;1;PC; 13658.76 ;1;1;21581
 IPTKUD   ;IPTKU/D 2T 75-190MM W/DOUBLE LOCKING 2 T;84313900;2709996;1;PC; 9285.03 ;1;1;14670
 IPTKW    ;IPTKW 2t 75-190MM BEAM CLAMP;84313900;2700966;1;PC; 3306.85 ;1;1;5225
 IPTKW    ;IPTKW 3T 75-190MM BEAM CLAMP;84313900;2700967;1;PC; 3435.3 ;1;1;5428
 IPTKW    ;IPTKW 4T 150-280MM BEAM CLAMP;84313900;2700968;1;PC; 4367.53 ;1;1;6901
 IPTKW    ;IPTKW 5T 120-350MM BEAM CLAMP;84313900;2700969;1;PC; 4742.79 ;1;1;7494
 IPU10    ;IPU10 1T 0-20MM VERTICAL LIFTING CLAMP;84313900;2701663;1;PC; 3133.43 ;1;1;4951
 IPU10    ;IPU10 3T 0-40MM VERTICAL LIFTING CLAMP;84313900;2701665;1;PC; 6727.94 ;1;1;10630
 IPU10    ;IPU10 4,5T 0-40MM VERTICAL LIFTING CLAMP;84313900;2701667;1;PC; 6806.76 ;1;1;10755
 IPU10    ;IPU10 6T 0-50MM VERTICAL LIFTING CLAMP;84313900;2701669;1;PC;9.850;1;1;15563
 IPU10    ;IPU10 9T 0-50MM VERTICAL LIFTING CLAMP;84313900;2701671;1;PC; 13233.87 ;1;1;20910
 IPU10    ;IPU10 0,5T 0-16MM VERTICAL LIFTING CLAMP;84313900;2701675;1;PC; 2998.78 ;1;1;4738
 IPU10    ;IPU10 2T 0-35MM VERTICAL LIFTING CLAMP;84313900;2701677;1;PC; 4677.41 ;1;1;7390
 IPU10    ;IPU10 12T 0-54MM VERTICAL LIFTING CLAMP;84313900;2701679;1;PC; 47335.15 ;1;1;74790
 IPU10    ;IPU10 16T 5-64MM VERTICAL LIFTING CLAMP;84313900;2701683;1;PC; 60525.6 ;1;1;95630
 IPU10    ;IPU10 22,5T 5-80MM VERTICAL CLAMP;84313900;2701687;1;PC; 78935.7 ;1;1;124718
 IPU10    ;IPU10 30T 5-80MM VERTICAL LIFTING CLAMP;84313900;2701691;1;PC; 104178.62 ;1;1;164602
 IPU10/A  ;IPU10A 1T 0-20MM VERTICAL LIFTING CLAMP;84313900;2701628;1;PC; 4845.14 ;1;1;7655
 IPU10/A  ;IPU10A 2T 0-35MM VERTICAL LIFTING CLAMP;84313900;2701629;1;PC; 8784.41 ;1;1;13879
 IPU10/H  ;IPU10/H 2T 0-40MM VERTICAL LIFTING CLAMP;84313900;2702165;1;PC; 8529.33 ;1;1;13476
 IPU10/H  ;IPU10/H 3T 0-40MM VERTICAL LIFTING CLAMP;84313900;2702167;1;PC; 9360.76 ;1;1;14790
 IPU10/H  ;IPU10/H 4,5T 0-50MM;84313900;2702169;1;PC; 12903.57 ;1;1;20388
 IPU10/H  ;IPU10/H 6T 0-50MM VERTICAL LIFTING CLAMP;84313900;2702171;1;PC; 19097.04 ;1;1;30173
 IPU10/H  ;IPU10/H 0,5T 0-16MM;84313900;2702175;1;PC; 3944.44 ;1;1;6232
 IPU10/H  ;IPU10/H 1T 0-35MM VERTICAL LIFTING CLAMP;84313900;2702177;1;PC; 5959.31 ;1;1;9416
 IPU10A ;IPU10A 6T 0-50MM VERTICAL LIFTING CLAMP;84313900;2701638;1;PC; 242.63 ;1;1;383
 IPU10H ;IPU10/H 0.75 T 0-20MM VERTICAL HARDOX;84313900;2702163;1;PC; 7859.4 ;1;1;12418
 IPU10J ;IPU10/J 0,5T 15-30MM;84313900;2701647;1;PC; 4901.93 ;1;1;7745
 IPU10J ;IPU10/J 1T 20-40MMM VERTICAL LIFT CLAMP;84313900;2702463;1;PC; 5981.33 ;1;1;9451
 IPU10J ;IPU10/J 3t 40-80mm;84313900;2702465;1;PC; 20801.4 ;1;1;32866
 IPU10J   ;IPU10/J 9T 50-100MM VERTICAL CLAMP;84313900;2701673;1;PC; 15542.59 ;1;1;24557
 IPU10J   ;IPU10/J 12T 54-108MM;84313900;2701681;1;PC; 47222.2 ;1;1;74611
 IPU10J   ;IPU10/J 16T 64-128MM VERTICAL CLAMP;84313900;2701685;1;PC; 70680.31 ;1;1;111675
 IPU10J   ;IPU10/J 22,5t 80-155MM VERTICAL CLAMP;84313900;2701689;1;PC; 93126.39 ;1;1;147140
 IPU10J   ;IPU10/J 30T 80-155MM VERTICAL CLAMP;84313900;2701693;1;PC; 124168.51 ;1;1;196186
 IPU10J   ;IPU10/J 6T 50-100MM;84313900;2702469;1;PC; 14442.37 ;1;1;22819
 IPU10S   ;IPU10/S 1T 0-20MM VERTICAL LIFTING CLAMP;84313900;2702263;1;PC; 3944.19 ;1;1;6232
 IPU10S   ;IPU10/S 3T 0-40MM VERTICAL LIFTING CLAMP;84313900;2702265;1;PC; 9071.55 ;1;1;14333
 IPU10S   ;IPU10/S 4,5T 0-40MM VERTICAL STAINLESS;84313900;2702267;1;PC; 9289.16 ;1;1;14677
 IPU10S   ;IPU10/S 6T 0-50MM VERTICAL LIFTING CLAMP;84313900;2702269;1;PC; 13523.59 ;1;1;21367
 IPU10S   ;IPU10/S 9T 0-50MM VERTICAL LIFTING CLAMP;84313900;2702271;1;PC; 18625.28 ;1;1;29428
 IPU10S   ;IPU10/S 0,5T 0-16MM;84313900;2702275;1;PC; 3866.13 ;1;1;6108
 IPU10S   ;IPU10/S 2,0T 0-35MM;84313900;2702277;1;PC; 6472.59 ;1;1;10227
 IPU10S   ;IPU10/S 12T 0-54MM VERTICAL LIFT CLAMP;84313900;2702279;1;PC; 53215.08 ;1;1;84080
 IPVK     ;IPVK 0,5T DRUM CLAMP;84313900;2700116;1;PC; 2662.28 ;1;1;4206
 IPVUZ    ;IPVUZ 0,75T 0-15MM BEAM CLAMP;84313900;2705146;1;PC; 4794.74 ;1;1;7576
 IPVUZ    ;IPVUZ 1,5T 0-20MM BEAM CLAMP;84313900;2705147;1;PC; 9265.65 ;1;1;14640
 IPVZ     ;IPVZ 0,75T 0-15MM BEAM CLAMP;84313900;2705096;1;PC; 4436.01 ;1;1;7009
 IPVZ     ;IPVZ 1,5T 0-20MM BEAM CLAMP;84313900;2705097;1;PC; 8752.37 ;1;1;13829
 MAGNEX ;LIFTING MAGNET 150KG;84289090;2708023;1;PC; 6515.66 ;1;1;10295
 MAGNEX ;LIFTING MAGNET 300KG;84289090;2708024;1;PC; 8446.08 ;1;1;13345
 MAGNEX ;LIFTING MAGNET 600KG;84289090;2708025;1;PC; 12720.89 ;1;1;20099
 MAGNEX ;LIFTING MAGNET 1000KG;84289090;2708026;1;PC; 20971.48 ;1;1;33135
 MAGNEX ;LIFTING MAGNET 1500KG;84289090;2708027;1;PC; 32117.98 ;1;1;50746
 MAGNEX ;LIFTING MAGNET 2000KG;84289090;2708028;1;PC; 38725.41 ;1;1;61186
 PE10BE   ;IPPE10BE 6T 0-180MM HORIZONTAL CLAMP;84313900;2703870;1;PC; 7244.92 ;1;1;11447
 PE10BE   ;IPPE10BE 9T 0-180MM HORIZONTAL CLAMP;84313900;2703891;1;PC; 12876.95 ;1;1;20346
 PE10BE   ;IPPE10BE 12T 0-180MM HORIZONTAL CLAMP;84313900;2703924;1;PC; 22895.41 ;1;1;36175
 PE10BNM  ;IPPE10BNM 3T HORIZONTAL LIFTING CLAMP;84313900;2703864;1;PC; 26929.95 ;1;1;42549
 PE10BNM  ;IPPE10BNM 9T 0-180MM HORIZONTAL CLAMP;84313900;2703894;1;PC; 22598.7 ;1;1;35706
 PE10BNM  ;IPPE10BNM 12T 0-180MM HORIZONTAL CLAMP;84313900;2703927;1;PC; 38624.43 ;1;1;61027
 PE10H ;IPPE10H 12T 0-420MM HORIZONTAL CLAMP;84313900;2703923;1;PC; 22538.91 ;1;1;35611
 IP0098   ;PIVOT 3 - 4,5 IP(S-U)Z;84313900;2710001;1;PC; 180.4 ;1;1;285
 IP0098   ;PIVOT 2 FOR IPSC 3t;84313900;2710009;1;PC; 848.75 ;1;1;1341
 IP0098   ;PIVOT 1 IP10-IPU10;84313900;2710018;1;PC; 78.57 ;1;1;124
 IP0098   ;PIVOT  3-4,5-6 IP(U)10;84313900;2710027;1;PC; 167.47 ;1;1;265
 IP0098   ;PIVOT (ROUND) FOR IP(U)10/(J) 9t;84313900;2710036;1;PC; 201.33 ;1;1;318
 IP0098   ;PIVOT 0,5 IP(U)10 0,75 IP(U-S)Z;84313900;2710045;1;PC; 79.86 ;1;1;126
 IP0098   ;PIVOT 2 IP(U)10/(A);84313900;2710054;1;PC; 110.87 ;1;1;175
 IP0098   ;PIVOT 12-16 IP(U-S)NZ 12-16 IP(U)10(J);84313900;2710063;1;PC; 251.21 ;1;1;397
 IP0098   ;PIVOT 6 IPNZ-IPUNZ;84313900;2710072;1;PC; 179.88 ;1;1;284
 IP0098   ;PIVOT (ROUND) 9 IP(S-U)NZ;84313900;2710081;1;PC; 201.33 ;1;1;318
 IP0098   ;PIVOT - EXTRA HARD FOR IP(U)10/H 2-3T;84313900;2710090;1;PC; 292.05 ;1;1;461
 IP0098   ;PIVOT-HARD 0,5t FOR IP(U)10/H IPUX7;84313900;2710099;1;PC; 138.53 ;1;1;219
 IP0098   ;PIVOT - EXTRA HARD FOR IP(U)10/H 1t;84313900;2710108;1;PC; 171.61 ;1;1;271
 IP0098   ;PIVOT - SS FOR IP(U)10/S 1t;84313900;2710117;1;PC; 95.11 ;1;1;150
 IP0098   ;PIVOT - SS 3, 4,5 - 6 IP(U)10/S;84313900;2710126;1;PC; 323.06 ;1;1;510
 IP0098   ;PIVOT - SS 0,5 IP(U)10/S 0,75 IP(S-U)RZ;84313900;2710135;1;PC; 96.92 ;1;1;153
 IP0098   ;PIVOT - SS FOR IP(U)10/S 2t;84313900;2710144;1;PC; 204.95 ;1;1;324
 IP0098   ;PIVOT FOR IPHGUZ 1,5t;84313900;2710153;1;PC; 171.35 ;1;1;271
 IP0098   ;PIVOT FOR IPBKZ 0,75t;84313900;2710162;1;PC; 102.67 ;1;1;162
 IP0098   ;PIVOT FOR IPBKZ 1,5t;84313900;2710171;1;PC; 69.52 ;1;1;110
 IP0098   ;PIVOT FOR IPBU(U)Z 0.75t;84313900;2710189;1;PC; 120.89 ;1;1;191
 IP0098   ;PIVOT FOR IPBKZ 3,75T;84313900;2710225;1;PC; 141.37 ;1;1;223
 IP0098   ;PIVOT FOR IPBSNZ 1,5t;84313900;2710234;1;PC; 468.83 ;1;1;741
 IP0098   ;PIVOT FOR IPBSNZ 3t;84313900;2710243;1;PC; 1219.68 ;1;1;1927
 IP0098   ;PIVOT FOR IPBSNZ 4,5t;84313900;2710252;1;PC; 1259.16 ;1;1;1989
 IP0098   ;PIVOT FOR IPBUZ 1,5t;84313900;2710279;1;PC; 156.36 ;1;1;247
 IP0098   ;PIVOT 22,5 IPSUNZ;84313900;2710296;1;PC; 573.24 ;1;1;906
 IP0098   ;PIVOT - Sharp/SS 3-4,5 IP(S-U)RZ;84313900;2710323;1;PC; 313.24 ;1;1;495
 IP0098   ;PIVOT IPBC 1T FOR IPBC 1t;84313900;2710332;1;PC; 72.38 ;1;1;114
 IP0098   ;PIVOT FOR IPBC 2T - 3T;84313900;2710341;1;PC; 86.24 ;1;1;136
 IP0098   ;PIVOT 2 FOR IPSC 1,5t;84313900;2710395;1;PC; 750.02 ;1;1;1185
 IP0098   ;PIVOT FOR IPSC 1,5t;84313900;2710449;1;PC; 448.67 ;1;1;709
 IP0098   ;PIVOT FOR IPSC 3t;84313900;2710458;1;PC; 348.65 ;1;1;551
 IP0098   ;PIVOT FOR IP(U)10(NZ) 16T;84313900;2710494;1;PC; 253.33 ;1;1;400
 IP0098   ;PIVOT 6 IPSUNX1 FOR 6 IP(U)10/H;84313900;2710521;1;PC; 330.04 ;1;1;521
 IP1046   ;CAMS. SHAFT 1,5IP(S-R)Z 1,5 IPSRZ;84313900;2716000;1;PC; 201.43 ;1;1;318
 IP1046   ;CAMS. SHAFT IP(S)(R)Z-IP(S)U(R)Z 3 T;84313900;2716009;1;PC; 280.06 ;1;1;442
 IP1046   ;CAMSEGMENT SHAFT FOR IPZ 4,5 T;84313900;2716018;1;PC; 294.48 ;1;1;465
 IP1046   ;CAMSEGMENT SHAFT 1 IPBC O4101046;84313900;2716027;1;PC; 300.52 ;1;1;475
 IP1046   ;CAMSEGMENT SHAFT FOR IPBC 2t;84313900;2716036;1;PC; 331.87 ;1;1;524
 IP1046   ;CAMS. SHAFT 1 IPUN 0,5IP(U)10(H-S);84313900;2716054;1;PC; 132.58 ;1;1;209
 IP1046   ;CAMS. SHAFT 2 IP(U)10/H 3 IP(U)10(S);84313900;2716063;1;PC; 292.62 ;1;1;462
 IP1046   ;CAMS. SHAFT 3 IP(U)10/H 4,5IP(U)10(S);84313900;2716072;1;PC; 303.78 ;1;1;480
 IP1046   ;CAMS. SHAFT 4,5IP(U)10/H 6 IP(U)10(S);84313900;2716081;1;PC; 446.6 ;1;1;706
 IP1046   ;CAMSEGMENT SHAFT FOR IP(U)10/(J) 9t;84313900;2716090;1;PC; 472.65 ;1;1;747
 IP1046   ;CAMS. SHAFT 2 IP(U)N 1 IP(U)10/H;84313900;2716099;1;PC; 201.43 ;1;1;318
 IP1046   ;CAMS. SHAFT 12IP(U)10(S) 12 IP(U-S)NZ;84313900;2716108;1;PC; 916.46 ;1;1;1448
 IP1046   ;CAMSEGMENT SHAFT 6 IP(U-S-SU)NZ-NRZ;84313900;2716117;1;PC; 887.3 ;1;1;1402
 IP1046   ;CAMSEGMENT SHAFT 9 IP(U-S-SU)NZ;84313900;2716126;1;PC; 971.35 ;1;1;1535
 IP1046   ;CAMSEGMENT SH 3 IPHSZ P3081046;84313900;2716144;1;PC; 173.99 ;1;1;275
 IP1046   ;CAMSEGMENT SHAFT FOR IPHSZ 6t;84313900;2716153;1;PC; 229.35 ;1;1;362
 IP1046   ;CAMSEGMENT SHAFT 9 IPHSZ;84313900;2716162;1;PC; 397.29 ;1;1;628
 IP1046   ;CAMSEGMENT SHAFT FOR IPHTONZ 0,75t;84313900;2716180;1;PC; 99.09 ;1;1;157
 IP1046   ;CAMSEGMENT SH 1,5 IPHTONZ P3441046;84313900;2716189;1;PC; 125.14 ;1;1;198
 IP1046   ;CAMSEGMENT SH 0,75 IPHOZ P4011046;84313900;2716198;1;PC; 99.09 ;1;1;157
 IP1046   ;CAMSEGMENT SHAFT FOR IPHOZ 1,5t;84313900;2716207;1;PC; 125.14 ;1;1;198
 IP1046   ;CAMSEGMENT SH 4,5 IPHOZ P4041046;84313900;2716225;1;PC; 215.86 ;1;1;341
 IP1046   ;CAM.SHAFT/DIST. COL. FOR IPHGZ 0,75t;84313900;2716252;1;PC; 369.84 ;1;1;584
 IP1046   ;CAM.SHAFT/DIST. COL. FOR IPHGZ 3t;84313900;2716270;1;PC; 762.48 ;1;1;1205
 IP1046   ;CAM.SHAFT/DIST. COL. FOR IPHGZ 4,5t;84313900;2716279;1;PC; 746.39 ;1;1;1179
 IP1046   ;CAMS.SHAFT - DIST. COLLAR 1,5 IPHGUZ;84313900;2716288;1;PC; 421.7 ;1;1;666
 IP1046   ;CAMSEGMENT SHAFT FOR IPHTONZ 3t;84313900;2716333;1;PC; 173.99 ;1;1;275
 IP1046   ;CAMSEGMENT SHAFT FOR IPHTONZ 4,5t;84313900;2716342;1;PC; 215.86 ;1;1;341
 IP1046   ;CAMSEGMENT SHAFT FOR IPHTONZ 6t;84313900;2716351;1;PC; 229.35 ;1;1;362
 IP1046   ;CAMSEGMENT SHAFT FOR IPHTONZ 9t;84313900;2716360;1;PC; 370.37 ;1;1;585
 IP1046   ;CAMSEGMENT SHAFT FOR IPHTONZ 12t;84313900;2716369;1;PC; 1244.32 ;1;1;1966
 IP1046   ;CAMS. SH 0,75 IPBU(U)Z P6001046;84313900;2716396;1;PC; 194.04 ;1;1;307
 IP1046   ;CAMSEGMENT SH 1,5 IPBUZ;84313900;2716441;1;PC; 299.59 ;1;1;473
 IP1046   ;CAMSEGMENT SHAFT FOR IPBKZ 1,5t;84313900;2716450;1;PC; 222.53 ;1;1;352
 IP1046   ;CAMSEGMENT SH 1,5 IPBSNZ P9251046;84313900;2716468;1;PC; 1194.27 ;1;1;1887
 IP1046   ;CAMSEGMENT SH 3 IPBSNZ;84313900;2716477;1;PC; 1715.3 ;1;1;2710
 IP1046   ;CAMSEGMENT SHAFT FOR IPNM10 1T;84313900;2716567;1;PC; 197.25 ;1;1;312
 IP1046   ;CAMSEGMENT SHAFT FOR IP(U)10(NZ) 16T;84313900;2716576;1;PC; 1154.23 ;1;1;1824
 IP1046   ;CAMSEGMENT 1 IPH10 32981234;84313900;2716720;1;PC; 908.86 ;1;1;1436
 IP1046   ;CAMSEGMENT 2 IPH10 35221234;84313900;2716729;1;PC; 908.19 ;1;1;1435
 IP1046   ;CAMSEGMENT 4,5 IPH10 35241234;84313900;2716747;1;PC; 1299.48 ;1;1;2053
 IP1046   ;CAMSEGMENT 6 IPH10 35251234;84313900;2716756;1;PC; 1545.13 ;1;1;2441
 IP1046   ;CAMSEGMENT 9 IPH10 35261234;84313900;2716765;1;PC; 2543.31 ;1;1;4018
 IP1046   ;CAMSEGMENT 12 IPH10;84313900;2716774;1;PC; 2153.43 ;1;1;3402
 IP1046   ;CAMSEGMENT SH 0,5 IPH10 32971046;84313900;2718044;1;PC; 121.4 ;1;1;192
 IP1046   ;CAMSEGMENT SH 3 IPH10 35231046;84313900;2718071;1;PC; 208.83 ;1;1;330
 IP1047   ;HST EYE SHAFT 3 IPZ-IPUZ;84313900;2713000;1;PC; 409.12 ;1;1;646
 IP1047   ;HOISTING E SH 22,5 IPUNZ P0731047;84313900;2713009;1;PC; 1590.05 ;1;1;2512
 IP1047   ;EYE SHAFT 0,5IP(U)10H-S 0,75 IP(S-U)Z-RZ;84313900;2713018;1;PC; 228.88 ;1;1;362
 IP1047   ;HOISTING E SH 2 IP(U)10/H 3 IP(U)10(S);84313900;2713027;1;PC; 413.57 ;1;1;653
 IP1047   ;H EYE SHAFT 4,5 IP(U)10S 3 IP(U)10H;84313900;2713036;1;PC; 422.87 ;1;1;668
 IP1047   ;H EYE SHAFT 6 IP(U)10(J)S 4,5 IP(U)10/H;84313900;2713045;1;PC; 445.67 ;1;1;704
 IP1047   ;HOISTING EYE SHAFT FOR IP(U)10/(J) 9t;84313900;2713054;1;PC; 806.21 ;1;1;1274
 IP1047   ;EYE SHAFT 1 IP(U)10/H 1,5 IP(S-R)Z-RZ;84313900;2713063;1;PC; 288.89 ;1;1;456
 IP1047   ;HOISTING E SH 12IP(S-U)NZ 12 IP(U)10(S);84313900;2713072;1;PC; 285.16 ;1;1;451
 IP1047   ;HOISTING EYE SHAFT 6 IP(S-U)NZ-NRZ;84313900;2713081;1;PC; 806.62 ;1;1;1274
 IP1047   ;HOISTING EYE SHAFT 9 IP(S-U)NZ;84313900;2713090;1;PC; 293.88 ;1;1;464
 IP1047   ;H.E.SHAFT/DIST.COLLAR FOR IPHGZ 0,75t;84313900;2713099;1;PC; 384.26 ;1;1;607
 IP1047   ;H.E.SHAFT/DIST.COLLAR FOR IPHGZ 3t;84313900;2713117;1;PC; 284.13 ;1;1;449
 IP1047   ;H.E.SHAFT/DIST.COLLAR FOR IPHGZ 4,5t;84313900;2713126;1;PC; 572.37 ;1;1;904
 IP1047   ;HOISTING EYE SHAFT FOR IPHGUZ 1,5t;84313900;2713135;1;PC; 210.21 ;1;1;332
 IP1047   ;HOIST. E SH 0,75 IPBU(U)Z P6001047;84313900;2713180;1;PC; 160.67 ;1;1;254
 IP1047   ;HOISTING EYE SHAFT FOR IPBKZ 0,75t;84313900;2713225;1;PC; 130.39 ;1;1;206
 IP1047   ;HOISTING E SH 1,5 IPBSNZ P9251047;84313900;2713252;1;PC; 1189.14 ;1;1;1879
 IP1047   ;HOISTING E SH 3 IPBSNZ;84313900;2713261;1;PC; 1406.02 ;1;1;2222
 IP1047   ;0,5 IPNM10 HOIST. EYE SHAFT;84313900;2713324;1;PC; 259.48 ;1;1;410
 IP1047   ;1 IPNM10 HOISTING EYE SH;84313900;2713333;1;PC; 155.28 ;1;1;245
 IP1047   ;Hoisting Eye Shaft 0,5 IPDV;84313900;2713342;1;PC; 28.49 ;1;1;45
 IP1047   ;HOISTING EYE SHAFT FOR IP(U)10(NZ) 16T;84313900;2713351;1;PC; 1720.43 ;1;1;2718
 IP1063   ;SPRING FOR LATCH 3-4,5 IP(S-U)RZ;84313900;2711000;1;PC; 190.74 ;1;1;301
 IP1063   ;SPRING FOR LATCH FOR IPBC 1t;84313900;2711018;1;PC; 176.07 ;1;1;278
 IP1063   ;SPRING FOR LATCH FOR IPBC 2t;84313900;2711027;1;PC; 352.16 ;1;1;556
 IP1063   ;SPRING 22.5T-IPNZ;84313900;2711036;1;PC; 829.1 ;1;1;1310
 IP1063   ;SPRING 0,5 IP(U)10/H-S 0,75 IP(S-U)Z-RZ;84313900;2711045;1;PC; 93.51 ;1;1;148
 IP1063   ;SPRING 3IP(U)10(H-S) 4,5IP(U)10(S);84313900;2711054;1;PC; 184.69 ;1;1;292
 IP1063   ;SPRING FOR LATCH 4,5-6 IP(U)10(J)/H-S;84313900;2711063;1;PC; 213.53 ;1;1;337
 IP1063   ;SPRING FOR LATCH FOR IP(U)10/(J) 9t;84313900;2711072;1;PC; 351.23 ;1;1;555
 IP1063   ;SPRING 1,5 IP(S-U)Z-RZ 1 IP(U)10/H;84313900;2711081;1;PC; 125.14 ;1;1;198
 IP1063   ;SPRING FOR LATCH 12 IP(10/U/S/N)Z/J;84313900;2711090;1;PC; 714.56 ;1;1;1129
 IP1063   ;SPRING FOR LATCH FOR VARIOUS CLAMP TYPES;84313900;2711099;1;PC; 192.6 ;1;1;304
 IP1063   ;SPRING FOR LATCH FOR VARIOUS CLAMP TYPES;84313900;2711108;1;PC; 350.97 ;1;1;555
 IP1063   ;SPRING FOR LATCH FOR IPHGZ 0,75t;84313900;2711117;1;PC; 144.68 ;1;1;229
 IP1063   ;SPRING F LATCH 1,5 IPHGZ P4511063;84313900;2711126;1;PC; 136.55 ;1;1;216
 IP1063   ;SPRING FOR LATCH FOR IPHGZ 3t;84313900;2711135;1;PC; 173.51 ;1;1;274
 IP1063   ;SPRING F LATCH 4,5 IPHGZ P4541063;84313900;2711144;1;PC; 364.98 ;1;1;577
 IP1063   ;SPRING FOR LATCH FOR IPHGUZ 1,5t;84313900;2711153;1;PC; 418.43 ;1;1;661
 IP1063   ;SPRING LATCH 0,75 IPBU(U) P6001063;84313900;2711198;1;PC; 78.03 ;1;1;123
 IP1063   ;SPRING FOR LATCH FOR IPBUZ 1,5t;84313900;2711207;1;PC; 499.58 ;1;1;789
 IP1063   ;SPRING FOR LATCH FOR IPBKZ 0,75t;84313900;2711243;1;PC; 141.89 ;1;1;224
 IP1063   ;SPRING FOR LATCH FOR IPBKZ 1,5t;84313900;2711252;1;PC; 229.81 ;1;1;363
 IP1063   ;SPRING FOR LATCH FOR IPBKZ 3,75T;84313900;2711261;1;PC; 201.9 ;1;1;319
 IP1063   ;SPRING FOR LATCH FOR IPBSNZ 1,5t;84313900;2711270;1;PC; 70.58 ;1;1;112
 IP1063   ;SPRING FOR LATCH FOR IPBSNZ 3t;84313900;2711279;1;PC; 403.22 ;1;1;637
 IP1063   ;SPRING FOR LATCH 0,5 IPVK 011601063;84313900;2711369;1;PC; 89.83 ;1;1;142
 IP1063   ;SPRING FOR IPNM10 0,5T;84313900;2711378;1;PC; 146.54 ;1;1;232
 IP1063   ;1 IPNM10J PULL SPRING;84313900;2711387;1;PC; 231.21 ;1;1;365
 IP1063   ;TORSION SPRING 0,5 IPNM10;84313900;2711396;1;PC; 83.93 ;1;1;133
 IP1063   ;IPNM10 TENSION SPRING FOR 1-IPNM10;84313900;2711405;1;PC; 206.55 ;1;1;326
 IP1063   ;SPRING FOR LATCH 16 IPUNZ;84313900;2711414;1;PC; 503.84 ;1;1;796
 IP1063   ;SPRING FOR LATCH 2 IPH10;84313900;2711585;1;PC; 247.34 ;1;1;391
 IP1063   ;SPRING 3 IPH10-IPH10J;84313900;2711594;1;PC; 265.14 ;1;1;419
 IP1063   ;Spring 4,5 IPH10(J);84313900;2711603;1;PC; 173.25 ;1;1;274
 IP1063   ;SPRING 6 IPH10-IPH10J;84313900;2711612;1;PC; 265.14 ;1;1;419
 IP1063   ;SPRING FOR LATCH 9 IPH10;84313900;2711621;1;PC; 285.16 ;1;1;451
 IP1063   ;SPRING 12 IPH10-IPH10J;84313900;2711630;1;PC; 1173.48 ;1;1;1854
 IP1233   ;LATCH 3-4,5 IP(S/R/U)Z;84313900;2712000;1.065;PC; 1352.82 ;1;1;2276
 IP1233   ;LATCH 0,5-0,75-1 IP(U/10/1/S/R/Z)/H-A-S;84313900;2712018;1;PC; 643.85 ;1;1;1017
 IP1233   ;LATCH 2 IP(U)10/H-S;84313900;2712027;1.065;PC; 1191.86 ;1;1;2006
 IP1233   ;LATCH 3 IP(U)10/H - 4,5 IP(U)10/S;84313900;2712036;1.065;PC; 1223.03 ;1;1;2058
 IP1233   ;LATCH FOR IP(U)10(J)/H-S 4,5-6t;84313900;2712045;1.065;PC; 1405.86 ;1;1;2366
 IP1233   ;LATCH FOR IP(U)10/(J) 9t;84313900;2712054;1.065;PC; 2054.36 ;1;1;3457
 IP1233   ;LATCH 1-1,5-2 IP(U/10/N/S/R/Z)/H-A-S;84313900;2712063;1.065;PC; 886.22 ;1;1;1491
 IP1233   ;LATCH 12 IPU(10/NZ);84313900;2712072;1.065;PC; 6543.61 ;1;1;11011
 IP1233   ;LATCH 6 IP(S/U/N/R)Z;84313900;2712081;1.065;PC; 3347.63 ;1;1;5633
 IP1233   ;LATCH 9 IP(S-U)NZ;84313900;2712090;1.065;PC; 3510.46 ;1;1;5907
 IP1233   ;LATCH/LATCH PLATE FOR IPHGZ 0,75t;84313900;2712099;1.065;PC; 861.37 ;1;1;1449
 IP1233   ;LATCH/LATCH PLATE FOR IPHGZ 1,5t;84313900;2712108;1.065;PC; 1624.04 ;1;1;2733
 IP1233   ;LATCH/LATCH PLATE FOR IPHGZ 3t;84313900;2712117;1.065;PC; 2246.49 ;1;1;3780
 IP1233   ;LATCH/LATCH PL 4,5 IPHGZ P4541233;84313900;2712126;1.065;PC; 3413.66 ;1;1;5744
 IP1233   ;LATCH FOR IPHGUZ 1,5t;84313900;2712135;1.065;PC; 1634.27 ;1;1;2750
 IP1233   ;LATCH 0,75 IPBU(U)Z P6001233;84313900;2712180;1.065;PC; 2842.58 ;1;1;4783
 IP1233   ;LATCH;84313900;2712189;1.065;PC; 3877.04 ;1;1;6524
 IP1233   ;LATCH FOR IPBKZ 0,75t;84313900;2712225;1.065;PC; 709.68 ;1;1;1194
 IP1233   ;LATCH FOR IPBKZ 1,5t;84313900;2712234;1.065;PC; 501.01 ;1;1;843
 IP1233   ;LATCH FOR IPBKZ 3,75T;84313900;2712243;1.065;PC; 1857.11 ;1;1;3125
 IP1233   ;LATCH FOR IPBSNZ 1,5t;84313900;2712252;1.065;PC; 1129.85 ;1;1;1901
 IP1233   ;LATCH FOR IPBSNZ 3t;84313900;2712261;1.065;PC; 3732.44 ;1;1;6281
 IP1233   ;LATCH FOR IPNM10 0,5T;84313900;2712360;1.065;PC; 494.08 ;1;1;831
 IP1233   ;LATCH  1 IPNM10;84313900;2712369;1.065;PC; 1272.81 ;1;1;2142
 IP1233   ;LATCH FOR IPSUNZ 16T;84313900;2712387;1.065;PC; 5955.17 ;1;1;10021
 IP1234   ;CAMSEGMENT 0,5 IPH10 32971234;84313900;2716711;1;PC; 565.95 ;1;1;894
 IP1234   ;CAMSEGMENT 3 IPH10 35231234;84313900;2716738;1;PC; 977.9 ;1;1;1545
 IP1234   ;CAMSEGMENT 1,5 IP(S-U)Z;84313900;2717000;1;PC; 1337.94 ;1;1;2114
 IP1234   ;CAMSEGMENT FOR IP(S)(U)Z 3 - 4,5 T;84313900;2717009;1;PC; 2036.21 ;1;1;3217
 IP1234   ;CAMSEGMENT FOR IPBC 1t;84313900;2717018;1;PC; 898.08 ;1;1;1419
 IP1234   ;CAMSEGMENT FOR IPBC 2t;84313900;2717027;1;PC; 1074.41 ;1;1;1698
 IP1234   ;CAMSEGMENT 22.5T-IPUNZ;84313900;2717036;1;PC; 14269.78 ;1;1;22546
 IP1234   ;CAMSEGMENT 1 IPN-IPUN;84313900;2717045;1;PC; 805.27 ;1;1;1272
 IP1234   ;CAMSEGMENT 1 IP10-IPU10;84313900;2717054;1;PC; 695.49 ;1;1;1099
 IP1234   ;CAMSEGMENT 3-4,5 IP(U)10;84313900;2717063;1;PC; 1918.05 ;1;1;3031
 IP1234   ;CAMSEGMENT 6 IP10-IPU10;84313900;2717072;1;PC; 2657.73 ;1;1;4199
 IP1234   ;CAMSEGMENT FOR IP(U)10 9t;84313900;2717081;1;PC; 3802.14 ;1;1;6007
 IP1234   ;CAMSEGMENT 0,5 IP(U)10 0,75IP(S-U)Z;84313900;2717099;1;PC; 759.22 ;1;1;1200
 IP1234   ;CAMSEGMENT 2 IP(U)10 2 IP(U)N;84313900;2717108;1;PC; 1116.03 ;1;1;1763
 IP1234   ;CAMSEGMENT 6 IPNZ-IPUNZ;84313900;2717117;1;PC; 3347.63 ;1;1;5289
 IP1234   ;CAMSEGMENT 9 IP(S-U-SU)NZ;84313900;2717126;1;PC; 4141.28 ;1;1;6543
 IP1234   ;CAMSEGMENT - EXTRA HARD 2-3 IP(U)10/H;84313900;2717131;1;PC; 3988.69 ;1;1;6302
 IP1234   ;CAMS. - EXTRA HARD FOR IP(U)10/H 4.5t;84313900;2717135;1;PC; 4155.34 ;1;1;6565
 IP1234   ;CAMS. - HARD 0,5T FOR IP(U)10/H IPUX7;84313900;2717144;1;PC; 1050.02 ;1;1;1659
 IP1234   ;CAMSEGMENT - EXTRA HARD FOR IP(U)10/H 1t;84313900;2717153;1;PC; 3393.69 ;1;1;5362
 IP1234   ;CAMSEGMENT - SS 1 IP(U)10/S;84313900;2717162;1;PC; 1932.94 ;1;1;3054
 IP1234   ;CAMSEGMENT - SS 3-4,5 IP(U)10/S;84313900;2717171;1;PC; 5795.09 ;1;1;9156
 IP1234   ;CAMSEGMENT - SS FOR IP(U)10/S 6t;84313900;2717180;1;PC; 8819.87 ;1;1;13935
 IP1234   ;CAMS. SS 0,5 IP(U)10/S 0,75 IP(S-U-SU)RZ;84313900;2717189;1;PC; 1049.51 ;1;1;1658
 IP1234   ;CAMSEGMENT - SS FOR IP(U)10/S 2t;84313900;2717198;1;PC; 3954.73 ;1;1;6248
 IP1234   ;CAMSEGMENT FOR IPHSZ 3t;84313900;2717207;1;PC; 4899.67 ;1;1;7741
 IP1234   ;CAMSEGMENT FOR IPHSZ 6t;84313900;2717216;1;PC; 4856.77 ;1;1;7674
 IP1234   ;CAMSEGMENT FOR IPHSZ 9t;84313900;2717225;1;PC; 3535.32 ;1;1;5586
 IP1234   ;CAMSEGMENT IPHSZ 12T;84313900;2717234;1;PC; 3067.68 ;1;1;4847
 IP1234   ;CAMSEGMENT FOR IPHTONZ 0,75t;84313900;2717243;1;PC; 882.09 ;1;1;1394
 IP1234   ;CAMSEGMENT FOR IPHTONZ 1,5t;84313900;2717252;1;PC; 1642.65 ;1;1;2595
 IP1234   ;CAMSEG 1.5T-IPWGZ;84313900;2717261;1;PC; 4353.83 ;1;1;6879
 IP1234   ;CAMSEGMENT FOR IPHOZ0 75t;84313900;2717270;1;PC; 1374.22 ;1;1;2171
 IP1234   ;CAMSEGMENT FOR IPHOZ 1,5t;84313900;2717279;1;PC; 1356.86 ;1;1;2144
 IP1234   ;CAMSEGMENT FOR IPHOZ 3t;84313900;2717288;1;PC; 3025.25 ;1;1;4780
 IP1234   ;CAMSEGMENT FOR IPHOZ 4,5t;84313900;2717297;1;PC; 2686.11 ;1;1;4244
 IP1234   ;CAMSEGMENT FOR IPHOZ 6t;84313900;2717306;1;PC; 2200.66 ;1;1;3477
 IP1234   ;CAMSEGMENT FOR IPHGZ 0,75t;84313900;2717324;1;PC; 789.92 ;1;1;1248
 IP1234   ;CAMSEGMENT 1,5 IPHGZ P4521234;84313900;2717333;1;PC; 450.71 ;1;1;712
 IP1234   ;CAMSEGMENT FOR IPHGZ 4,5t;84313900;2717351;1;PC; 1437.59 ;1;1;2271
 IP1234   ;CAMSEGMENT FOR IPHGUZ 1,5t;84313900;2717360;1;PC; 1816.17 ;1;1;2870
 IP1234   ;CAMSEGMENT FOR IPHTONZ 3t;84313900;2717405;1;PC; 1807.8 ;1;1;2856
 IP1234   ;CAMSEGMENT FOR IPHTONZ 4,5t;84313900;2717414;1;PC; 1253.3 ;1;1;1980
 IP1234   ;CAMSEGMENT FOR IPHTONZ 6t;84313900;2717423;1;PC; 2830.79 ;1;1;4473
 IP1234   ;CAMSEGMENT FOR IPHTONZ 9t;84313900;2717432;1;PC; 2477.86 ;1;1;3915
 IP1234   ;CAMSEGMENT 15T-IPHTONZ;84313900;2717450;1;PC; 5719.55 ;1;1;9037
 IP1234   ;CAMSEGMENT FOR IPBUZ 0,75t;84313900;2717477;1;PC; 3065.37 ;1;1;4843
 IP1234   ;CAMSEGMENT FOR IPBUZ 1,5t;84313900;2717486;1;PC; 7185.6 ;1;1;11353
 IP1234   ;CAMSEGMENT FOR IPBKZ 0,75t;84313900;2717522;1;PC; 879.08 ;1;1;1389
 IP1234   ;CAMSEGMENT FOR IPBSNZ 1,5t;84313900;2717549;1;PC; 2503.52 ;1;1;3956
 IP1234   ;CAMSEGMENT FOR IPBSNZ 3t;84313900;2717558;1;PC; 4989.85 ;1;1;7884
 IP1234   ;CAMSEGMENT 1,5 IP(S-U)RZ 1,5 IPSURZ;84313900;2717594;1;PC; 3309.46 ;1;1;5229
 IP1234   ;CAMSEGMENT 3-4,5 IPSURZ 3-4,5 IP(S-U)RZ;84313900;2717603;1;PC; 4765.78 ;1;1;7530
 IP1234   ;CAMSEGMENT 12 IP(U)10 12 IP(U)NZ;84313900;2717639;1;PC; 6519.42 ;1;1;10301
 IP1234   ;CAMSEGMENT FOR IPVK 0,5t;84313900;2717765;1;PC; 426.84 ;1;1;674
 IP1234   ;CAMSEGMENT FOR IP(U)10(NZ) 16T;84313900;2717783;1;PC; 5636.91 ;1;1;8906
 IP1234   ;CAMSEGMENT FOR 6 IP(U)10/H;84313900;2717810;1;PC; 8670.54 ;1;1;13699
 IP1234   ;CAMSEGMENT SH 1 IPH10 32981046;84313900;2718053;1;PC; 128.33 ;1;1;203
 IP1234   ;CAMSEGMENT SH 2 IPH10 35221046;84313900;2718062;1;PC; 216.88 ;1;1;343
 IP1234   ;CAMSEGMENT SH 4,5 IPH10;84313900;2718080;1;PC; 344.19 ;1;1;544
 IP1234   ;CAMSEGMENT SH 6 IPH10 35251046;84313900;2718089;1;PC; 301.58 ;1;1;476
 IP1234   ;CAMSEGMENT SH 9 IPH10 35261046;84313900;2718098;1;PC; 504.61 ;1;1;797
 IP1235   ;EYE 0,5IP10(H-S) 0,75 IP(S-R)Z 1 IP10(S);84313900;2714009;1;PC; 282.85 ;1;1;447
 IP1235   ;HOISTING EYE 3 IP10;84313900;2714018;1;PC; 1377.95 ;1;1;2177
 IP1235   ;HOISTING EYE FOR IP10 6 T;84313900;2714027;1;PC; 1755.23 ;1;1;2773
 IP1235   ;HOISTING EYE FOR IP10/(J) 9t;84313900;2714036;1;PC; 2236.87 ;1;1;3534
 IP1235   ;HOISTING EYE 1,5 IPZ - 2 IP10;84313900;2714045;1;PC; 622.45 ;1;1;983
 IP1235   ;HOISTING EYE FOR IPHGZ 0,75t;84313900;2714063;1;PC; 1909.68 ;1;1;3017
 IP1235   ;HOISTING EYE FOR IPHGZ 1,5t;84313900;2714072;1;PC; 2286.5 ;1;1;3613
 IP1235   ;HOISTING EYE FOR IPHGZ 3t;84313900;2714081;1;PC; 1530.24 ;1;1;2418
 IP1235   ;HOISTING EYE FOR IPHGZ 4,5t;84313900;2714090;1;PC; 3934.26 ;1;1;6216
 IP1235   ;UNIVERSAL HOISTING EYE FOR IPHGUZ 1,5T;84313900;2714099;1;PC; 743.82 ;1;1;1175
 IP1235   ;HOISTING EYE FOR IPBUZ 0,75t;84313900;2714144;1;PC; 361.13 ;1;1;571
 IP1235   ;HOISTING EYE FOR IPBKZ 0,75t;84313900;2714180;1;PC; 529.76 ;1;1;837
 IP1235   ;HOISTING EYE FOR IPBSNZ 1,5t;84313900;2714207;1;PC; 1228.41 ;1;1;1941
 IP1235   ;HOISTING EYE 3 IPBSNZ;84313900;2714216;1;PC; 1991.99 ;1;1;3147
 IP1235   ;HOISTING EYE 5 IPTK O9941235;84313900;2714234;1;PC; 659.63 ;1;1;1042
 IP1235   ;HOISTING EYE 2 IPTK O9961235;84313900;2714243;1;PC; 439.41 ;1;1;694
 IP1235   ;UNIV. HOIST EYE 0,5-1 IPU10 0,75 IP(S)UZ;84313900;2714270;1;PC; 571.74 ;1;1;903
 IP1235   ;UNIV. HOIST E 3-4,5 IPU10 2-3 IPU10/H;84313900;2714279;1;PC; 1679.87 ;1;1;2654
 IP1235   ;UNIV. HOIST E 6 IPU10 4,5 IPU10/H;84313900;2714288;1;PC; 2730.3 ;1;1;4314
 IP1235   ;UNIV. HOIST E 9 IPU10 FOR IPU10/(J) 9t;84313900;2714293;1;PC; 2117.24 ;1;1;3345
 IP1235   ;UNIV. HOIST E 2 IPU10 1 IPU10/H;84313900;2714297;1;PC; 1108.12 ;1;1;1751
 IP1235   ;UNIV. HOIST E 12IPU10 FOR IPSUNZ 12t;84313900;2714306;1;PC; 4189.56 ;1;1;6620
 IP1235   ;HOISTING EYE 12 IP10(J) - 12 IP(S)NZ;84313900;2714342;1;PC; 4918.5 ;1;1;7771
 IP1235   ;HOISTING EYE FOR IPBUZ 1,5t;84313900;2714351;1;PC; 2154.97 ;1;1;3405
 IP1235   ;HOISTING EYE FOR 0,5 IPNM10;84313900;2714405;1;PC; 876.92 ;1;1;1386
 IP1235   ;Hoisting Eye 0,5 IPDV;84313900;2714423;1;PC; 395.01 ;1;1;624
 IP-MAINT ;MAINTENANCE SET FOR IP(U)N 1t;73182900;2715000;1.065;PC; 598.83 ;1;1;1008
 IP-MAINT ;MAINTENANCE SET FOR IP(U)10 1t;73182900;2715009;1.065;PC; 537.83 ;1;1;905
 IP-MAINT ;MAINTENANCE SET FOR IP(U)10 3t;73182900;2715018;1.065;PC; 1298.96 ;1;1;2186
 IP-MAINT ;MAINTENANCE SET FOR IP(U)10 4.5t;73182900;2715027;1.065;PC; 1298.96 ;1;1;2186
 IP-MAINT ;MAINTENANCE SET FOR IP(U)10 6t;73182900;2715036;1.065;PC; 1722.82 ;1;1;2899
 IP-MAINT ;MAINT. SET 0,5 IP(U)10-0,75 IP(S-U)Z;73182900;2715054;1.065;PC; 573.24 ;1;1;965
 IP-MAINT ;MAINTENANCE SET 2 IP(U)10 2 IP(U)N;73182900;2715063;1.065;PC; 786.46 ;1;1;1323
 IP-MAINT ;MAINTENANCE SET FOR IP(S)(U)Z 1.5t;73182900;2715072;1.065;PC;910;1;1;1531
 IP-MAINT ;MAINTENANCE SET FOR IP(S)(U)Z 3t;73182900;2715081;1.065;PC; 1373.91 ;1;1;2312
 IP-MAINT ;MAINTENANCE SET FOR IP(S)(U)Z 4.5t;73182900;2715090;1.065;PC; 1373.91 ;1;1;2312
 IP-MAINT ;MAINTENANCE SET FOR IP(S)(U)NZ 6t;73182900;2715099;1.065;PC; 2135.82 ;1;1;3594
 IP-MAINT ;MAINTENANCE SET FOR IPNM10 0,5t;73182900;2715171;1.065;PC; 2706.73 ;1;1;4555
 IP-MAINT ;MAINTENANCE SET FOR IPNM10 1t;73182900;2715180;1.065;PC; 4184.54 ;1;1;7041
 IP-MAINT ;MAINTENANCE SET FOR IPBC 1t;73182900;2715189;1.065;PC; 1058.35 ;1;1;1781
 IP-MAINT ;MAINTENANCE SET FOR IPBC 2t;73182900;2715198;1.065;PC; 1297.93 ;1;1;2184
 IP-MAINT ;MAINTENANCE SET FOR IP(U)10/H 0.5t;73182900;2715207;1.065;PC; 1314.21 ;1;1;2211
 IP-MAINT ;MAINTENANCE SET FOR IP(U)10/H 1t;73182900;2715216;1.065;PC; 2113.34 ;1;1;3556
 IP-MAINT ;MAINTENANCE SET FOR IP(U)10/H 2t/3t;73182900;2715225;1.065;PC; 2554.25 ;1;1;4298
 IP-MAINT ;MAINTENANCE SET FOR IP(U)10/S 0.5t;73182900;2715234;1.065;PC; 1235.64 ;1;1;2079
 IP-MAINT ;MAINTENANCE SET FOR IP(U)10/S 1t;73182900;2715243;1.065;PC; 1242.1 ;1;1;2090
 IP-MAINT ;MAINTENANCE SET FOR IP(U)10/S 2t;73182900;2715252;1.065;PC; 2458.36 ;1;1;4137
 IP-MAINT ;MAINTENANCE SET FOR IPBKZ 0,75t;73182900;2715261;1.065;PC; 1102.03 ;1;1;1854
 IP-MAINT ;MAINTENANCE SET FOR IPBKZ 1,5t;73182900;2715270;1.065;PC; 1699.56 ;1;1;2860
 IP-MAINT ;MAINTENANCE SET FOR IP(S)(U)NZ 9t;73182900;2715279;1.065;PC; 2788.15 ;1;1;4692
 IP-MAINT ;MAINTENANCE SET FOR IP(U)10 9t;73182900;2715288;1.065;PC; 2541.07 ;1;1;4276
 IP-MAINT ;MAINTENANCE SET FOR IPNM10N(P) 0,5t;73182900;2715414;1.065;PC; 2703.63 ;1;1;4549
 IP-MAINT ;MAINTENANCE SET FOR IPNM10N(P) 1t;73182900;2715423;1.065;PC; 4156.63 ;1;1;6994
 IPMISC ;CAMSEGMENT 1 IPBK10;84313900;2729233;1;PC; 1001.77 ;1;1;1583
 IPMISC ;MAINTENANCE SET 1 IPBK10;84313900;2729234;1;PC; 1196.07 ;1;1;1890
 IPMISC   ;IPCCJ 1T 60-160MM;84313900;2700038;1;PC; 5786.54 ;1;1;9143
 IPMISC   ;IPTOA 1T 40-100MM BEAM CLAMP;84313900;2700120;1;PC; 17629.13 ;1;1;27854
 IPMISC   ;IPDH 0,5 T;84313900;2700126;1;PC; 5290.41 ;1;1;8359
 IPMISC   ;IPNMA 1T 0-20MM;84313900;2700965;1;PC; 29726.33 ;1;1;46968
 IPMISC   ;IPBTO10J1 1,5T 100-200MM SHIPBUILD CLAMP;84313900;2700985;1;PC; 6142.8 ;1;1;9706
 IPMISC   ;0.75-IPX18Z;84313900;2701602;1;PC; 31857.94 ;1;1;50336
 IPMISC   ;IP10/A 1T 0-20MM VERTICAL LIFTING CLAMP;84313900;2701626;1;PC; 3942.91 ;1;1;6230
 IPMISC   ;IP10/A 2T 0-35MM VERTICAL LIFTING CLAMP;84313900;2701627;1;PC; 9737.41 ;1;1;15385
 IPMISC   ;IPU10SX1 2T 0-35MM VERTICAL LIFT CLAMP;84313900;2701710;1;PC; 32878.96 ;1;1;51949
 IPMISC   ;IPSNM 0,25;84313900;2701900;1;PC; 15261.89 ;1;1;24114
 IPMISC   ;IPBCF 4,5T 102-254MM;84313900;2702000;1;PC; 23895.38 ;1;1;37755
 IPMISC   ;IP10/R 2t 0-35mm;84313900;2702076;1;PC; 31894.9 ;1;1;50394
 IPMISC   ;IPU10/JH 6T 50-100MM VERTICAL HARDOX;84313900;2702173;1;PC; 19088.02 ;1;1;30159
 IPMISC   ;IP10/JS 9T 50-100MM LIFTING CLAMP;84313900;2702272;1;PC; 18603.95 ;1;1;29394
 IPMISC   ;IP10/JS 12T 54-108MM LIFTING CLAMP;84313900;2702280;1;PC; 44874.77 ;1;1;70902
 IPMISC   ;IP10/W 1T 0-20MM VERTICAL LIFTING CLAMP;84313900;2702362;1;PC; 6668.7 ;1;1;10537
 IPMISC   ;IPU10/W 1T 0-20MM VERTICAL LIFTING CLAMP;84313900;2702363;1;PC; 7217.97 ;1;1;11404
 IPMISC   ;IP10/W 3T 0-40MM VERTICAL LIFTING CLAMP;84313900;2702364;1;PC; 12399.04 ;1;1;19590
 IPMISC   ;IPU10/W 3T 0-40MM VERTICAL LIFTING CLAMP;84313900;2702365;1;PC; 13370.26 ;1;1;21125
 IPMISC   ;IP10/W 6T 0-50MM VERTICAL LIFTING CLAMP;84313900;2702368;1;PC; 17805.2 ;1;1;28132
 IPMISC   ;IP10/W 0,5T 0-16MM VERTICAL CLAMP;84313900;2702374;1;PC; 6565.01 ;1;1;10373
 IPMISC   ;IPU10/W 0,5T 0-16MM VERTICAL CLAMP;84313900;2702375;1;PC; 7208.22 ;1;1;11389
 IPMISC   ;IP10/W 2T 0-35MM VERTICAL LIFTING CLAMP;84313900;2702376;1;PC; 8629.64 ;1;1;13635
 IPMISC   ;IPU10/W 2T 0-35MM VERTICAL LIFTING CLAMP;84313900;2702377;1;PC; 9667.34 ;1;1;15274
 IPMISC   ;IP10J1 2T 15-50MM;84313900;2702416;1;PC; 14267.57 ;1;1;22543
 IPMISC   ;IP10JT1 6T 25-85MM;84313900;2702438;1;PC; 28412.96 ;1;1;44892
 IPMISC   ;IP10JT2 6T 85-150MM;84313900;2702468;1;PC; 31011.71 ;1;1;48999
 IPMISC   ;IP10X1 9T 30-80MM;84313900;2702470;1;PC; 44698.44 ;1;1;70624
 IPMISC   ;IPU10X1 0,5T 35-50 MM LIFTING CLAMP;84313900;2702475;1;PC; 13612.81 ;1;1;21508
 IPMISC   ;IPU10JX2 3T 40-80MM;84313900;2702565;1;PC; 24377.4 ;1;1;38516
 IPMISC   ;IPU10/J1 4,5T 20-60MM;84313900;2702567;1;PC; 18333.68 ;1;1;28967
 IPMISC   ;IP10/X2 2T SPECIAL CLAMP;84313900;2702576;1;PC; 5370.49 ;1;1;8485
 IPMISC   ;IPU10J2 12T 25-90MM VERTICAL LIFT CLAMP;84313900;2702581;1;PC; 82027.48 ;1;1;129603
 IPMISC   ;IPU10X2 22,5 T 50-100MM;84313900;2702587;1;PC; 99300.87 ;1;1;156895
 IPMISC   ;IPU10/X1 3T 0-35MM WLL 3T;84313900;2702603;1;PC; 20505.84 ;1;1;32399
 IPMISC   ;3 IP10SX1;84313900;2702664;1;PC; 21829.47 ;1;1;34491
 IPMISC   ;IPU10X3 6T LIFTING CLAMP;84313900;2702669;1;PC; 24079.41 ;1;1;38045
 IPMISC   ;IPU10X3 22,5T 50-120MM LIFTING CLAMP;84313900;2702686;1;PC; 160114.37 ;1;1;252981
 IPMISC   ;IPU10X5 6T 30-80MM LIFTING CLAMP;84313900;2702770;1;PC; 23026.31 ;1;1;36382
 IPMISC   ;IPX14 0,5T 0-60MM;84313900;2703009;1;PC; 41805.3 ;1;1;66052
 IPMISC   ;IPSUNX4 30T 50-120MM;84313900;2703137;1;PC; 154091.44 ;1;1;243464
 IPMISC   ;IPTPU 1,5T 0-15MM VERTICAL LIFTING CLAMP;84313900;2703138;1;PC; 18615.75 ;1;1;29413
 IPMISC   ;IPTPUX 1,5T 0-15MM VERTICAL CLAMP;84313900;2703145;1;PC; 21337.44 ;1;1;33713
 IPMISC   ;IPWJ 5t 0-80mm;84313900;2703261;1;PC; 29688.08 ;1;1;46907
 IPMISC   ;IPSNM 100 KG AVIATION CLAMP;84313900;2703271;1;PC; 15584.52 ;1;1;24624
 IPMISC   ;IPST 0,15T LIFTING CLAMP;84313900;2703285;1;PC; 44899.16 ;1;1;70941
 IPMISC   ;CLAMP 1 IPMM10/J LIFTING CLAMP;84313900;2703330;1;PC; 14031.95 ;1;1;22170
 IPMISC   ;IPNM10SJPX1 0,25 0-10MM;84313900;2703338;1;PC; 25035.75 ;1;1;39556
 IPMISC   ;IPH10J1EX1 6t 0-100MM LIFTING CLAMP;84313900;2703353;1;PC; 13643.1 ;1;1;21556
 IPMISC   ;IPBHX9 3T 5-40MM BEAM CLAMP;84313900;2703363;1;PC; 15520.1 ;1;1;24522
 IPMISC   ;IPHGX1 1,5 T 0-25 M W/THICKER FOOTPLATE;84313900;2703364;1;PC; 13707.52 ;1;1;21658
 IPMISC   ;IPHGUX5 1,5 CLAMP JAW 0-25MM WLL 1,5TON;84313900;2703367;1;PC; 10935.53 ;1;1;17278
 IPMISC   ;IPU10/SX1 6t 0-50MM;84313900;2703437;1;PC; 16444.87 ;1;1;25983
 IPMISC   ;IPU10/J1 9T 30-80MM B=150;84313900;2703444;1;PC; 41949.55 ;1;1;66280
 IPMISC   ;IPU10/X1 4,5T 0-40MM;84313900;2703445;1;PC; 17359.88 ;1;1;27429
 IPMISC   ;IPUX14 1,5 T;84313900;2703453;1;PC; 19948.37 ;1;1;31518
 IPMISC   ;IPBHX2 12T 20-60MM BEAM CLAMP;84313900;2703459;1;PC; 48704.24 ;1;1;76953
 IPMISC   ;IPH10/J 20t 50-110MM;84313900;2703539;1;PC; 30655.97 ;1;1;48436
 IPMISC   ;IPH10X2 2T 0-60MM HORIZONTAL LIFT CLAMP;84313900;2703562;1;PC; 7171.51 ;1;1;11331
 IPMISC   ;IPNM10NJ3C 1T 15-25MM VERTICAL CLAMP;84313900;2703661;1;PC; 17241.56 ;1;1;27242
 IPMISC   ;IPNM10PX1 1T 0-20 MM;84313900;2703662;1;PC; 19161.43 ;1;1;30275
 IPMISC   ;IPNM10NX1 1T 25-40MM;84313900;2703663;1;PC; 25259.82 ;1;1;39911
 IPMISC   ;IPNM10/X1 0,1T;84313900;2703815;1;PC; 37893.96 ;1;1;59872
 IPMISC   ;IPMM10J1 1T 10-30MM NON MARRING;84313900;2703820;1;PC; 20344.14 ;1;1;32144
 IPMISC   ;IPMM10X 1T 0-16MM 5MM SPEZIALBREMMSBELAG;84313900;2703821;1;PC; 15129.2 ;1;1;23904
 IPMISC   ;IPMM10JX1 1T 20-33 MM 5MM BREMMSBELAG;84313900;2703822;1;PC; 16014.18 ;1;1;25302
 IPMISC   ;IPHGX4 3t 0-40mm;84313900;2703824;1;PC; 8856.02 ;1;1;13993
 IPMISC   ;IPBK10 0,35T 5-20MM LIFTING CLAMP;84313900;2703825;1;PC; 9119.87 ;1;1;14409
 IPMISC   ;IPMM10JX2 1T 10-26 MM 5 MM BREMMSBELAG;84313900;2703828;1;PC; 22183.67 ;1;1;35050
 IPMISC   ;IPHSZX 10 T 10-110 MM;84313900;2703831;1;PC; 36810.06 ;1;1;58160
 IPMISC   ;IPHGUX6 1,5 CLAMP 0-25mm;84313900;2703832;1;PC; 22621.8 ;1;1;35742
 IPMISC   ;IP10JRX1 9T 50-100MM;84313900;2703833;1;PC; 65494.58 ;1;1;103481
 IPMISC   ;IPH10J1EX1 12t 0-100mm LIFTING CLAMP;84313900;2703842;1;PC; 18296.2 ;1;1;28908
 IPMISC   ;IPU10X1 1T 15-30 MM LIFTING CLAMP;84313900;2703845;1;PC; 7883.25 ;1;1;12456
 IPMISC   ;IPH10JEX1 9 T 0-100 MM;84313900;2703846;1;PC; 17081.66 ;1;1;26989
 IPMISC   ;IPU10X2 9 T 30-80 MM BAUTEILEN;84313900;2703848;1;PC; 52066.05 ;1;1;82264
 IPMISC   ;IPU10X2 4,5 T 10-50 MM;84313900;2703851;1;PC; 14715.19 ;1;1;23250
 IPMISC   ;IPHOX4 0,75T HORIZONTAL LIFTING CLAMP;84313900;2703852;1;PC; 5987.77 ;1;1;9461
 IPMISC   ;IPU10JHX1 6T 30-80MM;84313900;2703854;1;PC; 26651.98 ;1;1;42110
 IPMISC   ;IPBU 2T;84313900;2703855;1;PC; 15995.7 ;1;1;25273
 IPMISC   ;IPH10EX1 3T 0-60MM WITHOUT HANDGRIP;84313900;2703861;1;PC; 4963.93 ;1;1;7843
 IPMISC   ;IPU10JX2 6T 85-130MM LIFTING CLAMP;84313900;2703866;1;PC; 26167.9 ;1;1;41345
 IPMISC   ;8 IPHNM10;84313900;2703867;1;PC; 18637.57 ;1;1;29447
 IPMISC   ;IPDSX2 3T 0-60MM;84313900;2703873;1;PC; 38075.94 ;1;1;60160
 IPMISC   ;IPPE10DNM 6T 0-300MM HORIZONTAL CLAMP;84313900;2703878;1;PC; 30470.4 ;1;1;48143
 IPMISC   ;IPPE10H 3T 0-420MM HORIZONTAL LIFT CLAMP;84313900;2703883;1;PC; 15297.31 ;1;1;24170
 IPMISC   ;IPBHX8 0,75T 20-40MM;84313900;2703932;1;PC; 16355.04 ;1;1;25841
 IPMISC   ;IPBHX9 0,75T BEAM CLAMP;84313900;2703934;1;PC; 12760.94 ;1;1;20162
 IPMISC   ;IPNM10JX 1T VERTICAL LIFTING CLAMP;84313900;2703936;1;PC; 13849.2 ;1;1;21882
 IPMISC   ;IPU10JTX2 9T 30-80 MM VERTICAL CLAMP;84313900;2703949;1;PC; 27594.97 ;1;1;43600
 IPMISC   ;IPPH 70T PIPE HOOK;84313900;2703950;1;PC; 59029.92 ;1;1;93267
 IPMISC   ;IPHGUX1 6,0 CLAMP;84313900;2703951;1;PC; 53708.72 ;1;1;84860
 IPMISC   ;IPSNMX1 0,25T;84313900;2703952;1;PC; 15066.06 ;1;1;23804
 IPMISC   ;IPU10X2 0,5T 5-21MM LIFTING CLAMP;84313900;2703953;1;PC; 6095.31 ;1;1;9631
 IPMISC   ;IPH10EX1 2T 0-60MM WITHOUT HANDGRIP;84313900;2703955;1;PC; 4604.34 ;1;1;7275
 IPMISC   ;0,5 IPX28 LIFTING CLAMP 0-80MM;84313900;2703956;1;PC; 32063.02 ;1;1;50660
 IPMISC   ;IP10/J1H 3T 20-60MM VERTICAL LIFT CLAMP;84313900;2703961;1;PC; 18314.17 ;1;1;28936
 IPMISC   ;1 IPX33 LIFTING CLAMP 80-160MM;84313900;2703962;1;PC; 62029.58 ;1;1;98007
 IPMISC   ;IPSNMX2 0,25T 0-10MM LIFTING CLAMP;84313900;2703963;1;PC; 16930.74 ;1;1;26751
 IPMISC   ;IPPEB10X1 3T 0-180MM LIFTING CLAMP;84313900;2703965;1;PC; 13625.65 ;1;1;21529
 IPMISC   ;IPU10X4 6T 0-50MM LIFTING CLAMP;84313900;2703966;1;PC; 17101.94 ;1;1;27021
 IPMISC   ;IPNM10NJ2 1T 20-40MM VERTICAL LIFT CLAMP;84313900;2703968;1;PC; 18952.24 ;1;1;29945
 IPMISC   ;IPNM10X1 2t 30-70MM VERTICAL LIFT CLAMP;84313900;2703969;1;PC; 53186.91 ;1;1;84035
 IPMISC   ;IPU10X3 2T 0-35MM LIFTING CLAMP;84313900;2703970;1;PC; 22175.97 ;1;1;35038
 IPMISC   ;IPHGUX7 1,5 CLAMP 25-50MM;84313900;2703972;1;PC; 18000.01 ;1;1;28440
 IPMISC   ;IPU10X3 1T 5-40MM LIFTING CLAMP;84313900;2703973;1;PC; 19179.39 ;1;1;30303
 IPMISC   ;IPU10AX1 1T 25-30MM LIFTING CLAMP;84313900;2703974;1;PC; 10723.52 ;1;1;16943
 IPMISC   ;IPBUU 3T HP 80-120MM LIFTING CLAMP;84313900;2703977;1;PC; 23178.77 ;1;1;36622
 IPMISC   ;IPU10/HX1 2T 0-40MM VERTICAL LIFT CLAMP;84313900;2703978;1;PC; 15830.41 ;1;1;25012
 IPMISC   ;IPGNSC 9T 20-60MM;84313900;2703979;1;PC; 98195.67 ;1;1;155149
 IPMISC   ;IPU10X4 2T 0-35MM LIFTING CLAMP;84313900;2703982;1;PC; 23160.29 ;1;1;36593
 IPMISC   ;IPHSX3 12T 10-110MM;84313900;2703983;1;PC; 33324.27 ;1;1;52652
 IPMISC   ;IPTKUDX1 2T 75-190MM LIFTING CLAMP;84313900;2703984;1;PC; 9902.96 ;1;1;15647
 IPMISC   ;IPHNM10JX1 0,5T 140-160MM HORIZ. CLAMP;84313900;2703985;1;PC; 12626.19 ;1;1;19949
 IPMISC   ;IPHGX6 3t 0-40mm;84313900;2703986;1;PC; 22175.97 ;1;1;35038
 IPMISC   ;IPNM10NX1 0,5T 2-12MM VERTICAL CLAMP;84313900;2703988;1;PC; 11292.81 ;1;1;17843
 IPMISC   ;IPBUU 1T HP 60-80MM LIFTING CLAMP;84313900;2703989;1;PC; 12922.12 ;1;1;20417
 IPMISC   ;IPH10X1 2T 0-60MM HORIZONTAL LIFT CLAMP;84313900;2703992;1;PC; 5354.83 ;1;1;8461
 IPMISC   ;IPU10WH 3T 0-40MM VERTICAL LIFTING CLAMP;84313900;2703993;1;PC; 15772.4 ;1;1;24920
 IPMISC   ;IPU10JX3 6T 85-130MM VERTICAL LIFT CLAMP;84313900;2703994;1;PC; 38170.39 ;1;1;60309
 IPMISC   ;0,5 IPX29 0-80MM LIFTING CLAMP;84313900;2703995;1;PC; 30362.09 ;1;1;47972
 IPMISC   ;IPU10HX1 3,2T 0-40MM VERTICAL LIFT CLAMP;84313900;2703997;1;PC; 33433.36 ;1;1;52825
 IPMISC   ;IPHGUX1 1,75T 0-40MM LIFTING CLAMP;84313900;2703998;1;PC; 39270.21 ;1;1;62047
 IPMISC   ;IPHGUX2 1,75T 40-80MM LIFTING CLAMP;84313900;2703999;1;PC; 39331.55 ;1;1;62144
 IPMISC   ;IPNM10H 0,15T 680-1300MM PLATE CLAMP;84313900;2704005;1;PC; 26911.98 ;1;1;42521
 IPMISC   ;IPH10X1 12T 0-30MM HORIZONTAL LIFT CLAMP;84313900;2704006;1;PC; 20736.84 ;1;1;32764
 IPMISC   ;IPU10X 1T 0-20MM LIFTING CLAMP;84313900;2704008;1;PC; 7779.3 ;1;1;12291
 IPMISC   ;IPHGUX3 1,75T 0-25MM LIFTING CLAMP;84313900;2704009;1;PC; 13829.44 ;1;1;21851
 IPMISC   ;IPHGUX1 3T 0-40MM LIFTING CLAMP;84313900;2704010;1;PC; 34329.89 ;1;1;54241
 IPMISC   ;IPUX14 1T 70-80MM;84313900;2704011;1;PC; 24249.84 ;1;1;38315
 IPMISC   ;IPSC10X1 0,5T 75-110MM;84313900;2704012;1;PC; 8538.52 ;1;1;13491
 IPMISC   ;IPBVNMX1 0,5T 15-120MM;84313900;2704013;1;PC; 119731.26 ;1;1;189175
 IPMISC   ;IPU10JX4 6T 55-108MM VERTICAL LIFT CLAMP;84313900;2704014;1;PC; 19899.09 ;1;1;31441
 IPMISC   ;IPU10JSX 8-16T 54-108MM VERTICAL CLAMP;84313900;2704015;1;PC; 106706.72 ;1;1;168597
 IPMISC   ;IPSC10X1 3T 0-60MM;84313900;2704016;1;PC; 14764.99 ;1;1;23329
 IPMISC   ;IPNM10R 0,5T 0-10MM PLATE CLAMP;84313900;2704017;1;PC; 168420.86 ;1;1;266105
 IPMISC   ;IPTKUDX1 10T 140-400MM CLAMP WLL 10T;84313900;2704020;1;PC; 25026.51 ;1;1;39542
 IPMISC   ;IPU10X5 2T 30-65MM LIFTING CLAMP;84313900;2704021;1;PC; 20457.59 ;1;1;32323
 IPMISC   ;22,5 IPU10X4 Lifting Clamp;84313900;2704022;1;PC; 61242.64 ;1;1;96763
 IPMISC   ;1,5 IPHGUX8 Lifting Clamp;84313900;2704023;1;PC; 18010.28 ;1;1;28456
 IPMISC   ;IPSC10X2 0,5T 0-100MM;84313900;2704024;1;PC; 13825.33 ;1;1;21844
 IPMISC   ;IPSC10X3 0,5T 140-210MM;84313900;2704026;1;PC; 14726.23 ;1;1;23267
 IPMISC   ;IPHNM10J2 1T 80-120MM;84313900;2704027;1;PC; 10741.49 ;1;1;16972
 IPMISC   ;IPSTARTEC11J 1,5T 6-35MM;84313900;2704028;1;PC; 28627.79 ;1;1;45232
 IPMISC   ;IPH10X2 0,5T 40-75MM;84313900;2704029;1;PC; 8177.39 ;1;1;12920
 IPMISC   ;IPHOX1 0,5T 25-60MM;84313900;2704030;1;PC; 6236.99 ;1;1;9854
 IPMISC   ;15 IPH10J1 Lifting Clamp;84313900;2704031;1;PC; 22522.47 ;1;1;35586
 IPMISC   ;3,5 IPPE10X1 Lifting Clamp;84313900;2704032;1;PC; 23977.77 ;1;1;37885
 IPMISC   ;IPUZ DISC.PL.CLAMP 1.5T;84313900;2705053;1;PC; 9402.2 ;1;1;14855
 IPMISC   ;IPHTOZ 25T 0-60MM;84313900;2705119;1;PC; 27531.06 ;1;1;43499
 IPMISC   ;IPZ 3,75 T 0-90 mm;84313900;2705149;1;PC; 44547.27 ;1;1;70385
 IPMISC   ;IPGNSAZ 0,75T VERT. CLAMP;84313900;2705348;1;PC; 66751.99 ;1;1;105468
 IPMISC   ;IPGNSRAZ 0,75T 0-15MM;84313900;2705349;1;PC; 71535.48 ;1;1;113026
 IPMISC   ;1.5-IPX12Z;84313900;2705380;1;PC; 29371.36 ;1;1;46407
 IPMISC   ;6 IPSBNAZ 0-30MM;84313900;2705426;1;PC; 26014.42 ;1;1;41103
 IPMISC   ;IPGNSRAZ 1,5T 0-20MM LIFTING CLAMP;84313900;2705430;1;PC; 82659.91 ;1;1;130603
 IPMISC   ;IPGNSRBZ 6T;84313900;2705438;1;PC; 90585.77 ;1;1;143126
 IPMISC   ;IPGNSCZ 6T 20-60MM;84313900;2705439;1;PC; 98972.85 ;1;1;156377
 IPMISC   ;IPHTONZ 12t 0-60mm;84313900;2705486;1;PC; 11247.12 ;1;1;17770
 IPMISC   ;IPHGUX1Z 1,5T CLAMP JAW 0-25MM 1,5TON;84313900;2705569;1;PC; 13429.04 ;1;1;21218
 IPMISC   ;0,75 IPBUUX2Z Lifting Clamp;84313900;2705602;1;PC; 28576.97 ;1;1;45152
 IPMISC   ;IPBSNZ 3T 0-40MM BEAM CLAMP;84313900;2705926;1;PC; 32275.02 ;1;1;50995
 IPMISC   ;IPGN10AP 0,5T;84313900;2707072;1;PC; 100776.7 ;1;1;159227
 IPMISC   ;IPTKA 10T 140-405MM BEAM PLATE CLAMPS;84313900;2707118;1;PC; 70308.61 ;1;1;111088
 IPMISC   ;IPTKAX1 15T 500-620MM BEAM PLATE CLAMPS;84313900;2707121;1;PC; 77257.85 ;1;1;122067
 IPMISC   ;IPTKAX2 15T 100-305MM;84313900;2707122;1;PC; 70483.15 ;1;1;111363
 IPMISC   ;IPTKAX3 15T 200-505MM BEAM PLATE CLAMPS;84313900;2707123;1;PC; 77560.72 ;1;1;122546
 IPMISC   ;IPTKA 25T 200-505MM BEAM PLATE CLAMPS;84313900;2707125;1;PC; 146298.79 ;1;1;231152
 IPMISC   ;IPTKAJ2X1 5T 100-305MM BEAM PLATE CLAMPS;84313900;2707126;1;PC; 34704.63 ;1;1;54833
 IPMISC   ;5 IPTKAJ3 Lifting Clamp;84313900;2707127;1;PC; 22592.8 ;1;1;35697
 IPMISC   ;IPTKX2 2T 60-120MM;84313900;2707806;1;PC;12.003;1;1;18965
 IPMISC   ;IPTKUX1 5T 390-620MM LIFTING CLAMP;84313900;2707995;1;PC; 22215.24 ;1;1;35100
 IPMISC   ;IPTKUM TO EN795:2012 75-190MM;84313900;2709991;1;PC; 20096.72 ;1;1;31753
 IPMISC   ;PIVOT - EXTRA HARD FOR IP(U)10/H 4,5T;84313900;2710095;1;PC; 290.29 ;1;1;459
 IPMISC   ;PIVOT-OVAL 22.5 IPNZ DUAL;84313900;2710180;1;PC; 5531.42 ;1;1;8740
 IPMISC   ;PIVOT (ROUND) FOR IPSBU(U)Z 4.5t;84313900;2710198;1;PC; 137.83 ;1;1;218
 IPMISC   ;PIVOT (OVAL) 12 IPUNZ;84313900;2710270;1;PC; 5092.77 ;1;1;8047
 IPMISC   ;PIVOT 1,5 IP(S-U)Z;84313900;2710298;1;PC; 112.93 ;1;1;178
 IPMISC   ;PIVOT (ROUND) FOR IPSBUS(U)Z 4.5t;84313900;2710350;1;PC; 94.2 ;1;1;149
 IPMISC   ;PIVOT (OVAL)SET OF 2 FOR IPSBUS(U)Z 9t;84313900;2710359;1;PC; 15160.77 ;1;1;23954
 IPMISC   ;PIVOT (OVAL) FOR IPSBU(U)Z 9t;84313900;2710368;1;PC; 5445.69 ;1;1;8604
 IPMISC   ;PIVOT FOR IPSTARTEC11 1,5t;84313900;2710413;1;PC; 180.18 ;1;1;285
 IPMISC   ;PIVOT FOR IPSTARTEC11 2,5t;84313900;2710422;1;PC; 318.52 ;1;1;503
 IPMISC   ;PIVOT FOR IPSTARTEC10 4.5t;84313900;2710425;1;PC; 244.86 ;1;1;387
 IPMISC   ;PIVOT - Sharp/SS FOR VARIOUS CLAMP TYPES;84313900;2710431;1;PC; 207.13 ;1;1;327
 IPMISC   ;PIVOT 1 IPNM10-IPNM10N;84313900;2710476;1;PC; 1428.6 ;1;1;2257
 IPMISC   ;PIVOT (ROUND) FOR IPZ 3,75 T;84313900;2710503;1;PC; 68.27 ;1;1;108
 IPMISC   ;PIVOT - Sharp/SS 6 IP(S-U)NRZ;84313900;2710530;1;PC; 79.05 ;1;1;125
 IPMISC   ;PIVOT FOR IPX12Z 1,5T;84313900;2710539;1;PC; 94.2 ;1;1;149
 IPMISC   ;PIVOT   30 IPSUNX2;84313900;2710575;1;PC; 656.04 ;1;1;1037
 IPMISC   ;PIVOT 1 IPNM10X1;84313900;2710584;1;PC; 2315.64 ;1;1;3659
 IPMISC   ;PIVOT FOR 0,5 IPX14;84313900;2710656;1;PC; 6789.08 ;1;1;10727
 IPMISC   ;PIVOT 35 IPSL;84313900;2710692;1;PC; 25228.76 ;1;1;39861
 IPMISC   ;PIVOT (OVAL) FOR IPSUNZ 16T;84313900;2710720;1;PC; 5099.45 ;1;1;8057
 IPMISC   ;SPRING FOR LATCH 3 IPBC;84313900;2711030;1;PC; 464.31 ;1;1;734
 IPMISC   ;SPRING FOR LATCH FOR IPBHZ 0,75t;84313900;2711162;1;PC; 78.03 ;1;1;123
 IPMISC   ;SPRING FOR LATCH FOR IPBHZ 1,5t;84313900;2711171;1;PC; 136.55 ;1;1;216
 IPMISC   ;SPRING FOR LATCH FOR IPBHZ 3t;84313900;2711180;1;PC; 173.51 ;1;1;274
 IPMISC   ;SPRING 4.5T-IPBHZ;84313900;2711189;1;PC; 364.98 ;1;1;577
 IPMISC   ;SPRING FOR LATCH 1 FOR IPNMA-B 1t;84313900;2711297;1;PC; 646.54 ;1;1;1022
 IPMISC   ;SPRING FOR LATCH 2 FOR IPNMA-B 1t;84313900;2711306;1;PC; 923.49 ;1;1;1459
 IPMISC   ;SPRING FOR LATCH FOR IPSBU(U)Z 4.5t;84313900;2711342;1;PC; 92.14 ;1;1;146
 IPMISC   ;SPRING FOR LATCH FOR IPSTARTEC11 1,5t;84313900;2711351;1;PC; 226.64 ;1;1;358
 IPMISC   ;SPRING FOR LATCH FOR IPSTARTEC11 2,5t;84313900;2711360;1;PC; 236.39 ;1;1;373
 IPMISC   ;SPRING FOR LATCH FOR IPZ 3,75 T;84313900;2711423;1;PC; 930.93 ;1;1;1471
 IPMISC   ;SPRING FOR LATCH FOR IPX12Z 1,5T;84313900;2711441;1;PC; 666.56 ;1;1;1053
 IPMISC   ;SPRING FOR LATCH FOR IPSTARTEC 2,5 T OLD;84313900;2711459;1;PC; 162.47 ;1;1;257
 IPMISC   ;SPRING FOR LATCH 30 IPSUNX2Z;84313900;2711468;1;PC; 900.13 ;1;1;1422
 IPMISC   ;SPRING FOR LATCH FOR IPHNM10 1T;84313900;2711513;1;PC; 109.08 ;1;1;172
 IPMISC   ;SPRING 0,5 IPH(NM)10;84313900;2711531;1;PC; 110.11 ;1;1;174
 IPMISC   ;LATCH 4,5 IPHGUZ;84313900;2712140;1;PC; 7162.79 ;1;1;11317
 IPMISC   ;LATCH/LATCH PLATE FOR IPBHZ 0,75t;84313900;2712144;1;PC; 861.37 ;1;1;1361
 IPMISC   ;LATCH/LATCH PLATE FOR IPBHZ 1,5t;84313900;2712153;1;PC; 855.47 ;1;1;1352
 IPMISC   ;LATCH/LATCH PLATE FOR IPBHZ 3t;84313900;2712162;1;PC; 1319.78 ;1;1;2085
 IPMISC   ;4,5IPBHZ LATCH-LATCHPLATE;84313900;2712171;1;PC; 3413.66 ;1;1;5394
 IPMISC   ;LATCH FOR IPBUZ 3,75T;84313900;2712198;1;PC; 6562.45 ;1;1;10369
 IPMISC   ;LATCH FOR IPNMA-B 1t;84313900;2712297;1;PC; 4565.07 ;1;1;7213
 IPMISC   ;LATCH 12 IP10(J) 12 IP(S)NZ;84313900;2712306;1;PC; 5242.92 ;1;1;8284
 IPMISC   ;LATCH 9 IPSBU(U)Z P7231233;84313900;2712324;1;PC; 5021.42 ;1;1;7934
 IPMISC   ;LATCH FOR IPSBU(U)Z 4.5t;84313900;2712342;1;PC; 6120.47 ;1;1;9670
 IPMISC   ;LATCH 2 IPU10/A 16291233;84313900;2712351;1;PC; 950.18 ;1;1;1501
 IPMISC   ;LATCH;84313900;2712396;1;PC; 6562.45 ;1;1;10369
 IPMISC   ;LATCH FOR IPX12Z 1,5T;84313900;2712414;1;PC; 3179.58 ;1;1;5024
 IPMISC   ;LATCH FOR IPU10/J 16T;84313900;2712437;1;PC; 6557.06 ;1;1;10360
 IPMISC   ;LATCH 30 IPSUNZ;84313900;2712450;1;PC; 7300.36 ;1;1;11535
 IPMISC   ;LATCH 22,5 IPUNZ;84313900;2712455;1;PC; 7204.88 ;1;1;11384
 IPMISC   ;LATCH FOR 15IPSNX1;84313900;2712459;1;PC; 15484.68 ;1;1;24466
 IPMISC   ;H.E.SHAFT/DIST.COLLAR FOR IPBHZ 0,75 T;84313900;2713144;1;PC; 232.8 ;1;1;368
 IPMISC   ;H.E.SHAFT/DIST.COLLAR FOR IPBHZ 1,5t;84313900;2713153;1;PC; 200.97 ;1;1;318
 IPMISC   ;H.E.SHAFT/DIST.COLLAR FOR IPBHZ 3t;84313900;2713162;1;PC; 284.13 ;1;1;449
 IPMISC   ;HOIST.EYE SHAFT 4,5 IPBHZ;84313900;2713171;1;PC; 300.3 ;1;1;474
 IPMISC   ;HOISTING EYE SHAFT FOR IPBKZ 1,5t;84313900;2713234;1;PC; 397.83 ;1;1;629
 IPMISC   ;HOISTING EYE SHAFT FOR IPBKZ 3,75T;84313900;2713243;1;PC; 892.94 ;1;1;1411
 IPMISC   ;HOISTING E SH 9 IPSBUSZ;84313900;2713279;1;PC; 2409.84 ;1;1;3808
 IPMISC   ;HOISTING EYE SHAFT FOR IPSBU(U)Z 4.5t;84313900;2713306;1;PC; 1813.86 ;1;1;2866
 IPMISC   ;1.5-IPX12Z HOISTEYE SHAFT;84313900;2713378;1;PC; 133.98 ;1;1;212
 IPMISC   ;HOISTING SHAFT FOR IPUNZ 16 T;84313900;2713396;1;PC; 961.47 ;1;1;1519
 IPMISC   ;HOISTING EYE SHAFT 15 IPNSX1;84313900;2713414;1;PC; 3274.55 ;1;1;5174
 IPMISC   ;HOISTING EYE FOR IPBHZ 0,75t;84313900;2714108;1;PC; 976.87 ;1;1;1543
 IPMISC   ;HOISTING EYE FOR IPBHZ 1,5t;84313900;2714117;1;PC; 1246.12 ;1;1;1969
 IPMISC   ;HOISTING EYE FOR IPBHZ 3t;84313900;2714126;1;PC; 1530.24 ;1;1;2418
 IPMISC   ;HOISTING EYE 4,5 IPSBUUZ P7711235;84313900;2714162;1;PC; 5882.54 ;1;1;9294
 IPMISC   ;HOISTING EYE FOR IPBKZ 1,5t;84313900;2714189;1;PC; 2157.54 ;1;1;3409
 IPMISC   ;HOISTING EYE FOR IPBKZ 3,75T;84313900;2714198;1;PC; 1564.38 ;1;1;2472
 IPMISC   ;LATCH 1,5 IPTPUX1;84313900;2714304;1;PC; 1739.68 ;1;1;2749
 IPMISC   ;UNIV. HOIST E 6IPUNZ 6 IP(S)UN-Z-RZ;84313900;2714324;1;PC; 1468.13 ;1;1;2320
 IPMISC   ;UNIV. HOIST E 9IPUNZ IP(S)UNZ 9t;84313900;2714333;1;PC; 2117.24 ;1;1;3345
 IPMISC   ;EYE 0,5IP10(H-S) 0,75 IP(S-R)Z 1 IP10(S);84313900;2714369;1;PC; 8918.64 ;1;1;14091
 IPMISC   ;HOIST. EYE 6 IP(S)NZ;84313900;2714468;1;PC; 938.37 ;1;1;1483
 IPMISC   ;UNIV. HOIST E 16IPU10;84313900;2714477;1;PC; 8275.18 ;1;1;13075
 IPMISC   ;HOISTING EYE 30 IP10J1;84313900;2714513;1;PC; 2523.29 ;1;1;3987
 IPMISC   ;HOISTING EYE FOR IPNM10N 1t;84313900;2714540;1;PC; 475.09 ;1;1;751
 IPMISC   ;MAINTENANCE SET FOR IPU10J 6t;84313900;2715040;1;PC; 2838.22 ;1;1;4484
 IPMISC   ;MAINTENANCE SET FOR IPU10J 9 T;84313900;2715050;1;PC; 3126.2 ;1;1;4939
 IPMISC   ;HOISTSHAFT 9 IPSUNZ;84313900;2715342;1;PC; 236.65 ;1;1;374
 IPMISC   ;MAINT.SET 0,5IPHNM10 FOR IPHNM10 0,5t;84313900;2715369;1;PC; 1598.52 ;1;1;2526
 IPMISC   ;MAINT.SET 1IPHNM10 FOR IPHNM10 1t;84313900;2715378;1;PC; 1755.34 ;1;1;2773
 IPMISC   ;MAINTENANCE SET FOR IPNM10SJ 0,5 T M3281;84313900;2715405;1;PC; 7445.12 ;1;1;11763
 IPMISC   ;FRAME 3 IPU10 BODY COMPLETE;84313900;2715800;1;PC; 2170.11 ;1;1;3429
 IPMISC   ;CAM.SHAFT/DIST. COL. FOR IPBHZ 0,75t;84313900;2716297;1;PC; 237.93 ;1;1;376
 IPMISC   ;CAM.SHAFT/DIST.COLLAR FOR IPBHZ 1,5t;84313900;2716306;1;PC; 282.08 ;1;1;446
 IPMISC   ;CAM.SHAFT/DIST.COLLAR FOR IPBHZ 3t;84313900;2716315;1;PC; 418.62 ;1;1;661
 IPMISC   ;CAMSEGMENT SH 4,5 IPBHZ;84313900;2716324;1;PC; 746.39 ;1;1;1179
 IPMISC   ;CAMS. SH 3 IPPEB/D/H;84313900;2716387;1;PC; 202.25 ;1;1;320
 IPMISC   ;CAMSEGMENT SHAFT FOR IPBKZ 3,75T;84313900;2716459;1;PC; 904.75 ;1;1;1430
 IPMISC   ;CAMSEGMENT SHAFT FOR IPSBU(U)Z 4.5t;84313900;2716531;1;PC; 3070.24 ;1;1;4851
 IPMISC   ;CAMSEGMENT SHAFT FOR IPSTARTEC11 1,5t;84313900;2716540;1;PC; 323.91 ;1;1;512
 IPMISC   ;CAMS. SH 2,5 IPSTARTEC 18221046;84313900;2716549;1;PC; 384.74 ;1;1;608
 IPMISC   ;CAMS. SH 6 IPPEB/D/H O5061046;84313900;2716603;1;PC; 222.79 ;1;1;352
 IPMISC   ;CAMSEGMENT SHAFT FOR IPPEB/D/H 9t;84313900;2716612;1;PC; 208.93 ;1;1;330
 IPMISC   ;CAMSEGMENT SH 22,5 IPSUNZ;84313900;2716648;1;PC; 1329.79 ;1;1;2101
 IPMISC   ;CAMSEGMENT 6 IPH10J 35351234;84313900;2716801;1;PC; 1533.84 ;1;1;2423
 IPMISC   ;CAMSEGMENT 2 IPH10E 35421234;84313900;2716828;1;PC; 821.85 ;1;1;1299
 IPMISC   ;CAMSEGMENT 3 IPH10E/JE;84313900;2716838;1;PC; 936.58 ;1;1;1480
 IPMISC   ;CAMSEGMENT 4,5 IPH10E 35441234;84313900;2716846;1;PC; 1253.3 ;1;1;1980
 IPMISC   ;CAMSEGMENT 6 IPH10E 35451234;84313900;2716855;1;PC; 1507.4 ;1;1;2382
 IPMISC   ;CAMSEGMENT 9 IPH10E;84313900;2716864;1;PC; 2480.68 ;1;1;3919
 IPMISC   ;CAMSEGMENT - SS FOR IP(U)10/S 9t;84313900;2717085;1;PC; 6955.66 ;1;1;10990
 IPMISC   ;CAMSEGMENT FOR IP(U)10/J 9t;84313900;2717090;1;PC; 2821.53 ;1;1;4458
 IPMISC   ;CAMSEGMENT FOR IPBHZ 0,75t;84313900;2717369;1;PC; 396.81 ;1;1;627
 IPMISC   ;CAMSEGMENT FOR IPBHZ 1,5t;84313900;2717378;1;PC; 450.71 ;1;1;712
 IPMISC   ;CAMSEGMENT 3IPBH(HG)Z FOR IPBHZ 3t;84313900;2717387;1;PC; 867.53 ;1;1;1371
 IPMISC   ;CAMSEGMENT 4.5T-IPBHZ;84313900;2717396;1;PC; 1442.46 ;1;1;2279
 IPMISC   ;CAMSEGMENT FOR IPPEB/D/H 3t;84313900;2717459;1;PC; 1939.11 ;1;1;3064
 IPMISC   ;CAMSEGMENT FOR IPPEB/D/H 6t;84313900;2717468;1;PC; 1629.32 ;1;1;2574
 IPMISC   ;CAMSEGMENT FOR IPPEB/D/H 12T;84313900;2717473;1;PC; 6825.78 ;1;1;10785
 IPMISC   ;CAMSEGMENT FOR IPSBU(U)Z 4.5t;84313900;2717504;1;PC; 7390.45 ;1;1;11677
 IPMISC   ;CAMSEGMENT FOR IPBKZ 1,5t;84313900;2717531;1;PC; 1339.54 ;1;1;2116
 IPMISC   ;CAMSEGMENT FOR IPBKZ 3,75T;84313900;2717540;1;PC; 3431.37 ;1;1;5422
 IPMISC   ;CAMSEGMENT 22,5 IPSUNZ IP PART  P0991234;84313900;2717585;1;PC; 9338.55 ;1;1;14755
 IPMISC   ;CAMSEGMENT 4,5 IPUX4Z;84313900;2717621;1;PC; 8041.61 ;1;1;12706
 IPMISC   ;CAMSEGMENT 12 IP(U)10/J 12 IPSNZ;84313900;2717648;1;PC; 3760.93 ;1;1;5942
 IPMISC   ;CAMSEGMENT FOR IPCC FOR IPCC 1t;84313900;2717657;1;PC; 1267.93 ;1;1;2003
 IPMISC   ;CAMSEGMENT FOR IPSBUS(U)Z 9t;84313900;2717675;1;PC; 9692.23 ;1;1;15314
 IPMISC   ;CAMSEGMENT FOR IPSBU(U)Z 9t;84313900;2717684;1;PC; 15278.83 ;1;1;24141
 IPMISC   ;CAMSEGMENT FOR IPSBUS(U)Z 4.5t;84313900;2717693;1;PC; 11062.06 ;1;1;17478
 IPMISC   ;CAMSEGMENT FOR IPSTARTEC11 1,5t;84313900;2717711;1;PC; 1098.79 ;1;1;1736
 IPMISC   ;CAMSEGMENT FOR IPSTARTEC11 2,5t;84313900;2717720;1;PC; 1372.91 ;1;1;2169
 IPMISC   ;CAMSEGMENT FOR IPU10/A 1t;84313900;2717729;1;PC; 427.35 ;1;1;675
 IPMISC   ;CAMSEGMENT FOR IPU10/A 2t;84313900;2717738;1;PC; 1188.62 ;1;1;1878
 IPMISC   ;CAMSEGMENT 3,75 IPZ;84313900;2717792;1;PC; 9613.95 ;1;1;15190
 IPMISC   ;CAMSEGMENT 6 IP(S-U)NRZ 6 IPSUNZ;84313900;2717819;1;PC; 10871.1 ;1;1;17176
 IPMISC   ;CAMSEGMENT FOR IPPEB/D/H 9t;84313900;2717828;1;PC; 3119.27 ;1;1;4928
 IPMISC   ;CAMSEGMENT FOR IPX12Z 1,5T;84313900;2717837;1;PC; 6769.83 ;1;1;10696
 IPMISC   ;CAMSEGMENT FOR IPU10JH 6 T;84313900;2717846;1;PC; 4677.74 ;1;1;7391
 IPMISC   ;CAMSEGMENT FOR 12IP10/J2;84313900;2717864;1;PC; 8114.76 ;1;1;12821
 IPMISC   ;CAMSEGMENT FOR IPU10/JX 6T 50-10MM;84313900;2717882;1;PC; 2579.75 ;1;1;4076
 IPMISC   ;CAMSEGMENT FOR IPU10JX1-6 IPU10/J;84313900;2717900;1;PC; 1380.09 ;1;1;2181
 IPMISC   ;CAMSEGMENT FOR IPWJX1;84313900;2717909;1;PC; 8607.31 ;1;1;13600
 IPMISC   ;CAMSEGMENT FOR IPSUNZ 16T;84313900;2717927;1;PC; 6316.82 ;1;1;9981
 IPMISC   ;CAMSEGMENT FOR IPU10/JS 9T;84313900;2717936;1;PC; 7520.07 ;1;1;11882
 IPMISC   ;CAMSEGMENT 30 IPSUNZ;84313900;2717954;1;PC; 17100.14 ;1;1;27018
 IPMISC   ;CAMSEGMENT 30 IPHX1;84313900;2717960;1;PC; 6537.81 ;1;1;10330
 IPMISC   ;CAMSEGMENT FOR 30 IPU10J/J5;84313900;2717969;1;PC; 21584.61 ;1;1;34104
 IPMISC   ;CAMSEGMENT FOR 30 IPU10/J6;84313900;2717970;1;PC; 22210.37 ;1;1;35092
 IPMISC   ;CAMSEGMENT FOR IPBVN FOR IPBVN 1T;84313900;2717972;1;PC; 9325.97 ;1;1;14735
 IPMISC   ;CAMSEGMENT 1,5 IPGNSBZ IP PART  P7831234;84313900;2717999;1;PC; 6273.44 ;1;1;9912
 IPMISC   ;HANDLE KIT MAGNEX 150;84313900;2718001;1;PC; 1081.08 ;1;1;1708
 IPMISC   ;HANDLE KIT MAGNEX 300;84313900;2718002;1;PC; 1292.57 ;1;1;2042
 IPMISC   ;HANDLE KIT MAGNEX 600;84313900;2718003;1;PC; 1372.14 ;1;1;2168
 IPMISC   ;HANDLE KIT MAGNEX 1000;84313900;2718004;1;PC; 1815.66 ;1;1;2869
 IPMISC   ;HANDLE KIT MAGNEX 1500;84313900;2718005;1;PC; 2484.53 ;1;1;3926
 IPMISC   ;HANDLE KIT MAGNEX 2000;84313900;2718006;1;PC; 2564.1 ;1;1;4051
 IPMISC   ;TAG KIT MAGNEX 150;84313900;2718011;1;PC; 505.89 ;1;1;799
 IPMISC   ;TAG KIT MAGNEX 300;84313900;2718012;1;PC; 686.07 ;1;1;1084
 IPMISC   ;TAG KIT MAGNEX 600;84313900;2718013;1;PC; 887.04 ;1;1;1402
 IPMISC   ;TAG KIT MAGNEX 1000;84313900;2718014;1;PC; 1115.73 ;1;1;1763
 IPMISC   ;TAG KIT MAGNEX 1500;84313900;2718015;1;PC; 1191.96 ;1;1;1883
 IPMISC   ;TAG KIT MAGNEX 2000;84313900;2718016;1;PC; 1614.69 ;1;1;2551
 IPMISC   ;CAMS. 0,75 IPU10/H IP PART  21741234;84313900;2718017;1;PC; 2639.04 ;1;1;4170
 IPMISC   ;CAMSEGMENT 6 IPSUNX1 IP PART  31871234;84313900;2718026;1;PC; 7794.44 ;1;1;12315
 IPMISC   ;CAMSEGMENT SH 6 IPH10J 35351046;84313900;2718134;1;PC; 290.03 ;1;1;458
 IPMISC   ;CAMSEGMENT SH 2 IPH10E;84313900;2718161;1;PC; 159.39 ;1;1;252
 IPMISC   ;CAMSEGMENT SH 3 IPH10E 35431046;84313900;2718170;1;PC;183;1;1;289
 IPMISC   ;CAMSEGMENT SH 6 IPH10E 35451046;84313900;2718188;1;PC; 208.93 ;1;1;330
 IPMISC   ;CAMSEGMENT SH 9 IPH10E 35461046;84313900;2718197;1;PC; 370.37 ;1;1;585
 IPMISC   ;CAMSEGMENT SH 12 IPH10E 35471046;84313900;2718206;1;PC; 1244.32 ;1;1;1966
 IPMISC   ;LATCH PLATE 4,5 IPBHZ;84313900;2719063;1;PC; 859.06 ;1;1;1357
 IPMISC   ;CABLE 3T-IPPE;84313900;2720009;1;PC; 172.48 ;1;1;273
 IPMISC   ;CABLE FOR IPPE 6T;84313900;2720024;1;PC; 249.22 ;1;1;394
 IPMISC   ;GRIP 3T-IPPE;84313900;2720036;1;PC; 3158.79 ;1;1;4991
 IPMISC   ;HANDGRIP 6T-IPPE;84313900;2720040;1;PC; 2164.98 ;1;1;3421
 IPMISC   ;HANDGRIP 9T-IPPE;84313900;2720043;1;PC; 3352.83 ;1;1;5297
 IPMISC   ;GRIP FOR IPSC 3t;84313900;2720054;1;PC; 1155.52 ;1;1;1826
 IPMISC   ;SHACKLE FOR IPSC 3t;84313900;2720063;1;PC; 652.45 ;1;1;1031
 IPMISC   ;COUPLING PIN FOR IPPEB/D/H 3t;84313900;2720072;1;PC; 2595.92 ;1;1;4102
 IPMISC   ;COUPLING PIN FOR IPPEB/D/H 6t;84313900;2720090;1;PC; 4352.03 ;1;1;6876
 IPMISC   ;HINGE SHAFT;84313900;2720108;1;PC; 377.34 ;1;1;596
 IPMISC   ;HINGE SHAFT FOR IPBKZ 1,5t;84313900;2720117;1;PC; 199.94 ;1;1;316
 IPMISC   ;HINGE SHAFT FOR IPBKZ 3,75T;84313900;2720126;1;PC; 1437.59 ;1;1;2271
 IPMISC   ;HINGE SHAFT 5 IPTK(W) O9940232;84313900;2720135;1;PC; 226.89 ;1;1;358
 IPMISC   ;HINGE SHAFT 2 IPTK(W) P9960232;84313900;2720144;1;PC; 194.81 ;1;1;308
 IPMISC   ;SCREWED SPINDLE 5 IPTK(W) FOR IPTK(W) 5t;84313900;2720171;1;PC; 1048.11 ;1;1;1656
 IPMISC   ;SCREWED SPINDLE 2 IPTK FOR IPTK 2t;84313900;2720180;1;PC; 949.02 ;1;1;1499
 IPMISC   ;SCREWED SPINDLE 3 IPTK 2-3 IPTK;84313900;2720189;1;PC; 935.07 ;1;1;1477
 IPMISC   ;SCREWED SPINDLE 4 IPTK(W) FOR IPTK(W) 4t;84313900;2720198;1;PC; 1038.34 ;1;1;1641
 IPMISC   ;ROLL PIN SET 2-IPU/3-IPZ;84313900;2720207;1;PC; 69.3 ;1;1;109
 IPMISC   ;ASSY SET 2 IP(U)10 K1677;84313900;2720210;1;PC; 45.43 ;1;1;72
 IPMISC   ;ASSEMBLY SET FOR IPSTARTEC 1.5T;84313900;2720213;1;PC; 101.64 ;1;1;161
 IPMISC   ;ASSEMBLY SET 12 IPU10;84313900;2720216;1;PC; 108.06 ;1;1;171
 IPMISC   ;ROLL PIN SET FOR 1-IP10;84313900;2720239;1;PC; 27.98 ;1;1;44
 IPMISC   ;CLAMPING ARM FOR IPNMA-B 1t;84313900;2720243;1;PC; 5979.56 ;1;1;9448
 IPMISC   ;CLAMPING PLATE FOR IPNMA-B 1t;84313900;2720252;1;PC; 7108.12 ;1;1;11231
 IPMISC   ;CLAMPING PLATE 0,5 IPX14;84313900;2720255;1;PC; 5357.14 ;1;1;8464
 IPMISC   ;GUIDING ARM FOR IPSTARTEC11 2,5t;84313900;2720262;1;PC; 1032.31 ;1;1;1631
 IPMISC   ;DISTANCE COLLAR 5 IPTK;84313900;2720263;1;PC; 185.06 ;1;1;292
 IPMISC   ;CHAIN 1 IPNMA/B O9651239;84313900;2720270;1;PC; 1951.43 ;1;1;3083
 IPMISC   ;SCREW SPIND.1,5 IPBTO10 FOR IPBTO10 1,5t;84313900;2720297;1;PC; 434.54 ;1;1;687
 IPMISC   ;SCREWED SPIND. 3 IPBTO10 FOR IPBTO10 3t;84313900;2720306;1;PC; 434.54 ;1;1;687
 IPMISC   ;SCREWED SPIND. 6 IPBTO10 FOR IPBTO10 6t;84313900;2720315;1;PC; 717.9 ;1;1;1134
 IPMISC   ;SHACKLE FOR IPBTO10 1,5t;84313900;2720324;1;PC; 603.68 ;1;1;954
 IPMISC   ;SHACKLE 3 IPBTO10 O9811283;84313900;2720333;1;PC; 603.68 ;1;1;954
 IPMISC   ;SCREWED SPINDLE 1,5 IPSC FOR IPSC 1,5t;84313900;2720387;1;PC; 1667.77 ;1;1;2635
 IPMISC   ;SCREWED SPINDLE 3 IPSC FOR IPSC 3t;84313900;2720396;1;PC; 3897.41 ;1;1;6158
 IPMISC   ;SHACKLE 1,5 IPSC 16401363;84313900;2720405;1;PC; 314.93 ;1;1;498
 IPMISC   ;GRIP FOR IPSC 1,5t;84313900;2720414;1;PC; 1149.32 ;1;1;1816
 IPMISC   ;HANDGRIP IPSTARTEC 1,5;84313900;2720423;1;PC; 151.43 ;1;1;239
 IPMISC   ;LATCH FOR IPSTARTEC11 2,5t;84313900;2720431;1;PC; 280.02 ;1;1;442
 IPMISC   ;CHAIN FOR IPSTARTEC11 1,5t;84313900;2720440;1;PC; 1276.92 ;1;1;2018
 IPMISC   ;CHAIN FOR IPSTARTEC11 2,5t;84313900;2720449;1;PC; 1463.25 ;1;1;2312
 IPMISC   ;LEVER CAM FOR IPU10/A 1t;84313900;2720458;1;PC; 525.4 ;1;1;830
 IPMISC   ;LEVER CAM 2 IPU10/A FOR IPU10/A 1t;84313900;2720467;1;PC; 845.72 ;1;1;1336
 IPMISC   ;Clamping Plate 0,5 IPVK;84313900;2720476;1;PC; 410.92 ;1;1;649
 IPMISC   ;CLAMPING ARM FOR 0,5t IPNM10(P);84313900;2720494;1;PC; 1071.84 ;1;1;1694
 IPMISC   ;CLAMPING PLATE 0,5 IPNM10 (CAMS. SIDE);84313900;2720512;1;PC; 1459.15 ;1;1;2305
 IPMISC   ;CLAMPING ARM 1 IPNM10;84313900;2720521;1;PC; 1185.35 ;1;1;1873
 IPMISC   ;HINGE PIN FOR IPNM10;84313900;2720530;1;PC; 199.11 ;1;1;315
 IPMISC   ;Clamping Arm 0,5 IPDV;84313900;2720548;1;PC; 1411.92 ;1;1;2231
 IPMISC   ;Clamping Arm 2 0,5 IPDV;84313900;2720557;1;PC; 1392.67 ;1;1;2200
 IPMISC   ;Handle 0,5 IPDV;84313900;2720566;1;PC; 196.35 ;1;1;310
 IPMISC   ;LATCH KNOB 12 IPUNZ;84313900;2720575;1;PC; 157.08 ;1;1;248
 IPMISC   ;HANDLE (2) SET 12 IPU10J P0931157;84313900;2720583;1;PC; 1859.03 ;1;1;2937
 IPMISC   ;CAMS. HOLDER 3 IPPEB/D/H O5011237;84313900;2720584;1;PC; 4853.82 ;1;1;7669
 IPMISC   ;GUIDING ARM FOR IPSTARTEC11 1,5t;84313900;2720593;1;PC; 992.79 ;1;1;1569
 IPMISC   ;HINGE PIN FOR IPNMA-B 1t;84313900;2720620;1;PC; 375.25 ;1;1;593
 IPMISC   ;SWIVEL PIN FOR IPNMA-B 1t;84313900;2720629;1;PC; 479.2 ;1;1;757
 IPMISC   ;BOLT SET FOR IPNMA-B 1t;84313900;2720638;1;PC; 103.95 ;1;1;164
 IPMISC   ;CAMSEGMENT HOLDER 9 IPPE;84313900;2720647;1;PC; 7315.25 ;1;1;11558
 IPMISC   ;COUPLING PIN 9 IPPEB/D/H O5091238;84313900;2720656;1;PC; 4492.43 ;1;1;7098
 IPMISC   ;CABLE F/9IPPE;84313900;2720674;1;PC; 186.85 ;1;1;295
 IPMISC   ;HINGE PIN FOR IPNM10 0,5t;84313900;2720683;1;PC; 110.88 ;1;1;175
 IPMISC   ;SLOTPLATE 15 IPSNX2;84313900;2720705;1;PC; 6037.05 ;1;1;9539
 IPMISC   ;BUMPER STRIP IPNM10 0.5T;84313900;2720728;1;PC; 440.09 ;1;1;695
 IPMISC   ;BUMPER STRIP IPNM10 1T;84313900;2720737;1;PC; 298.76 ;1;1;472
 IPMISC   ;BUMPER STRIP 1 IPNM10/J;84313900;2720742;1;PC; 303.89 ;1;1;480
 IPMISC   ;BODY TO SUIT IPU10 4.5T;84313900;2720764;1;PC; 2390.08 ;1;1;3776
 IPMISC   ;FRAME 2 IPU10;84313900;2720809;1;PC; 1695.02 ;1;1;2678
 IPMISC   ;FRAME 1 IP10-IPU10 BODY COMPLETE;84313900;2720817;1;PC; 1023.33 ;1;1;1617
 IPMISC   ;CLAMPING PLATE 1 IPMM10;84313900;2720835;1;PC; 3095.65 ;1;1;4891
 IPMISC   ;Protection Cap 1 IPHNM10;84313900;2720878;1;PC; 1363.41 ;1;1;2154
 IPMISC   ;FOOTPLATE 1 IPHNM10;84313900;2720898;1;PC; 2085.93 ;1;1;3296
 IPMISC   ;MAGNET 4,5 IPH10 (PAIRS);84313900;2720961;1;PC; 164.63 ;1;1;260
 IPMISC   ;OVERHAUL SET FOR IP(U)N 1t;84313900;2721000;1;PC; 1309.51 ;1;1;2069
 IPMISC   ;OVERHAUL SET FOR IP(U)10 1t;84313900;2721009;1;PC; 1084.16 ;1;1;1713
 IPMISC   ;OVERHAUL SET FOR IP(U)10 3t;84313900;2721018;1;PC; 2172.17 ;1;1;3432
 IPMISC   ;OVERHAUL SET FOR IP(U)10 4.5t;84313900;2721027;1;PC; 2212.46 ;1;1;3496
 IPMISC   ;OVERHAUL SET FOR IP(U)10 6t;84313900;2721036;1;PC; 2869.02 ;1;1;4533
 IPMISC   ;OVERHAUL SET 0,5 IP(U)10 0,75 IP(S-U)Z;84313900;2721045;1;PC; 1096.99 ;1;1;1733
 IPMISC   ;OVERHAUL SET 2 IP(U)10 2 IP(U)N;84313900;2721054;1;PC; 1496.88 ;1;1;2365
 IPMISC   ;MAINT.SET 1IPNM10J M3312;84313900;2721060;1;PC; 4286.84 ;1;1;6773
 IPMISC   ;OVERHAUL SET FOR IP(S)(U)Z 1.5t;84313900;2721063;1;PC; 1588.25 ;1;1;2509
 IPMISC   ;ASSY SET 0,5 IPU10 K1675 K1675;84313900;2721069;1;PC; 30.54 ;1;1;48
 IPMISC   ;OVERHAUL SET FOR IP(S)(U)Z 3t;84313900;2721072;1;PC; 4962.13 ;1;1;7840
 IPMISC   ;OVERHAUL SET R5057 FOR IP(S)(U)Z 4.5t;84313900;2721081;1;PC; 4967.78 ;1;1;7849
 IPMISC   ;OVERHAUL SET R5139 FOR IP(S)(U)NZ 6t;84313900;2721090;1;PC; 7587.57 ;1;1;11988
 IPMISC   ;PROTECTION CAP 0,5IPNM10 32781346;84313900;2721105;1;PC; 1287.7 ;1;1;2035
 IPMISC   ;PROTECTION CAP 1IPNM10 32791346;84313900;2721114;1;PC; 1603.65 ;1;1;2534
 IPMISC   ;FOOTPLATE 0,5 IPHNM10;84313900;2721132;1;PC; 1665.51 ;1;1;2632
 IPMISC   ;CLAMPING PLATE 1 IPMM10X PIVOT SIDE;84313900;2729005;1;PC; 2315.64 ;1;1;3659
 IPMISC   ;CLAMPING PLATE 1 IPMM10X CAMSEGMENT SIDE;84313900;2729006;1;PC; 3045.09 ;1;1;4811
 IPMISC   ;IP1234 CAMSEG 30 IPSUNX4Z;84313900;2729008;1;PC; 21530.46 ;1;1;34018
 IPMISC   ;FRAME 0,5 IPU10 BODY COMPLETE;84313900;2729013;1;PC; 909.11 ;1;1;1436
 IPMISC   ;IP1234 CAMSEG 30 IPSUNX4 30951234;84313900;2729014;1;PC; 21530.46 ;1;1;34018
 IPMISC   ;PIVOT 1 IPBS;84313900;2729015;1;PC; 1204.02 ;1;1;1902
 IPMISC   ;MAINT.SET 1IPNM10JCX1 M3660;84313900;2729016;1;PC; 14856.62 ;1;1;23473
 IPMISC   ;MAINTENANCE SET M3282 FOR 0,5 IPNM10SJ1P;84313900;2729017;1;PC; 7668.16 ;1;1;12116
 IPMISC   ;COUPLING LATCH PLATE 1 IPNM10J;84313900;2729018;1;PC; 1012.04 ;1;1;1599
 IPMISC   ;CAMSEGMENT SHAFT 1 CGB CONDOR GRIP;84313900;2729029;1;PC; 71.35 ;1;1;113
 IPMISC   ;CLAMPING PLATE 1IPMM10JXI;84313900;2729030;1;PC; 3045.09 ;1;1;4811
 IPMISC   ;HOISTSHAFT 12 IPUNZ;84313900;2729035;1;PC; 748.44 ;1;1;1183
 IPMISC   ;LATCH (NR.1) 1,5 IPGNSAZ P4281233;84313900;2729036;1;PC; 3661.6 ;1;1;5785
 IPMISC   ;MAINT.SET 1IPNM10NJ1;84313900;2729037;1;PC; 4900.53 ;1;1;7743
 IPMISC   ;LOCKING SPRING ( �1) FOR;84313900;2729042;1;PC; 1868.79 ;1;1;2953
 IPMISC   ;LATCH  1 IPNM10J1;84313900;2729047;1;PC; 1236.36 ;1;1;1953
 IPMISC   ;SCREWED SPINDLE 5 IPTKU;84313900;2729048;1;PC; 887.81 ;1;1;1403
 IPMISC   ;IP1234 CAMSEG 4 IPSUX5 Q7191234;84313900;2729050;1;PC; 4082.79 ;1;1;6451
 IPMISC   ;CAMSEGMENT 4,5 IPUX9Z 0571234;84313900;2729051;1;PC; 2032.28 ;1;1;3211
 IPMISC   ;ASSEMBLY SET 6 IP(U)10(J) K1669;84313900;2729052;1;PC; 69.3 ;1;1;109
 IPMISC   ;SCREW SPINDLE 10 IPTKU + DIST. COLLARS;84313900;2729053;1;PC; 2539.2 ;1;1;4012
 IPMISC   ;MAINT. SET M3338 FOR 0,25 IPNM10SJPX1;84313900;2729054;1;PC; 8190.48 ;1;1;12941
 IPMISC   ;PIVOT FOR 1,5 IPTPUX1 31380098;84313900;2729055;1;PC; 2901.36 ;1;1;4584
 IPMISC   ;CAMSEGMENT 1,5 IPTPUX1 0571234;84313900;2729057;1;PC; 4578.41 ;1;1;7234
 IPMISC   ;LATCH 1 IPMM10JX2;84313900;2729058;1;PC; 1236.36 ;1;1;1953
 IPMISC   ;CLAMPING PLATE 0,5 IPNM10 (PIVOT SIDE);84313900;2729063;1;PC; 1126.77 ;1;1;1780
 IPMISC   ;CAMSEGMENT SH. 30 IP(U)10 P1121046;84313900;2729064;1;PC; 2673.18 ;1;1;4224
 IPMISC   ;LATCH 22,5 IP10(J) P0951233;84313900;2729065;1;PC; 6574.51 ;1;1;10388
 IPMISC   ;CAMSEGMENT 30IPU10 P0741234;84313900;2729067;1;PC; 17169.18 ;1;1;27127
 IPMISC   ;CLAMPING ARM FOR 1 IPMM10J1;84313900;2729068;1;PC; 3473.72 ;1;1;5488
 IPMISC   ;CAMSEGMENT 40IPSUNX1;84313900;2729072;1;PC; 17324.98 ;1;1;27373
 IPMISC   ;Lever 1 IPHNM10;84313900;2729073;1;PC; 473.04 ;1;1;747
 IPMISC   ;DISTANCE COLLAR 10 IPTKU;84313900;2729074;1;PC; 2542.28 ;1;1;4017
 IPMISC   ;GRENDELPLAAT 12IPBHX2;84313900;2729077;1;PC; 6309.89 ;1;1;9970
 IPMISC   ;LATCH 30 IPSUNX4 COMPLETE;84313900;2729079;1;PC; 8643.5 ;1;1;13657
 IPMISC   ;CAMSEGMENT SHAFT 1IPNM10P OLD;84313900;2729080;1;PC; 240.24 ;1;1;380
 IPMISC   ;CAMSEGMENT 0,25 IPU10;84313900;2729081;1;PC; 1034.88 ;1;1;1635
 IPMISC   ;IPMISC NOTCH NAIL 1-2 IPBC;84313900;2729083;1;PC; 6.93 ;1;1;11
 IPMISC   ;MAINTENANCE SET FOR IPNM10 2t;84313900;2729084;1;PC; 6798.32 ;1;1;10741
 IPMISC   ;CAMSEGMENT 9 IPU10X2;84313900;2729085;1;PC; 7641.98 ;1;1;12074
 IPMISC   ;LATCH 9 IPU10X2;84313900;2729086;1;PC; 5192.87 ;1;1;8205
 IPMISC   ;CAM SHAFT 9 IPU10X2;84313900;2729087;1;PC; 1228.66 ;1;1;1941
 IPMISC   ;HOISTING EYE 1,5 IPGNSAZ;84313900;2729089;1;PC; 1733.01 ;1;1;2738
 IPMISC   ;2TKU MACH. HOISTING EYE CUSTOMER IP;84313900;2729098;1;PC; 603.17 ;1;1;953
 IPMISC   ;3TKU MACH. HOISTING EYE CUSTOMER IP;84313900;2729099;1;PC; 651.42 ;1;1;1029
 IPMISC   ;CABLE 9 IP10JRX1 FOR IP10JRX1 9T;84313900;2729100;1;PC; 215.6 ;1;1;341
 IPMISC   ;HANDLE 9 IP10JRX1 -ROUND FOR 9T IP10JRX1;84313900;2729101;1;PC; 371.91 ;1;1;588
 IPMISC   ;HANDLE 9 IP10JRX1 - OVAL FOR 9T IP10JRX1;84313900;2729102;1;PC; 387.05 ;1;1;612
 IPMISC   ;CAMSEGMENT 4 IPHX6;84313900;2729105;1;PC; 3914.42 ;1;1;6185
 IPMISC   ;PIVOT FOR 9 IPU10JX2;84313900;2729107;1;PC; 3566.89 ;1;1;5636
 IPMISC   ;CAMSEGMENT 9 IPU10JX2;84313900;2729108;1;PC; 11704.76 ;1;1;18494
 IPMISC   ;SPRING 3 IPU10JX3;84313900;2729110;1;PC; 2177.81 ;1;1;3441
 IPMISC   ;PIVOT FOR 3 IPU10JX3;84313900;2729111;1;PC; 1578.24 ;1;1;2494
 IPMISC   ;CAMSEGMENT 3 IPU10JX3;84313900;2729112;1;PC; 6348.13 ;1;1;10030
 IPMISC   ;PIVOT FOR 100 IP10;84313900;2729113;1;PC; 5975.45 ;1;1;9441
 IPMISC   ;1,5 IPGNSAZ PIVOT SIDE CLAMPING MECH;84313900;2729114;1;PC; 9623.96 ;1;1;15206
 IPMISC   ;IPSUX2 30 PIVOT OVAL FOR IPSUNZ 16T;84313900;2729115;1;PC; 5301.19 ;1;1;8376
 IPMISC   ;IPSUX2 30T LATCH FOR IPBUZ 1,5t;84313900;2729116;1;PC; 7489.01 ;1;1;11833
 IPMISC   ;CAMSEGMENT 30 IPSUX2;84313900;2729117;1;PC; 17873.73 ;1;1;28240
 IPMISC   ;CAMSEGMENT 15 IPHX1Z IP PART  38061234;84313900;2729118;1;PC; 4822.25 ;1;1;7619
 IPMISC   ;IPHGUZ 3 LATCH CPL FOR IPHGUZ 1,5t;84313900;2729119;1;PC; 2322.57 ;1;1;3670
 IPMISC   ;LIFTING BRACKET 22,5IPU10;84313900;2729120;1;PC; 3530.96 ;1;1;5579
 IPMISC   ;CLMP PLT 1 IPMM10JX2 CAMSEGMENT SIDE 5MM;84313900;2729124;1;PC; 2970.91 ;1;1;4694
 IPMISC   ;CLMP PLT 1IPMM10JX2 PIV PIVOT SIDE;84313900;2729126;1;PC; 2241.98 ;1;1;3542
 IPMISC   ;SCREWED SPINDLE 2-3 IPTKU;84313900;2729129;1;PC; 746.64 ;1;1;1180
 IPMISC   ;12 IPHOZ CAMSEGMENT BODY COMPLETE;84313900;2729131;1;PC; 5627.92 ;1;1;8892
 IPMISC   ;CAMSEGMENT 4 IPHTO P0841234;84313900;2729132;1;PC; 3980.13 ;1;1;6289
 IPMISC   ;SCREWED SPINDLE 4 IPTKU;84313900;2729133;1;PC; 882.16 ;1;1;1394
 IPMISC   ;CAMSEGMENT SH 12IPPEB/D/H;84313900;2729134;1;PC; 370.37 ;1;1;585
 IPMISC   ;MAINTENANCE SET 1IPNM10JC;84313900;2729135;1;PC; 11339.52 ;1;1;17916
 IPMISC   ;CAMSEGMENT SH 9 IP10JRX1;84313900;2729136;1;PC; 3225.53 ;1;1;5096
 IPMISC   ;LATCH COMPLETE 4 IPGNCR;84313900;2729137;1;PC; 7519.81 ;1;1;11881
 IPMISC   ;CLAMPING PLATE 0,5 IPNM10N;84313900;2729142;1;PC; 1342.36 ;1;1;2121
 IPMISC   ;CLAMPING ARM FOR 1 IPNM10N;84313900;2729145;1;PC; 598.8 ;1;1;946
 IPMISC   ;CAMSEGMENT SHAFT 3 IPBC;84313900;2729146;1;PC; 1325.68 ;1;1;2095
 IPMISC   ;UNIV. HOIST E 22,5IPU10;84313900;2729147;1;PC; 7084.5 ;1;1;11194
 IPMISC   ;DISTANCE COLLAR 4-5 IPTKU;84313900;2729149;1;PC; 1213.01 ;1;1;1917
 IPMISC   ;DISTANCE COLLAR 2 IPTKU;84313900;2729151;1;PC; 943.51 ;1;1;1491
 IPMISC   ;CAMSEGMENT 3 IPBVNZ P7961234;84313900;2729152;1;PC; 2717.84 ;1;1;4294
 IPMISC   ;SPRING 3 IPBVNZ;84313900;2729153;1;PC; 187.88 ;1;1;297
 IPMISC   ;PIVOT 3 IPBVNZ;84313900;2729154;1;PC; 158.36 ;1;1;250
 IPMISC   ;CAMSEGMENT 9 IPHSX3;84313900;2729155;1;PC; 3852.82 ;1;1;6087
 IPMISC   ;PIVOT 4,5 IPU10X1;84313900;2729156;1;PC; 168.12 ;1;1;266
 IPMISC   ;PIVOT 3 IPU10X1;84313900;2729157;1;PC; 133.98 ;1;1;212
 IPMISC   ;SCREW SPINDLE 4 IPTKUD;84313900;2729159;1;PC; 2391.62 ;1;1;3779
 IPMISC   ;FRAME 6 IP10J-IPU10J;84313900;2729161;1;PC; 7187.43 ;1;1;11356
 IPMISC   ;PIVOT 9 IPSBUSUZ-IPSBUUZ;84313900;2729162;1;PC; 438.9 ;1;1;693
 IPMISC   ;PIVOT 1,5 IPSC10;84313900;2729163;1;PC; 68.53 ;1;1;108
 IPMISC   ;SCREW SPINDLE 1,5 IPSC;84313900;2729164;1;PC; 865.99 ;1;1;1368
 IPMISC   ;SHACKLE 1,5 IPSC10;84313900;2729165;1;PC; 792.84 ;1;1;1253
 IPMISC   ;HANDLE 1,5 IPSC10;84313900;2729166;1;PC; 63.14 ;1;1;100
 IPMISC   ;PIVOT 3 IPSC10;84313900;2729167;1;PC; 103.95 ;1;1;164
 IPMISC   ;SCREW SPINDLE 3 IPSC10;84313900;2729168;1;PC; 1065.94 ;1;1;1684
 IPMISC   ;SHACKLE 3 SC10;84313900;2729169;1;PC; 1040.78 ;1;1;1644
 IPMISC   ;HANDLE 3 IPSC10;84313900;2729170;1;PC; 153.23 ;1;1;242
 IPMISC   ;HOISTING SHAFT 0,5 IPU10;84313900;2729172;1;PC; 87.01 ;1;1;137
 IPMISC   ;HINGE BLOCK 0,5 IPU10;84313900;2729173;1;PC; 363.44 ;1;1;574
 IPMISC   ;HOISTING SHAFT 1 IPU10;84313900;2729174;1;PC; 84.44 ;1;1;133
 IPMISC   ;HINGE BLOCK 1 IPU10;84313900;2729175;1;PC; 361.39 ;1;1;571
 IPMISC   ;HOISTING SHAFT 2 IPU10;84313900;2729176;1;PC; 115.76 ;1;1;183
 IPMISC   ;HINGE BLOCK 1,5 IPURZ;84313900;2729177;1;PC; 617.03 ;1;1;975
 IPMISC   ;HOISTING SHAFT 3 IPU10;84313900;2729178;1;PC; 156.57 ;1;1;247
 IPMISC   ;HINGE BLOCK 3 - 4,5 IPU10;84313900;2729179;1;PC; 830.32 ;1;1;1312
 IPMISC   ;HOISTING SHAFT 6 IPU10;84313900;2729180;1;PC; 174.53 ;1;1;276
 IPMISC   ;HINGE BLOCK 6 IPU10;84313900;2729181;1;PC; 1132.41 ;1;1;1789
 IPMISC   ;HOISTING SHAFT 9 IPU10;84313900;2729182;1;PC; 236.65 ;1;1;374
 IPMISC   ;HINGE BLOCK 9 IPU10;84313900;2729183;1;PC; 1514.84 ;1;1;2393
 IPMISC   ;HINGE BLOCK 12 IPU10;84313900;2729185;1;PC; 3410.33 ;1;1;5388
 IPMISC   ;HINGE BLOCK 16 IPU10;84313900;2729187;1;PC; 5723.15 ;1;1;9043
 IPMISC   ;UNIV. HOIST E 1IPU10;84313900;2729188;1;PC; 1071.33 ;1;1;1693
 IPMISC   ;HINGE BLOCK 22,5 IPU10;84313900;2729189;1;PC; 11186.8 ;1;1;17675
 IPMISC   ;LATCH 0,5 IP(U)10;84313900;2729194;1;PC; 356.51 ;1;1;563
 IPMISC   ;SPRING 0,5 IP10-IPU10;84313900;2729195;1;PC; 50.82 ;1;1;80
 IPMISC   ;CAMSEGMENT SHAFT 0,5 IP(U)10;84313900;2729196;1;PC; 132.7 ;1;1;210
 IPMISC   ;HOISTING EYE SHAFT 0,5 IP10-IPU10;84313900;2729197;1;PC; 106.26 ;1;1;168
 IPMISC   ;HOISTING EYE 1 IPU10;84313900;2729198;1;PC; 305.95 ;1;1;483
 IPMISC   ;PIVOT 6 IP10-IPU10;84313900;2729199;1;PC; 168.37 ;1;1;266
 IPMISC   ;PIVOT 6 IP10S-IPU10S;84313900;2729200;1;PC; 361.64 ;1;1;571
 IPMISC   ;UNIV. HOIST E 1,5IPUZ;84313900;2729201;1;PC; 723.03 ;1;1;1142
 IPMISC   ;LATCH 1,5 IZ-IPUZ;84313900;2729202;1;PC; 475.09 ;1;1;751
 IPMISC   ;SPRING 1,5 IPZ-IPUZ;84313900;2729203;1;PC; 70.07 ;1;1;111
 IPMISC   ;UNIV. HOIST E 3IPUZ;84313900;2729205;1;PC; 901.93 ;1;1;1425
 IPMISC   ;HOISTING SHAFT 1,5 IPUZ;84313900;2729206;1;PC; 119.09 ;1;1;188
 IPMISC   ;HINGE BLOCK 1,5 IPUZ;84313900;2729207;1;PC; 620.62 ;1;1;981
 IPMISC   ;LIFTING SHAFT 1 IPNM10;84313900;2729208;1;PC; 159.65 ;1;1;252
 IPMISC   ;HINGE BLOCK 3 IPUZ;84313900;2729209;1;PC; 833.4 ;1;1;1317
 IPMISC   ;HOIST SHAFT 6 IPUNZ;84313900;2729210;1;PC; 181.21 ;1;1;286
 IPMISC   ;PIVOT OVAL 30 IP(U)NZ;84313900;2729214;1;PC; 5626.9 ;1;1;8891
 IPMISC   ;HOISTING EYE FOR 0,5 IP10;84313900;2729219;1;PC; 172.99 ;1;1;273
 IPMISC   ;HOISTING EYE 1,5 IPZ;84313900;2729220;1;PC; 353.17 ;1;1;558
 IPMISC   ;HOISTING EYE FOR 3 IPZ;84313900;2729221;1;PC; 703.01 ;1;1;1111
 IPMISC   ;HOISTING EYE FOR 6 IPNZ;84313900;2729222;1;PC; 938.37 ;1;1;1483
 IPMISC   ;MAINTENANCE SET 3,75IPBKZ;84313900;2729228;1;PC; 3666.99 ;1;1;5794
 IPMISC   ;CAMSEGMENT 2 IPBK10;84313900;2729236;1;PC; 1384.97 ;1;1;2188
 IPMISC   ;MAINTENANCE SET 2 IPBK10;84313900;2729238;1;PC; 1649.59 ;1;1;2606
 IPMISC   ;MAINTENANCE SET 4 IPBK10;84313900;2729243;1;PC; 3288.76 ;1;1;5196
 IPMISC   ;CLAMPING PLATE 1 IPNM10N;84313900;2729244;1;PC; 2163.18 ;1;1;3418
 IPMISC   ;HINGE BLOCK 9 IPUNZ;84313900;2729245;1;PC; 1514.84 ;1;1;2393
 IPMISC   ;LIFTING SHAFT 1 IPNM10;84313900;2729249;1;PC; 119.09 ;1;1;188
 IPMISC   ;HINGE BLOCK 1 IPNM10;84313900;2729250;1;PC; 756.65 ;1;1;1196
 IPMISC   ;SPRING (2) 2 IPNM10;84313900;2729253;1;PC; 344.45 ;1;1;544
 IPMISC   ;PIVOT 2 IPNM10;84313900;2729257;1;PC; 1836.7 ;1;1;2902
 IPMISC   ;HOISTING SHAFT 2 IPNM10;84313900;2729258;1;PC; 113.7 ;1;1;180
 IPMISC   ;CLAMPING PLATE 2 IPNM10;84313900;2729261;1;PC; 4424.93 ;1;1;6991
 IPMISC   ;CLAMPING ARM FOR 0,5 IPNM10N;84313900;2729266;1;PC; 543.36 ;1;1;859
 IPMISC   ;HANDGRIP 2,5 IPSTARTEC11;84313900;2729269;1;PC; 253.59 ;1;1;401
 IPMISC   ;CLAMPING PLATE 1 IPNM10;84313900;2729270;1;PC; 2201.43 ;1;1;3478
 IPMISC   ;KEY 2 IPNM10;84313900;2729271;1;PC;4.630;1;1;7315
 IPMISC   ;Latch 1,5 IPSTARTEC11;84313900;2729272;1;PC; 258.21 ;1;1;408
 IPMISC   ;CAMSEGMENT 3 IPTOA;84313900;2729285;1;PC; 3940.09 ;1;1;6225
 IPMISC   ;PIVOT 3 IPUX7Z;84313900;2729286;1;PC; 2150.09 ;1;1;3397
 IPMISC   ;CAMSEGMENT 4,5 IPUX9Z;84313900;2729287;1;PC; 2032.28 ;1;1;3211
 IPMISC   ;CAMSEGMENT 6 IPTOA;84313900;2729288;1;PC; 4688.27 ;1;1;7407
 IPMISC   ;Camsegment Shaft 0,5 IPVK;84313900;2729290;1;PC; 158.62 ;1;1;251
 IPMISC   ;Shackle 0,5 IPVK;84313900;2729291;1;PC; 190.19 ;1;1;301
 IPMISC   ;LATCH FOR IPHNM10 0,5T;84313900;2729293;1;PC; 1169.89 ;1;1;1848
 IPMISC   ;HINGE BLOCK 1,5 IPHGUZ;84313900;2729305;1;PC; 954.29 ;1;1;1508
 IPMISC   ;CAMSEGMENT 3 IPHGUZ;84313900;2729307;1;PC; 2023.81 ;1;1;3198
 IPMISC   ;SPRING 3 IPHGUZ;84313900;2729308;1;PC; 742.28 ;1;1;1173
 IPMISC   ;CAMSEGMENT SHAFT 3 IPHGUZ;84313900;2729309;1;PC; 698.13 ;1;1;1103
 IPMISC   ;PIVOT 3 IPHGUZ;84313900;2729311;1;PC;231;1;1;365
 IPMISC   ;PIVOT 4,5IPHGUZ/6IPHGUX1;84313900;2729318;1;PC; 235.62 ;1;1;372
 IPMISC   ;CAMSEGMENT SHAFT 30 HX1;84313900;2729330;1;PC; 2834.62 ;1;1;4479
 IPMISC   ;PIVOT SS 9 IP10S-IPU10S;84313900;2729331;1;PC; 419.65 ;1;1;663
 IPMISC   ;PIVOT 1,5 IPBVNZ;84313900;2729341;1;PC; 116.78 ;1;1;185
 IPMISC   ;LOCKING DEVICE 4 IPTKUD;84313900;2729344;1;PC; 2011.75 ;1;1;3179
 IPMISC   ;DISTANCE COLLAR 4 IPTKUD;84313900;2729345;1;PC; 1371.11 ;1;1;2166
 IPMISC   ;Locking Device 5 IPTKUD;84313900;2729349;1;PC; 1715.81 ;1;1;2711
 IPMISC   ;Screw Spindle 5 IPTKUD;84313900;2729350;1;PC; 5324.54 ;1;1;8413
 IPMISC   ;SHACKLE 70 IPPH;84313900;2729362;1;PC; 12452.17 ;1;1;19674
 IPMISC   ;BUMPER STRIP 70 IPPH;84313900;2729363;1;PC; 13580.47 ;1;1;21457
 IPMISC   ;CAMSEGMENT 3 IPPE10;84313900;2729368;1;PC; 1013.83 ;1;1;1602
 IPMISC   ;PROTECTION CLAMP PLATE 6 IPPE10NM;84313900;2729384;1;PC; 2040.5 ;1;1;3224
 IPMISC   ;CAMSEGMENT HARD 0,5 IPX28;84313900;2729415;1;PC; 9438.65 ;1;1;14913
 IPMISC   ;PIVOT HARD 0,5 IPX28;84313900;2729416;1;PC; 281.05 ;1;1;444
 IPMISC   ;SPRING 0,5 IPX28;84313900;2729417;1;PC; 748.7 ;1;1;1183
 IPMISC   ;PIVOT PLATE 70 PH;84313900;2729419;1;PC; 2124.68 ;1;1;3357
 IPMISC   ;PRESSURE PLATE 70 PH;84313900;2729420;1;PC; 2068.99 ;1;1;3269
 IPMISC   ;CAMSEGMENT SHAFT 2IPBU(U);84313900;2729427;1;PC; 172.22 ;1;1;272
 IPMISC   ;LATCH 2 IPBU(U);84313900;2729428;1;PC; 1845.17 ;1;1;2915
 IPMISC   ;PROTECTION CLAMP PLATE 3 IPPE10NM;84313900;2729430;1;PC; 2022.53 ;1;1;3196
 IPMISC   ;CAMSEGMENT 22,5 IPU10X3;84313900;2729432;1;PC; 19418.09 ;1;1;30681
 IPMISC   ;PIVOT 22,5 IPU10X3;84313900;2729433;1;PC; 2205.79 ;1;1;3485
 IPMISC   ;LATCH 5 IPWJ;84313900;2729434;1;PC; 4647.2 ;1;1;7343
 IPMISC   ;HOISTING BRACKET 22,5 IPU10X3;84313900;2729436;1;PC; 5080.71 ;1;1;8028
 IPMISC   ;BODY 9 IP10JRX1;84313900;2729437;1;PC; 36091.14 ;1;1;57024
 IPMISC   ;MAINTENANCE SET 0,5 IPNM10P;84313900;2729440;1;PC; 2649.57 ;1;1;4186
 IPMISC   ;CAMSEGMENT 4,5 IPU10J1;84313900;2729441;1;PC; 3527.37 ;1;1;5573
 IPMISC   ;CAMSEGMENT 16 IPU10JX SIF;84313900;2729442;1;PC; 8514.14 ;1;1;13452
 IPMISC   ;PIVOT 16 IPU10JX SIF;84313900;2729443;1;PC; 1645.23 ;1;1;2599
 IPMISC   ;PIVOT 5 IPWJ;84313900;2729444;1;PC; 150.15 ;1;1;237
 IPMISC   ;LATCH 2 IPNM10;84313900;2729449;1;PC; 3367.72 ;1;1;5321
 IPMISC   ;CLAMPING SPRING 2 IPNM10;84313900;2729451;1;PC; 485.1 ;1;1;766
 IPMISC   ;LIFTING BRACKET 12-16 IP(U)10(J);84313900;2729453;1;PC; 2435.25 ;1;1;3848
 IPMISC   ;SWITCH TR 100 IP10;84313900;2729454;1;PC; 11615.44 ;1;1;18352
 IPMISC   ;SWITCH R 100 IP10;84313900;2729455;1;PC; 2035.36 ;1;1;3216
 IPMISC   ;MAINTENANCE SET 3 IPB(U)U;84313900;2729456;1;PC; 7595.27 ;1;1;12001
 IPMISC   ;CAMSEGMENT 22,5 IPU10X2;84313900;2729457;1;PC; 11632.38 ;1;1;18379
 IPMISC   ;MAINTENANCE SET 4,5 IP(U)10X1;84313900;2729458;1;PC; 1352.12 ;1;1;2136
 IPMISC   ;MAINTENANCE SET 3 IPU10X1;84313900;2729459;1;PC; 864.97 ;1;1;1367
 IPMISC   ;CAMSEGMENT 2 IPBU(U);84313900;2729472;1;PC; 4846.12 ;1;1;7657
 IPMISC   ;Spring 2 IPBU(U);84313900;2729473;1;PC; 170.17 ;1;1;269
 IPMISC   ;PIVOT 2 IPBU(U);84313900;2729475;1;PC; 92.14 ;1;1;146
 IPMISC   ;PIVOT 1,5 IPUX14;84313900;2729482;1;PC; 113.96 ;1;1;180
 IPMISC   ;CAMSEGMENT 4,5 IPUX10Z;84313900;2729483;1;PC; 4238.84 ;1;1;6697
 IPMISC   ;PIVOT 3 IPTKA;84313900;2729485;1;PC; 145.79 ;1;1;230
 IPMISC   ;PIVOT 5 IPTKA;84313900;2729486;1;PC; 160.67 ;1;1;254
 IPMISC   ;COMPR SPRING 3-5 IPTKA;84313900;2729487;1;PC; 413.49 ;1;1;653
 IPMISC   ;HINGE SHAFT 3-5 IPTKA;84313900;2729488;1;PC; 755.11 ;1;1;1193
 IPMISC   ;PIVOT 2 3-5 IPTKA;84313900;2729490;1;PC; 532.33 ;1;1;841
 IPMISC   ;Locking device 3-5 IPTKA;84313900;2729493;1;PC; 484.33 ;1;1;765
 IPMISC   ;BLOCKING PIN 3-5 IPTKA;84313900;2729494;1;PC; 352.15 ;1;1;556
 IPMISC   ;Maintenance kit 3 IPTKA;84313900;2729495;1;PC; 729.45 ;1;1;1153
 IPMISC   ;LATCH 35 IPSL;84313900;2729518;1;PC; 2588.48 ;1;1;4090
 IPMISC   ;DRAWN PIECE 1 IPBK;84313900;2729519;1;PC; 15359.17 ;1;1;24267
 IPMISC   ;Maintenance Kit 5 IPWJ;84313900;2729521;1;PC; 14661.04 ;1;1;23164
 IPMISC   ;PIVOT 0,75 IP(U)10H;84313900;2729523;1;PC; 134.75 ;1;1;213
 IPMISC   ;PIVOT 12 IP(U)10S;84313900;2729525;1;PC; 1504.83 ;1;1;2378
 IPMISC   ;CAMSEGMENT 3,2 IPU10HX1;84313900;2729526;1;PC; 8195.87 ;1;1;12949
 IPMISC   ;PIVOT 3,2 IPU10HX1;84313900;2729527;1;PC; 290.8 ;1;1;459
 IPMISC   ;Pivot 5000 Bollard;84313900;2729528;1;PC; 548.75 ;1;1;867
 IPMISC   ;CAMSEGMENT 16 IPU10X SIF;84313900;2729529;1;PC; 8017.74 ;1;1;12668
 IPMISC   ;CAMSEGMENT 12 IPU10X SIF;84313900;2729530;1;PC; 5929.76 ;1;1;9369
 IPMISC   ;CAMSEGMENT 12 IPU10JX SIF;84313900;2729531;1;PC; 6233.91 ;1;1;9850
 IPMISC   ;CAMSEGMENT 9 IPU10JX SIF;84313900;2729533;1;PC; 4789.91 ;1;1;7568
 IPMISC   ;OVERHAUL SET 1 IPX12;84313900;2729534;1;PC; 12160.08 ;1;1;19213
 IPMISC   ;CAMSEGMENT 3-4,5 IP(U)10J;84313900;2729535;1;PC; 4224.98 ;1;1;6675
 IPMISC   ;STICKER KIT 0,5-6 IP(U)10;84313900;2729536;1;PC; 355.74 ;1;1;562
 IPMISC   ;CLAMPING ARM 1 IPNM10NJ2;84313900;2729537;1;PC; 3619.25 ;1;1;5718
 IPMISC   ;OVERHAUL SET 2 IPU10X3;84313900;2729538;1;PC;6.863;1;1;10844
 IPMISC   ;GUIDE WHEEL 9 IP(U)10R;84313900;2729543;1;PC; 2187.82 ;1;1;3457
 IPMISC   ;CAMSEGMENT 6 IPU10X5;84313900;2729544;1;PC; 5188.51 ;1;1;8198
 IPMISC   ;MAINTENANCE SET 9 IPU10X1;84313900;2729547;1;PC; 7541.88 ;1;1;11916
 IPMISC   ;MAINTENANCE SET 8-16 IPU10JSX;84313900;2729548;1;PC; 14364.59 ;1;1;22696
 IPMISC   ;TORSION SPRING 1 IPNM10NJ;84313900;2729550;1;PC; 607.02 ;1;1;959
 IPMISC   ;RC RECEIVER 0.5T IPNM10R;84313900;2729551;1;PC; 102427.58 ;1;1;161836
 IPMISC   ;Pivot 10-15 IPTKA;84313900;2729554;1;PC; 262.06 ;1;1;414
 IPMISC   ;Compression spring 10-15 IPTKA;84313900;2729555;1;PC; 293.37 ;1;1;464
 IPMISC   ;Locking device 10-15 IPTKA;84313900;2729561;1;PC; 933.75 ;1;1;1475
 IPMISC   ;BLOCKING PIN 10-15 IPTKA;84313900;2729562;1;PC; 853.16 ;1;1;1348
 IPMISC   ;RC TRANSMITTER 0,5T IPNM10R;84313900;2729564;1;PC; 34724.39 ;1;1;54865
 IPMISC   ;ASSY SET 3-4,5 IP(U)10;84313900;2729583;1;PC; 66.22 ;1;1;105
 IPMISC   ;LATCH 22,5 IPU10X3;84313900;2729585;1;PC; 9864.2 ;1;1;15585
 IPMISC   ;Repair Kit 1,5 IPHGUX8;84313900;2729587;1;PC; 2873.64 ;1;1;4540
 IPMISC   ;Camsegment 22,5 IPU10X4;84313900;2729588;1;PC; 11265.09 ;1;1;17799
 IPMISC   ;CAMSEGMENT 6 IPHGUX1;84313900;2729589;1;PC; 6603.51 ;1;1;10434
 IPMISC   ;TORSION SPRING 2 IPRLN;84313900;2729595;1;PC; 2063.85 ;1;1;3261
 IPMISC   ;IPGNSRBZ 6T CHAIN;84313900;2729605;1;PC; 3264.8 ;1;1;5158
 IPMISC   ;CAMSEGMENT 3 IPU10JX2;84313900;2729609;1;PC; 5490.35 ;1;1;8675
 IPMISC   ;MAINT. KIT IPBCF-IPBCNS;84313900;2729610;1;PC; 574.42 ;1;1;908
 IPMISC   ;SHACKLE 4,5 IPBCF;84313900;2729611;1;PC; 1104.18 ;1;1;1745
 IPMISC   ;SHACKLE 13,5 IPBCNS;84313900;2729612;1;PC; 1579.01 ;1;1;2495
 IPMISC   ;SHACKLE 22,5 IPBCNS;84313900;2729613;1;PC; 2036.13 ;1;1;3217
 IPMISC   ;SHACKLE 32 IPBCNS;84313900;2729614;1;PC; 4366.66 ;1;1;6899
 IPMISC   ;MAINTENANCE KIT 4 IPBG;84313900;2729615;1;PC; 5160.79 ;1;1;8154
 IPMISC   ;LOCKING DEVICE 4 IPBG;84313900;2729616;1;PC; 8563.16 ;1;1;13530
 IPMISC   ;MAINT. SET 0,75 IPBUUX2Z;84313900;2729617;1;PC; 7128.91 ;1;1;11264
 IPMISC   ;PIVOT 3 IPSC10X1;84313900;2729618;1;PC; 2227.35 ;1;1;3519
 IPMISC   ;CAMSEGM 22,5 IP(U)10J STP;84313900;2729619;1;PC; 11026.9 ;1;1;17423
 IPMISC   ;CAMSEGM 30 IP(U)10J STP;84313900;2729620;1;PC; 16858.62 ;1;1;26637
 IPMISC   ;CLAMPING PLATE 0���;84313900;2729621;1;PC; 1691.17 ;1;1;2672
 IPMISC   ;CLAMPING PLATE 1 IPHNM10;84313900;2729622;1;PC; 1781.78 ;1;1;2815
 IPMISC   ;Camsegment 3 IPBU(U);84313900;2729623;1;PC; 10475.32 ;1;1;16551
 IPMISC   ;Camsegment 12 IP(U)10JS;84313900;2729625;1;PC; 14633.06 ;1;1;23120
 IPMISC   ;CCPHX-2 2T CLAMP-CO PIPE HOOK;84313900;2734510;1;PC; 5049.65 ;1;1;7978
 IPPHI ;CCPHI 2T 76-305MM PIPE HOOK INSERT;84313900;2734900;1;PC; 44.72 ;1;1;71
 IPPHI ;CCPHI 2T 305-457MM PIPE HOOK INSERT;84313900;2734909;1;PC; 43.71 ;1;1;69
1101;GALV3X3/4X3/8 SHEAV;84835010;900056;1.078;PC; 237.11 ;1;1;404
1101;GALV3-1/2X1X1/2 SHE;84835010;900074;1.078;PC; 364.57 ;1;1;621
1101;GALV3-1/2X1X1/2 SHE;84835010;900074;1.078;PC; 364.57 ;1;1;621
1101;GALV 4X1X1/2 SH    ;84835010;900092;1.078;PC; 656.03 ;1;1;1117
1101;GALV4-3/4X1-1/8X5/8;84835010;900118;1.078;PC; 1014.82 ;1;1;1728
1102;GALV 4-3/4X1-1/8X5/;84835010;900314;1.078;PC; 1006.16 ;1;1;1714
1103;GALV 1-3/4X1/2X3/8 ;84835010;900412;1.078;PC; 371.78 ;1;1;633
1103;2-1/4GL SHV   1/2WL;84835010;900430;1.078;PC; 429.01 ;1;1;731
1103;GALV 3X3/4X3/8 SHV ;84835010;900458;1.078;PC; 2078.24 ;1;1;3540
1103;GALV 3-1/2X1X1/2 SH;84835010;900476;1.078;PC; 757.03 ;1;1;1289
1103;GALV 3-1/2X1X1/2 SH;84835010;900476;1.078;PC; 757.03 ;1;1;1289
1103;GALV 4X1X1/2 SH    ;84835010;900494;1.078;PC; 1014.82 ;1;1;1728
1103;GALV 4-3/4X1-1/8X5/;84835010;900519;1.078;PC; 1014.82 ;1;1;1728
1113;GALV 4-1/2X1-3/8X5/;84835010;901457;1.078;PC; 1098.51 ;1;1;1871
1113;6IN BB A/GL  1.25MR;84835010;901475;1.078;PC; 1759.34 ;1;1;2997
1142;GALV 4-1/2X1-3/8X7/;84835010;902250;1.078;PC; 1157.18 ;1;1;1971
1143;GALV 4-1/2X1-3/8X7/;84835010;902456;1.078;PC; 1103.32 ;1;1;1879
1143;GALV 5-3/4X1-7/8X1 ;84835010;902474;1.078;PC; 2068.12 ;1;1;3523
1143;GALV 6-3/4X2-1/8X1 ;84835010;902492;1.078;PC; 2801.69 ;1;1;4772
1161;3X1/2X3/8 SHEAVE   ;84835010;905024;1.078;PC; 316.46 ;1;1;539
1161;3X1/2X1/2 SHEAVE   ;84835010;905042;1.078;PC; 330.22 ;1;1;562
1161;3X3/4X3/16 SHEAVE  ;84835010;905051;1.078;PC; 280.88 ;1;1;478
1161;3X3/4X1/2 SHEAVE   ;84835010;905079;1.078;PC; 277.03 ;1;1;472
1161;3X3/4X1/2 SHEAVE   ;84835010;905088;1.078;PC; 280.88 ;1;1;478
1161;3X25/32X5/8 SHEAVE ;84835010;905097;1.078;PC; 277.03 ;1;1;472
1161;3X3/4X5/8 SHEAVE   ;84835010;905104;1.078;PC; 301.88 ;1;1;514
1161;4X5/8X1/2 SHEAVE   ;84835010;905113;1.078;PC; 574.26 ;1;1;978
1161;4X5/8X1/2 SHEAVE   ;84835010;905122;1.078;PC; 581.96 ;1;1;991
1161;4X5/8X5/8 SHEAVE   ;84835010;905131;1.078;PC; 581.96 ;1;1;991
1161;4X5/8X5/8 SHEAVE   ;84835010;905140;1.078;PC; 574.26 ;1;1;978
1161;4X3/4X1/2 SHEAVE   ;84835010;905168;1.078;PC; 581.96 ;1;1;991
1161;4X3/4X5/8 SHEAVE   ;84835010;905186;1.078;PC; 581.96 ;1;1;991
1161;4X3/4X3/4X3/8WL SHV;84835010;905202;1.078;PC; 574.26 ;1;1;978
1161;4X1X1/2 SHEAVE     ;84835010;905220;1.078;PC; 581.96 ;1;1;991
1161;4X1X5/8 SHEAVE     ;84835010;905248;1.078;PC; 562.72 ;1;1;958
1161;4X1X3/4 SHEAVE     ;84835010;905266;1.078;PC; 581.96 ;1;1;991
1161;5X7/8X5/8 SHEAVE   ;84835010;905275;1.078;PC; 683.92 ;1;1;1165
1161;5X7/8X5/8 SHEAVE   ;84835010;905284;1.078;PC; 683.92 ;1;1;1165
1161;5X7/8X3/4 SHEAVE   ;84835010;905293;1.078;PC; 661.8 ;1;1;1127
1161;5X7/8X3/4 SHEAVE   ;84835010;905300;1.078;PC; 683.92 ;1;1;1165
1161;5X1X5/8 SHEAVE     ;84835010;905328;1.078;PC; 674.3 ;1;1;1148
1161;5X1-1/8X5/8 SHEAVE ;84835010;905364;1.078;PC; 724.72 ;1;1;1234
1161;5X1-1/8X7/8 SHEAVE ;84835010;905408;1.078;PC; 1072.54 ;1;1;1827
1161;6X3/4X1/2 SHEAVE   ;84835010;905426;1.078;PC; 817.76 ;1;1;1393
1161;6X3/4X3/4 SHEAVE   ;84835010;905462;1.078;PC; 760.88 ;1;1;1296
1161;6X1X1/2 SHEAVE     ;84835010;905480;1.078;PC; 817.76 ;1;1;1393
1161;6X1X3/4 SHEAVE     ;84835010;905523;1.078;PC; 771.46 ;1;1;1314
1161;7X1-1/8X3/4 SHEAVE ;84835010;905694;1.078;PC; 1244.74 ;1;1;2120
1161;7X1-1/8X3/4 SHEAVE ;84835010;905701;1.078;PC; 1244.74 ;1;1;2120
1161;7X1-1/8X1 SHEAVE   ;84835010;905710;1.078;PC; 1210.09 ;1;1;2061
1161;7X1-1/8X1 SHEAVE   ;84835010;905729;1.078;PC; 1304.87 ;1;1;2223
1161;8X1X1 SHEAVE       ;84835010;905783;1.078;PC; 1335.6 ;1;1;2275
1161;PTD 8X1-1/4X3/4SHV ;84835010;905809;1.078;PC; 1460.19 ;1;1;2487
1161;PTD 8X1-1/4X1 SHV  ;84835010;905845;1.078;PC; 1460.19 ;1;1;2487
1161;PTD 10X1X7/8 SHEAVE;84835010;905925;1.078;PC; 1944.02 ;1;1;3311
1161;SV DI 10 PB 1BR 1.12HB 1RM .50L;73269090;905943;1.05;PC; 3119.21 ;1;1;5175
1161;10X1-1/4X3/4 SHEAVE;84835010;905961;1.078;PC; 1370.66 ;1;1;2335
1161;PTD10X1-1/4X7/8SHV ;84835010;905989;1.078;PC; 1444.16 ;1;1;2460
1161;PTD10X1-1/4X1 SHV  ;84835010;906005;1.078;PC; 1894.97 ;1;1;3228
1161;PTD 12X1X1 SHEAVE  ;84835010;906041;1.078;PC; 2683.74 ;1;1;4571
1161;12X1X1-1/4 SHEAVE  ;84835010;906087;1.078;PC; 2635.65 ;1;1;4489
1161;12X1-1/2X1 SHVEAVE ;84835010;906121;1.078;PC; 5281.32 ;1;1;8995
1161;12X1-3/4X1-1/2 SHEA;84835010;906247;1.078;PC; 3732.23 ;1;1;6357
1161;14X1-1/2X1-1/8 SHEA;84835010;906283;1.078;PC; 4338.24 ;1;1;7389
1161;14X1-1/2X1-1/4 SHEA;84835010;906309;1.078;PC; 4165.09 ;1;1;7094
1173;SV BS 2.25 OL 0.38SH 0.62HB 0.56RM .25L;73269090;907004;1.05;PC; 1624.55 ;1;1;2695
1173;3X1/2X3/8 SHEAVE   ;84835010;907022;1.078;PC; 548.29 ;1;1;934
1173;3X1/2X1/2 SHEAVE   ;84835010;907040;1.078;PC; 622.36 ;1;1;1060
1173;3IN OL ASSY  3/16WL;84835010;907059;1.078;PC; 614.66 ;1;1;1047
1173;"3"" SHV        3/8WL";84835010;907068;1.078;PC; 548.29 ;1;1;934
1173;3X3/4X1/2 SHEAVE   ;84835010;907077;1.078;PC; 622.36 ;1;1;1060
1173;3X3/4X1/2 SHEAVE   ;84835010;907086;1.078;PC; 548.29 ;1;1;934
1173;3X3/4X5/8 SHEAVE   ;84835010;907095;1.078;PC; 622.36 ;1;1;1060
1173;3X3/4X5/8 SHEAVE   ;84835010;907102;1.078;PC; 539.63 ;1;1;919
1173;4X5/8X1/2 SHEAVE   ;84835010;907111;1.078;PC; 765.68 ;1;1;1304
1173;4X5/8X1/2 SHEAVE   ;84835010;907120;1.078;PC; 765.68 ;1;1;1304
1173;4X5/8X5/8 SHEAVE   ;84835010;907139;1.078;PC; 765.68 ;1;1;1304
1173;4X5/8X5/8 SHEAVE   ;84835010;907148;1.078;PC; 765.68 ;1;1;1304
1173;4X3/4X1/2   SHEAVE ;84835010;907166;1.078;PC; 765.68 ;1;1;1304
1173;4X3/4X5/8 SHEAVE   ;84835010;907184;1.078;PC; 799.35 ;1;1;1361
1173;4X3/4X3/4   SHEAVE ;84835010;907200;1.078;PC; 799.35 ;1;1;1361
1173;4X1X1/2 SHEAVE     ;84835010;907228;1.078;PC; 844.56 ;1;1;1438
1173;4X1X5/8 SHEAVE     ;84835010;907246;1.078;PC; 799.35 ;1;1;1361
1173;4X1X3/4 SHEAVE     ;84835010;907264;1.078;PC; 662.66 ;1;1;1129
1173;5X7/8X5/8 SHEAVE   ;84835010;907273;1.078;PC; 977.31 ;1;1;1665
1173;5X7/8X5/8 SHEAVE   ;84835010;907282;1.078;PC; 1012.9 ;1;1;1725
1173;5X7/8X3/4 SHEAVE   ;84835010;907291;1.078;PC; 962.88 ;1;1;1640
1173;5X7/8X3/4 SHEAVE   ;84835010;907308;1.078;PC; 795.41 ;1;1;1355
1173;5X1X5/8 SHEAVE     ;84835010;907326;1.078;PC; 1062.92 ;1;1;1810
1173;5X1X3/4 SHEAVE     ;84835010;907344;1.078;PC; 1079.27 ;1;1;1838
1173;PTD 5X1-1/8X5/8 SHV;84835010;907362;1.078;PC; 1323.6 ;1;1;2254
1173;5X1-1/8X3/4 SHEAVE ;84835010;907380;1.078;PC; 1601.41 ;1;1;2728
1173;5X1-1/8X7/8 SHEAVE ;84835010;907406;1.078;PC; 1323.6 ;1;1;2254
1173;6X3/4X1/2 SHEAVE   ;84835010;907424;1.078;PC; 1012.9 ;1;1;1725
1173;6X3/4X5/8 SHEAVE   ;84835010;907442;1.078;PC; 1079.27 ;1;1;1838
1173;6X3/4X3/4 SHEAVE   ;84835010;907460;1.078;PC; 1012.9 ;1;1;1725
1173;6X1X1/2 SHEAVE     ;84835010;907488;1.078;PC; 1141.79 ;1;1;1945
1173;6X1X5/8 SHEAVE     ;84835010;907503;1.078;PC; 1125.44 ;1;1;1917
1173;6X1X3/4 SHEAVE     ;84835010;907521;1.078;PC; 896.41 ;1;1;1527
1173;6X1-1/8X5/8 SHV    ;84835010;907549;1.078;PC; 1203.36 ;1;1;2050
1173;6X1-1/8X3/4 SHV    ;84835010;907567;1.078;PC; 919.69 ;1;1;1566
1173;PTD 7X1X3/4 SHEAVE ;84835010;907629;1.078;PC; 2049.06 ;1;1;3490
1173;7X1X7/8 SHEAVE     ;84835010;907647;1.078;PC; 2019.08 ;1;1;3439
1173;7X1-1/8X3/4 SHEAVE ;84835010;907692;1.078;PC; 1433.25 ;1;1;2441
1173;"7"" SV         3/8WL";84835010;907709;1.078;PC; 1371.79 ;1;1;2336
1173;7X1-1/8X1 SHEAVE   ;84835010;907718;1.078;PC; 1566.26 ;1;1;2668
1173;"SHV 6.75 A/OL  1""SH";84835010;907727;1.078;PC; 1674.44 ;1;1;2852
1173;PTD 8X1X3/4 SHEAVE ;84835010;907745;1.078;PC; 1635.26 ;1;1;2785
1173;8X1X7/8 SHEAVE     ;84835010;907763;1.078;PC; 1635.26 ;1;1;2785
1173;PTD 8X1X1 SHEAVE   ;84835010;907781;1.078;PC; 1757.52 ;1;1;2993
1173;PTD 8X1-1/4X3/4 SHV;84835010;907807;1.078;PC; 1744.92 ;1;1;2972
1173;10X1X7/8 SHEAVE    ;84835010;907923;1.078;PC; 1928.66 ;1;1;3285
1173;PTD 10X1-1/4X3/4SHV;84835010;907969;1.078;PC; 2154.69 ;1;1;3670
1173;PTD 10X1-1/4X1 SHV ;84835010;908003;1.078;PC; 2068.12 ;1;1;3523
1173;PTD 12X1X1 SHEAVE  ;84835010;908049;1.078;PC; 3091.17 ;1;1;5265
1173;PTD 12X1X1-1/4 SHV ;84835010;908085;1.078;PC; 2876.13 ;1;1;4899
1173;SV DI 12 A/OL 1SH 1.62HB 1.5RM .75L;73269090;908129;1.05;PC; 7238.12 ;1;1;12008
1173;SV DI 12 A/OL 1.12SH 1.62HB 1.5RM .75L;73269090;908147;1.05;PC; 6681.01 ;1;1;11084
1173;12X1-3/4X1-1/4 SHEA;84835010;908227;1.078;PC; 4751.86 ;1;1;8094
1173;12X1-3/4X1-1/2 SHEA;84835010;908245;1.078;PC; 4569.1 ;1;1;7782
1173;14X1-1/2X1-1/8 SHEA;84835010;908281;1.078;PC; 5377.11 ;1;1;9159
1173;JP14X1-1/2X1-1/4SHV;84835010;908307;1.078;PC; 5377.11 ;1;1;9159
1181;6X1-1/4X3/4 SHEAVE ;84835010;909066;1.078;PC; 1244.72 ;1;1;2120
1181;6X1-1/4X1 SHEAVE   ;84835010;909100;1.078;PC; 1302.43 ;1;1;2218
1181;6X1-1/2X1 SHEAVE   ;84835010;909164;1.078;PC; 1488.08 ;1;1;2535
1181;PTD 8X1-1/4X7/8 SHV;84835010;909306;1.078;PC; 1610.25 ;1;1;2743
1181;8X1-1/4X1 SHEAVE   ;84835010;909324;1.078;PC; 1657.38 ;1;1;2823
1181;8X1-1/4X1-1/8 SHEAV;84835010;909342;1.078;PC; 1610.25 ;1;1;2743
1181;8X1-1/4X1-1/4 SHEAV;84835010;909360;1.078;PC; 1704.51 ;1;1;2903
1181;8X1-1/4X1-1/2 SHEAV;84835010;909388;1.078;PC; 1610.25 ;1;1;2743
1181;10X1-1/4X7/8 SHEAVE;84835010;909681;1.078;PC; 2087.36 ;1;1;3555
1181;10X1-1/4X1-1/2 SHEA;84835010;909761;1.078;PC; 2039.26 ;1;1;3473
1181;12X1-1/2X1 SHEAVE  ;84835010;910107;1.078;PC; 5290.54 ;1;1;9011
1181;12X1-1/2X1-1/8 SHEA;84835010;910125;1.078;PC; 2386.21 ;1;1;4064
1181;12X1-1/2X1-1/2 SHEA;84835010;910161;1.078;PC; 3636.04 ;1;1;6193
1181;14X1-1/2X1-1/2 SHEA;84835010;910456;1.078;PC; 4905.77 ;1;1;8356
1193;6X1X7/8 SHEAVE     ;84835010;913024;1.078;PC; 958.65 ;1;1;1633
1193;6X1-1/4X3/4 SHV    ;84835010;913060;1.078;PC; 1768.96 ;1;1;3013
1193;6X1-1/4X7/8 SHV    ;84835010;913088;1.078;PC; 1742.99 ;1;1;2969
1193;6X1-1/4X1 SHEAVE   ;84835010;913104;1.078;PC; 1802.63 ;1;1;3070
1193;6X1-1/2X1 SHEAVE   ;84835010;913168;1.078;PC; 1971.93 ;1;1;3359
1193;PTD 8X1-1/4X7/8 SHV;84835010;913300;1.078;PC; 1885.35 ;1;1;3211
1193;PTD 8X1-1/4X1 SHEAV;84835010;913328;1.078;PC; 1885.35 ;1;1;3211
1193;PTD 8X1-1/4X1-1/8SH;84835010;913346;1.078;PC; 1857.46 ;1;1;3164
1193;8X1-1/4X1-1/4 SHEAV;84835010;913364;1.078;PC; 1885.35 ;1;1;3211
1193;8X1-1/4X1-1/2 SHEAV;84835010;913382;1.078;PC; 1885.35 ;1;1;3211
1193;10X1-1/4X7/8 SHEAVE;84835010;913685;1.078;PC; 2289.36 ;1;1;3899
1193;10X1-1/4X1-1/2 SHEA;84835010;913765;1.078;PC; 2347.07 ;1;1;3998
1193;10X1-1/2X1 SHEAVE  ;84835010;913807;1.078;PC; 3068.51 ;1;1;5226
1193;JP10X1-1/2X1-1/4SHV;84835010;913845;1.078;PC; 2828.03 ;1;1;4817
1193;10X1-1/2X1-1/2 SHEA;84835010;913863;1.078;PC; 2843.05 ;1;1;4842
1193;12X1-1/2X1-1/4 SHEA;84835010;914149;1.078;PC; 4280.52 ;1;1;7291
1193;JP12X1-1/2X1-1/2SHV;84835010;914167;1.078;PC; 4280.52 ;1;1;7291
1208;3X3/4X1/2 SHEAVE   ;84835010;916110;1.078;PC; 2160.71 ;1;1;3680
1208;4X3/4X1/2 SHEAVE   ;84835010;916147;1.078;PC; 1798.14 ;1;1;3063
1208; 4X3/4X3/4 SHEAVE  ;84835010;916165;1.078;PC; 1798.14 ;1;1;3063
1208;4X1X1/2 SHEAVE     ;84835010;916192;1.078;PC; 1815.34 ;1;1;3092
1208;6X1X7/8 SHV 3/8 W/L;84835010;916245;1.078;PC; 1414.79 ;1;1;2410
1208;6X1X7/8 SHV 5/8 W/L;84835010;916254;1.078;PC; 2135.45 ;1;1;3637
1208;8X1-1/4X3/4 1/2 W/L;84835010;916487;1.078;PC; 3616.8 ;1;1;6160
1208;10X1-1/4X7/8 SHEAVE;84835010;916717;1.078;PC; 5540.63 ;1;1;9437
1208;10X1-1/4X1 SHEAVE  ;84835010;916726;1.078;PC; 4790.34 ;1;1;8159
1208;10X1-1/2X1-1/2 SHEA;84835010;916833;1.078;PC; 5155.87 ;1;1;8782
1208;12X1-1/2X1 SHEAVE  ;84835010;917002;1.078;PC; 6415.98 ;1;1;10928
1208;JP12X1-1/2X1-1/8SHV;84835010;917011;1.078;PC; 6415.98 ;1;1;10928
1208;6X1X3/4 SHV 3/8WL  ;84835010;2026483;1.078;PC; 1843.99 ;1;1;3141
1208;8X1-1/4X1-1/8 1/2L ;84835010;2026841;1.078;PC; 3693.76 ;1;1;6291
1208;8X1-1/4X1-1/4 1/2L ;84835010;2026844;1.078;PC; 3693.76 ;1;1;6291
1208;6X1X3/4 SHV 5/8WL  ;84835010;2026938;1.078;PC; 1849.76 ;1;1;3151
1208;10X1-1/4X1-1/4 SHEV;84835010;2027291;1.078;PC; 4857.67 ;1;1;8274
0;SV RF60 PRM 13.87BR 4.12HB 3.62RM 1.38L;73269090;2030880;1.05;PC; 66296.72 ;1;1;109986
        ;SHV 4-D A/BB GL    ;84835010;2027015;1.078;PC; 1183.16 ;1;1;2015
        ;8IN BB ASSY .75WL  ;84835010;2028227;1.078;PC;4.521;1;1;7700
        ;"6"" BB 1.50SH 1.25MR";84835010;2028972;1.078;PC; 2116.21 ;1;1;3604
        ;24IN PB 6.49B  .56L;84835010;2030941;1.078;PC; 19446.43 ;1;1;33122
        ;36IN TB 7.87B 1.00L;84835010;2030942;1.078;PC; 35470.87 ;1;1;60415
        ;36IN PB 8.87B 1.00L;84835010;2030943;1.078;PC; 30568.33 ;1;1;52065
        ;42IN PB12.88B 1.12L;84835010;2030950;1.078;PC; 46446.22 ;1;1;79109
        ;42IN PB 12.87B 1.25;84835010;2030951;1.078;PC; 46457.53 ;1;1;79128
SHV     ;4IN RB ASSY .50WL  ;84835010;2028063;1.078;PC; 2029.64 ;1;1;3457
SV BS;SV BS 3 BB 0.75BR 1.31HB 1.25RM .38L;73269090;11310;1.05;PC; 757.23 ;1;1;1256
SV BS;SV BS 4.25 OL 0.62SH 1.19HB 0.94RM .50L;73269090;460441;1.05;PC; 3345.2 ;1;1;5550
SV BS;SV BS 2.25 PB GL.38BR.62HB.56RM .50-MR;73269090;900038;1.05;PC; 206.68 ;1;1;343
SV BS;SV BS 4 A/OL 0.5SH 0.81HB 0.75RM .38L;73269090;916156;1.05;PC; 2257.12 ;1;1;3745
SV BS   ; 4IN PB 1.57B  .38L;84835010;1189;1.078;PC; 1256.26 ;1;1;2140
SV BS   ; 6IN PB 1.38B  .75L;84835010;1410;1.078;PC; 6127.4 ;1;1;10436
SV BS   ; 7IN PB 1.88B  .38L;84835010;3203;1.078;PC; 4501.77 ;1;1;7668
SV BS   ;10IN PB 3.00B  .50L;84835010;6040;1.078;PC; 9234.39 ;1;1;15728
SV BS   ; 4IN PB 1.57B  .25L;84835010;51044;1.078;PC; 1304.87 ;1;1;2223
SV BS   ; 6IN PB 1.38B  .50L;84835010;51375;1.078;PC; 6031.21 ;1;1;10273
SV BS   ; 6IN PB 2.38B  .50L;84835010;60695;1.078;PC; 6387.12 ;1;1;10879
SV BS   ; 7IN PB 1.85B  .25L;84835010;61872;1.078;PC; 4953.87 ;1;1;8438
SV BS   ; 3IN OL ASSY  .38WL;84835010;460156;1.078;PC; 907.08 ;1;1;1545
SV BS   ; 3IN OL ASSY  .25WL;84835010;460165;1.078;PC; 862.31 ;1;1;1469
SV BS   ; 4IN BB ASSY  .25WL;84835010;460307;1.078;PC; 1859.87 ;1;1;3168
SV BS   ; 4IN BB ASSY  .38WL;84835010;460316;1.078;PC; 1730.49 ;1;1;2947
SV BS   ;"4.25""OL ASSY  .38WL";84835010;460450;1.078;PC; 1342.83 ;1;1;2287
SV BS   ; 6IN OL ASSY  .50WL;84835010;460879;1.078;PC; 5224.45 ;1;1;8898
SV BS   ; 6IN OL ASSY  .75WL;84835010;460897;1.078;PC; 5224.45 ;1;1;8898
SV BS   ; 7IN BB ASSY  .25WL;84835010;461020;1.078;PC; 5319.39 ;1;1;9060
SV BS   ; 7IN BB ASSY  .38WL;84835010;461039;1.078;PC; 5319.39 ;1;1;9060
SV BS   ;10IN BB ASSY  .38WL;84835010;462831;1.078;PC; 10186.69 ;1;1;17350
SV BS   ;10IN BB ASSY  .50WL;84835010;462840;1.078;PC; 10340.59 ;1;1;17613
SV BS   ; 4IN RB ASSY  .12WL;84835010;472508;1.078;PC; 2420.13 ;1;1;4122
SV BS   ; 4IN RB ASSY  .25WL;84835010;472517;1.078;PC; 1641.22 ;1;1;2795
SV BS   ; 4IN RB ASSY  .38WL;84835010;472535;1.078;PC; 1641.22 ;1;1;2795
SV BS   ; 7IN TB ASSY  .25WL;84835010;480777;1.078;PC; 8108.95 ;1;1;13811
SV BS   ;"2.25"" .375SH .50 MR";84835010;2028373;1.078;PC; 493.66 ;1;1;841
SV BS   ; 4IN OL ASSY  .38WL;84835010;2028640;1.078;PC; 1740.46 ;1;1;2964
SV CS   ; 8IN AB ASSY 1.12WL;84835010;461501;1.078;PC; 8801.53 ;1;1;14991
SV CS   ;8IN PB 4.00B 1.12L ;84835010;2023765;1.078;PC; 6743.03 ;1;1;11485
SV CS   ;10IN PB 4.00B 1.12L;84835010;2023784;1.078;PC; 6194.74 ;1;1;10551
SV DI;SV RF12BB AY 2.5SH 2.31HB 1RM .38L;73269090;462323;1.05;PC; 9066.42 ;1;1;15041
SV DI;SV DI 8 PB 0.75BR 1.12HB 1RM .50L;73269090;905747;1.05;PC; 1844.65 ;1;1;3060
SV DI;SV DI 10 A/OL 1SH 1.12HB 1RM .50L;73269090;907941;1.05;PC; 2956.11 ;1;1;4904
SV DI   ; 8IN PB 1.49B  .50L;84835010;5498;1.078;PC; 2914.6 ;1;1;4964
SV DI   ; 8IN PB 1.50B  .38L;84835010;51605;1.078;PC; 2914.6 ;1;1;4964
SV DI   ; 8IN PB 1.50B  .62L;84835010;51614;1.078;PC; 3030.03 ;1;1;5161
SV DI   ; 8IN PB 1.85B  .38L;84835010;61747;1.078;PC; 2832.71 ;1;1;4825
SV DI   ; 8IN BB ASSY  .38WL;84835010;461262;1.078;PC; 2753.2 ;1;1;4689
SV DI   ; 8IN BB ASSY  .62WL;84835010;461271;1.078;PC; 3655.28 ;1;1;6226
SV DI   ; 8IN BB ASSY  .50WL;84835010;461280;1.078;PC; 3501.37 ;1;1;5964
SV DI   ; 8IN RB ASSY  .38WL;84835010;473311;1.078;PC; 3520.61 ;1;1;5996
SV DI   ; 8IN RB ASSY  .50WL;84835010;473320;1.078;PC; 3520.61 ;1;1;5996
SV DI   ; 8IN RB ASSY  .62WL;84835010;473339;1.078;PC; 3693.76 ;1;1;6291
SV DI   ; 8IN TB ASSY  .38WL;84835010;481044;1.078;PC; 6306.39 ;1;1;10741
SV DI   ;10IN TB ASSY  .38WL;84835010;481295;1.078;PC; 10436.79 ;1;1;17776
SV DI   ;12IN TB ASSY  .25WL;84835010;481552;1.078;PC; 12499.06 ;1;1;21289
SV FS;SV 4-K AY BB .38L 1SH 1.5HB 1.38RM;73269090;2023186;1.05;PC; 1404.61 ;1;1;2330
SV FS   ; 8IN PB 1.88B  .75L;84835010;5194;1.078;PC; 4569.1 ;1;1;7782
SV FS   ;10IN PB 1.38B  .62L;84835010;5675;1.078;PC; 4424.81 ;1;1;7537
SV FS   ; 8IN PB 2.75B 1.12L;84835010;6353;1.078;PC;3.915;1;1;6668
SV FS   ; 6IN PB 1.62B  .50L;84835010;13014;1.078;PC; 1321.86 ;1;1;2251
SV FS   ; 5IN PB 1.12B  .44L;84835010;25948;1.078;PC; 1308.21 ;1;1;2228
SV FS   ; 5IN PB 1.12B  .38L;84835010;51062;1.078;PC; 1428.44 ;1;1;2433
SV FS   ; 5IN PB 1.12B  .31L;84835010;51071;1.078;PC; 1428.44 ;1;1;2433
SV FS   ; 6IN PB 1.62B  .38L;84835010;51124;1.078;PC; 1581.39 ;1;1;2693
SV FS   ; 8IN PB 1.88B  .50L;84835010;51589;1.078;PC; 4290.14 ;1;1;7307
SV FS   ; 8IN PB 1.88B  .62L;84835010;51598;1.078;PC; 4472.91 ;1;1;7618
SV FS   ;10IN PB 1.38B  .50L;84835010;51749;1.078;PC; 4328.62 ;1;1;7373
SV FS   ;10IN PB 3.00B  .38L;84835010;51918;1.078;PC; 9244.01 ;1;1;15745
SV FS   ; 8IN PB 1.85B  .50L;84835010;61710;1.078;PC; 4203.57 ;1;1;7160
SV FS   ; 5IN PB 1.85B  .38L;84835010;62149;1.078;PC; 1971.93 ;1;1;3359
SV FS   ; 5IN BB ASSY  .62WL;84835010;460469;1.078;PC; 2250.88 ;1;1;3834
SV FS   ; 5IN BB ASSY  .38WL;84835010;460478;1.078;PC; 2212.41 ;1;1;3768
SV FS   ; 5IN OL ASSY  .31WL;84835010;460511;1.078;PC; 2250.88 ;1;1;3834
SV FS   ; 5IN OL ASSY  .38WL;84835010;460520;1.078;PC; 2250.88 ;1;1;3834
SV FS   ; 6IN BB ASSY  .62WL;84835010;460628;1.078;PC; 2635.65 ;1;1;4489
SV FS   ; 6IN BB ASSY  .75WL;84835010;460637;1.078;PC; 2597.17 ;1;1;4424
SV FS   ; 6IN OL ASSY  .50WL;84835010;460673;1.078;PC; 1845.92 ;1;1;3144
SV FS   ; 6IN OL ASSY  .38WL;84835010;460682;1.078;PC; 1448.84 ;1;1;2468
SV FS   ;8-7  BB ASSY  .75WL;84835010;460977;1.078;PC; 2847.27 ;1;1;4850
SV FS   ;8-7  BB ASSY  .62WL;84835010;460986;1.078;PC; 2847.27 ;1;1;4850
SV FS   ; 8IN BB ASSY  .50WL;84835010;461235;1.078;PC; 6050.45 ;1;1;10305
SV FS   ; 8IN BB ASSY  .62WL;84835010;461244;1.078;PC; 6050.45 ;1;1;10305
SV FS   ; 8IN BB ASSY  .75WL;84835010;461253;1.078;PC; 6050.45 ;1;1;10305
SV FS   ;10IN BB ASSY  .50WL;84835010;462154;1.078;PC; 6117.78 ;1;1;10420
SV FS   ;10IN BB ASSY  .62WL;84835010;462163;1.078;PC; 6117.78 ;1;1;10420
SV FS   ; 5IN RB ASSY  .38WL;84835010;472768;1.078;PC; 2789.56 ;1;1;4751
SV FS   ; 5IN RB ASSY  .50WL;84835010;472777;1.078;PC; 2189.32 ;1;1;3729
SV FS   ; 5IN RB ASSY  .62WL;84835010;472786;1.078;PC; 2751.08 ;1;1;4686
SV FS   ; 6IN RB ASSY  .50WL;84835010;472875;1.078;PC; 6656.46 ;1;1;11338
SV FS   ; 5IN TB ASSY  .38WL;84835010;480269;1.078;PC; 4953.87 ;1;1;8438
SV FS   ; 8IN TB ASSY  .50WL;84835010;481017;1.078;PC; 7474.08 ;1;1;12730
SV FS   ; 8IN OL ASSY  .50WL;84835010;916502;1.078;PC; 3616.8 ;1;1;6160
SV FS   ; 8IN OL ASSY  .50WL;84835010;916520;1.078;PC; 3616.8 ;1;1;6160
SV FS   ;6IN BB ASSY  .62WL ;84835010;2023129;1.078;PC; 2404.79 ;1;1;4096
SV FS   ;6IN PB 1.88B  .62L ;84835010;2023133;1.078;PC; 1841.11 ;1;1;3136
SV FS   ; 6IN PB 1.88B  .88L;84835010;2023134;1.078;PC; 1952.69 ;1;1;3326
SV FS   ;6IN BB ASSY  .88WL ;84835010;2023135;1.078;PC; 2404.79 ;1;1;4096
SV FS   ;6IN PB 1.88B  .75L ;84835010;2023136;1.078;PC; 1869.96 ;1;1;3185
SV FS   ;"5.88""BB ASSY  .75WL";84835010;2023137;1.078;PC; 2433.65 ;1;1;4145
SV FS   ;6IN RB ASSY  .62WL ;84835010;2023141;1.078;PC; 2549.08 ;1;1;4342
SV FS   ;6IN RB ASSY  .88WL ;84835010;2023142;1.078;PC; 2549.08 ;1;1;4342
SV FS   ; 6IN RB ASSY  .75WL;84835010;2023143;1.078;PC; 2549.08 ;1;1;4342
SV FS   ;8IN PB 1.88B  .50L ;84835010;2023144;1.078;PC; 2866.51 ;1;1;4882
SV FS   ;8IN BB ASSY  .50WL ;84835010;2023145;1.078;PC; 3712.99 ;1;1;6324
SV FS   ;8IN PB 1.88B  .62L ;84835010;2023146;1.078;PC; 2904.99 ;1;1;4948
SV FS   ;8IN BB ASSY  .62WL ;84835010;2023147;1.078;PC; 2910.76 ;1;1;4958
SV FS   ;8IN PB 1.88B  .75L ;84835010;2023152;1.078;PC; 2866.51 ;1;1;4882
SV FS   ;8IN BB ASSY  .75WL ;84835010;2023153;1.078;PC; 3712.99 ;1;1;6324
SV FS   ;10IN PB 1.88B  .50L;84835010;2023154;1.078;PC; 3587.95 ;1;1;6111
SV FS   ;8IN RB ASSY  .50WL ;84835010;2023155;1.078;PC; 3761.09 ;1;1;6406
SV FS   ;8IN RB ASSY  .62WL ;84835010;2023159;1.078;PC; 2952.22 ;1;1;5028
SV FS   ;8IN RB ASSY  .75WL ;84835010;2023163;1.078;PC; 3761.09 ;1;1;6406
SV FS   ;10IN BB ASSY  .50WL;84835010;2023166;1.078;PC; 4001.57 ;1;1;6816
SV FS   ;10IN PB 1.88B  .62L;84835010;2023169;1.078;PC; 3587.95 ;1;1;6111
SV FS   ;10IN BB ASSY  .62WL;84835010;2023170;1.078;PC; 4030.43 ;1;1;6865
SV FS   ;10IN PB 1.88B  .75L;84835010;2023173;1.078;PC; 3587.95 ;1;1;6111
SV FS   ;10IN BB ASSY  .75WL;84835010;2023174;1.078;PC; 4001.57 ;1;1;6816
SV FS   ;10IN RB ASSY  .62WL;84835010;2023179;1.078;PC; 4367.1 ;1;1;7438
SV FS   ;10IN RB ASSY  .75WL;84835010;2023181;1.078;PC; 4367.1 ;1;1;7438
SV FS   ;4IN PB 1.57B  .50L ;84835010;2023182;1.078;PC; 1461.15 ;1;1;2489
SV FS   ;4IN PB 1.57B  .38L ;84835010;2023185;1.078;PC; 1439.03 ;1;1;2451
SV FS   ; 4IN PB 1.57B  .62L;84835010;2023187;1.078;PC; 1532.33 ;1;1;2610
SV FS   ;4IN BB ASSY  .62WL ;84835010;2023188;1.078;PC; 1324.56 ;1;1;2256
SV FS   ;12IN BB ASSY  .62WL;84835010;2023227;1.078;PC; 4652.31 ;1;1;7924
SV FS   ;12IN PB 1.88B  .75L;84835010;2023234;1.078;PC; 5203.96 ;1;1;8864
SV FS   ;12IN BB ASSY  .75WL;84835010;2023235;1.078;PC; 5925.4 ;1;1;10092
SV FS   ;12IN RB ASSY  .75WL;84835010;2023236;1.078;PC; 6021.59 ;1;1;10256
SV FS   ;12IN PB 1.88B  .62L;84835010;2023247;1.078;PC; 5223.2 ;1;1;8896
SV FS   ;12IN RB ASSY  .62WL;84835010;2023248;1.078;PC; 6117.78 ;1;1;10420
SV FS   ;12IN PB 1.88B  .88L;84835010;2023251;1.078;PC; 5444.44 ;1;1;9273
SV FS   ;12IN BB ASSY  .88WL;84835010;2023252;1.078;PC; 5809.97 ;1;1;9896
SV FS   ;6IN PB 2.50B  .75L ;84835010;2023257;1.078;PC; 2347.07 ;1;1;3998
SV FS   ;6IN BB ASSY  .75WL ;84835010;2023260;1.078;PC; 3751.47 ;1;1;6390
SV FS   ;6IN PB 2.50B  .88L ;84835010;2023261;1.078;PC; 2193.17 ;1;1;3735
SV FS   ;6IN BB ASSY  .88WL ;84835010;2023262;1.078;PC; 3751.47 ;1;1;6390
SV FS   ;6IN PB 2.50B  .62L ;84835010;2023263;1.078;PC; 2347.07 ;1;1;3998
SV FS   ;6IN BB ASSY  .62WL ;84835010;2023264;1.078;PC; 3751.47 ;1;1;6390
SV FS   ;8IN PB 2.50B  .88L ;84835010;2023385;1.078;PC; 2693.36 ;1;1;4587
SV FS   ;8IN BB ASSY  .88WL ;84835010;2023386;1.078;PC; 4424.81 ;1;1;7537
SV FS   ;8IN PB 2.56B  .75L ;84835010;2023403;1.078;PC; 2904.99 ;1;1;4948
SV FS   ;8IN RB ASSY  .75WL ;84835010;2023404;1.078;PC; 9792.3 ;1;1;16679
SV FS   ;10IN PB 2.50B  .88L;84835010;2023419;1.078;PC; 4165.09 ;1;1;7094
SV FS   ;10IN BB ASSY  .88WL;84835010;2023420;1.078;PC; 4944.25 ;1;1;8421
SV FS   ;10IN PB 2.50B 1.00L;84835010;2023427;1.078;PC; 4501.77 ;1;1;7668
SV FS   ;10IN BB ASSY 1.00WL;84835010;2023428;1.078;PC; 4876.91 ;1;1;8307
SV FS   ;10IN PB 2.56B  .75L;84835010;2023435;1.078;PC; 6377.5 ;1;1;10862
SV FS   ;10IN RB ASSY  .75WL;84835010;2023436;1.078;PC; 8325.96 ;1;1;14181
SV FS   ;8IN BB ASSY 1.12WL ;84835010;2023463;1.078;PC; 4896.15 ;1;1;8339
SV FS   ;8IN PB 2.75B 1.00L ;84835010;2023466;1.078;PC; 3761.09 ;1;1;6406
SV FS   ;10IN PB 2.75B 1.12L;84835010;2023484;1.078;PC; 5800.35 ;1;1;9879
SV FS   ;10IN BB ASSY 1.12WL;84835010;2023785;1.078;PC; 10744.6 ;1;1;18301
SV FS   ;4IN RB ASSY .62WL  ;84835010;2025891;1.078;PC; 2116.21 ;1;1;3604
SV FS   ;8-7 RB ASSY .75WL  ;84835010;2025892;1.078;PC; 2885.75 ;1;1;4915
SV FS   ;4IN RB ASSY .38WL  ;84835010;2025893;1.078;PC; 2116.21 ;1;1;3604
SV FS   ;8-7  RB ASSY .62WL ;84835010;2025898;1.078;PC; 3068.51 ;1;1;5226
SV FS   ;5IN PB 1.75B .62L  ;84835010;2026409;1.078;PC; 1899.78 ;1;1;3236
SV FS   ;5IN PB 1.75B .50L  ;84835010;2026413;1.078;PC; 1899.78 ;1;1;3236
SV FS   ;5IN BB ASSY .50WL  ;84835010;2026414;1.078;PC; 2298.98 ;1;1;3916
SV FS   ;6IN PB 1.57B .75L  ;84835010;2026422;1.078;PC; 2173.93 ;1;1;3703
SV FS   ;6IN RB ASSY .75WL  ;84835010;2026423;1.078;PC; 2760.7 ;1;1;4702
SV FS   ;6IN PB 1.57B .62L  ;84835010;2026426;1.078;PC; 2173.93 ;1;1;3703
SV FS   ;6IN RB ASSY .62WL  ;84835010;2026427;1.078;PC; 2438.8 ;1;1;4154
SV FS   ;10IN RB ASSY .50WL ;84835010;2026433;1.078;PC;4.521;1;1;7700
SV FS   ;8-7 PB 1.57B .75L  ;84835010;2026450;1.078;PC; 1804.55 ;1;1;3074
SV FS   ;8-7 PB 1.57B .62L  ;84835010;2026452;1.078;PC; 1857.46 ;1;1;3164
SV FS   ;10IN PB 2.99B .38L ;84835010;2026492;1.078;PC; 5425.2 ;1;1;9240
SV FS   ;"6"" BB 1.50SH 1.25MR";84835010;2026507;1.078;PC; 2289.36 ;1;1;3899
SV FS   ;"8"" BB 1.50SH 1.50MR";84835010;2026509;1.078;PC; 2837.65 ;1;1;4833
SV FS   ;12IN PB 3.00B .62L ;84835010;2026531;1.078;PC; 7916.57 ;1;1;13484
SV FS   ;12IN PB 2.99B .75L ;84835010;2026537;1.078;PC; 6955.06 ;1;1;11846
SV FS   ;6IN OL ASSY .62WL  ;84835010;2026822;1.078;PC; 2212.41 ;1;1;3768
SV FS   ;10IN BB ASSY 1.12WL;84835010;2026861;1.078;PC; 7926.19 ;1;1;13500
SV FS   ;8IN PB 2.50B .75L  ;84835010;2028226;1.078;PC; 2876.13 ;1;1;4899
SV FS   ;"6"" OL 1.00SH .375WL";84835010;2028641;1.078;PC; 1843.99 ;1;1;3141
SV FS   ;"8"" BB 1.50SH 1.50MR";84835010;2028973;1.078;PC; 2693.36 ;1;1;4587
SV FS   ;4-K BB 1.00SH .50WL;84835010;2029618;1.078;PC; 1519.74 ;1;1;2588
SV PM   ;3X3/4X3/8    SHEAVE;84835010;15410;1.078;PC; 277.03 ;1;1;472
SV PM   ;3IN OL ASSY  .44WL ;84835010;2023202;1.078;PC; 833.43 ;1;1;1420
SV PM   ;"3""A/GL.750SH .875MR";84835010;2027021;1.078;PC; 824.36 ;1;1;1404
SV PM   ;"6"" 1.00SH .500WL   ";84835010;2028048;1.078;PC; 1280.31 ;1;1;2181
SV PM   ;3.50 GL .50SH .750L;84835010;2028375;1.078;PC; 962.88 ;1;1;1640
SV PM   ;4IN .625SH 1.00WL  ;84835010;2028376;1.078;PC; 1301.47 ;1;1;2217
SV PM   ;"4"" BB 1.00SH 1.375L";84835010;2028971;1.078;PC; 1092.74 ;1;1;1861
SV PM   ;"3""A/OL .750SH .375L";84835010;2030895;1.078;PC; 755.1 ;1;1;1286
SV RF;SV RF14BB 4.25BR 2.5HB 1.38RM .50L;73269090;52720;1.05;PC; 8226.92 ;1;1;13648
SV RF;SV RF14BB AY 3.75SH 2.5HB 1.38RM .50L;73269090;463518;1.05;PC; 9755.05 ;1;1;16184
SV RF;SV RF24TB 6.5BR 3.38HB 3.12RM .88L;73269090;2026108;1.05;PC; 14975.12 ;1;1;24844
SV RF;SV RF30TB L 6.5BR 3.38HB 3.12RM 1.12L;73269090;2027945;1.05;PC; 21939.48 ;1;1;36398
SV RF;SV RF60 PRM 13.87BR 4.12HB 3.62RM 1.50L;73269090;2030872;1.05;PC; 74576.93 ;1;1;123723
SV RF;SV RF60 PRM 13.69BR 3.88HB 3.5RM 1.50L;73269090;2030875;1.05;PC; 75242.62 ;1;1;124828
SV RF;SV RF60 PRM 15.5BR 4.12HB 3.5RM 1.50L;73269090;2030876;1.05;PC;77.837;1;1;129132
SV RF;SV RF60TB 8C 15.5BR 4.12HB 3.5RM 1.62L;73269090;2030877;1.05;PC; 83711.07 ;1;1;138877
SV RF;SV RF60 PRM 15.5BR 4.12HB 3.75RM 1.38L;73269090;2030881;1.05;PC; 71963.15 ;1;1;119387
SV RF;SV RF30TB 8C 8.87BR 3.62HB 3.38RM 1.12L;73269090;2030907;1.05;PC; 25177.48 ;1;1;41769
SV RF;SV RF50TB 8C 13.69BR 3.88HB 3.25RM 1.25L;73269090;2030957;1.05;PC; 58840.62 ;1;1;97617
SV RF;SV RF50TB 8C 13.69BR 3.88HB 3.75RM 1.38L;73269090;2030958;1.05;PC; 66970.04 ;1;1;111103
SV RF;SV RF55TB 12.87BR 4.5HB 3.38RM 1.25L;73269090;2030960;1.05;PC; 66101.87 ;1;1;109663
SV RF   ;13IN PB 2.50B  .38L;84835010;33653;1.078;PC; 11138.98 ;1;1;18972
SV RF   ;13IN PB 2.50B  .50L;84835010;50704;1.078;PC; 10244.4 ;1;1;17449
SV RF   ;12IN PB 3.00B  .75L;84835010;52285;1.078;PC; 7916.57 ;1;1;13484
SV RF   ;12IN PB 2.75B  .75L;84835010;60007;1.078;PC; 7196.32 ;1;1;12257
SV RF   ;12IN PB 2.99B  .88L;84835010;62283;1.078;PC; 6405.16 ;1;1;10910
SV RF   ;12IN PB 2.99BR  .75;84835010;74724;1.078;PC; 6307.62 ;1;1;10743
SV RF   ;12IN BB ASSY  .75WL;84835010;346593;1.078;PC; 9118.42 ;1;1;15531
SV RF   ; 8IN BB ASSY  .75WL;84835010;461397;1.078;PC; 5169.64 ;1;1;8805
SV RF   ;12IN BB ASSY  .62WL;84835010;462387;1.078;PC; 8368.67 ;1;1;14254
SV RF   ;12IN BB ASSY  .75WL;84835010;462449;1.078;PC; 8849.62 ;1;1;15073
SV RF   ;12IN BB ASSY  .88WL;84835010;462458;1.078;PC; 8849.62 ;1;1;15073
SV RF   ;12IN BB ASSY 1.00WL;84835010;462467;1.078;PC; 9604.32 ;1;1;16358
SV RF   ;12IN BB ASSY  .75WL;84835010;462485;1.078;PC; 10436.79 ;1;1;17776
SV RF   ;12IN BB ASSY  .62WL;84835010;462564;1.078;PC; 9080.48 ;1;1;15466
SV RF   ;12IN BB ASSY  .75WL;84835010;462573;1.078;PC; 8455.24 ;1;1;14401
SV RF   ;13IN BB ASSY  .38WL;84835010;462779;1.078;PC; 14803.88 ;1;1;25215
SV RF   ;13IN BB ASSY  .50WL;84835010;462788;1.078;PC; 14803.88 ;1;1;25215
SV RF   ;12IN RB ASSY  .62WL;84835010;474365;1.078;PC; 8984.29 ;1;1;15302
SV RF   ;12IN RB ASSY  .75WL;84835010;474374;1.078;PC; 7044.05 ;1;1;11998
SV RF   ;12IN TB ASSY  .88WL;84835010;481446;1.078;PC; 11514.13 ;1;1;19611
SV RF   ;12IN TB ASSY  .75WL;84835010;481455;1.078;PC; 11796.05 ;1;1;20092
SV RF   ;8IN BB ASSY 1.00WL ;84835010;2023467;1.078;PC; 4896.15 ;1;1;8339
SV RF   ;12IN PB 2.75B 1.12L;84835010;2023551;1.078;PC; 6864.66 ;1;1;11692
SV RF   ;12IN BB ASSY 1.12WL;84835010;2023552;1.078;PC; 8714.96 ;1;1;14844
SV RF   ;12IN PB 2.75B  .88L;84835010;2023553;1.078;PC; 6521.79 ;1;1;11108
SV RF   ;12IN BB ASSY  .88WL;84835010;2023554;1.078;PC; 8714.96 ;1;1;14844
SV RF   ;24IN TB 6.49B 1.00L;84835010;2023993;1.078;PC; 19725.56 ;1;1;33597
SV RF   ;"24"" 6.498BR 1.00 WL";84835010;2025931;1.078;PC; 19978.99 ;1;1;34029
SV RF   ;"30"" TB 7.87BR 1.12L";84835010;2026003;1.078;PC; 29109.47 ;1;1;49580
SV RF   ;"30"" TB 6.49B 1.125L";84835010;2026036;1.078;PC; 26541.84 ;1;1;45207
SV RF   ;"30"" TB 7.87B 1.00WL";84835010;2026230;1.078;PC; 26610.9 ;1;1;45325
SV RF   ;"30"" 6.498BR 1.00WL ";84835010;2026299;1.078;PC; 25318.61 ;1;1;43124
SV RF   ;"24"" TB 6.49B .563WL";84835010;2027885;1.078;PC; 19301.69 ;1;1;32875
SV RF   ;"24"" TB 6.49B .625WL";84835010;2027887;1.078;PC; 18359.28 ;1;1;31270
SV RF   ;"30"" TB 6.49B 1.00WL";84835010;2027941;1.078;PC; 25359.96 ;1;1;43194
SV RF   ;SHV RF 36 TB 7.873 ;84835010;2027967;1.078;PC; 34130.68 ;1;1;58133
SV RF   ;"20"" TB 4.72B .625WL";84835010;2029285;1.078;PC; 14008.46 ;1;1;23860
SV RF   ;"36"" TB 8.87B 1.125L";84835010;2029390;1.078;PC; 31976.5 ;1;1;54464
SV RF   ;"36"" TB 8.87B 1.25WL";84835010;2029392;1.078;PC;31.032;1;1;52855
SV RF   ;"30"" TB 7.87BR 1.12L";84835010;2030260;1.078;PC; 29109.47 ;1;1;49580
SV RF   ;"30"" TB 7.87B 1.00WL";84835010;2030274;1.078;PC; 24653.7 ;1;1;41991
SV RF   ;"36"" TB 7.87BR 1.00L";84835010;2030282;1.078;PC; 33521.4 ;1;1;57095
SV RF   ;"36"" TB 7.87BR 1.12L";84835010;2030284;1.078;PC; 32028.2 ;1;1;54552
SV RF   ;"20"" TB 4.72B .563WL";84835010;2030311;1.078;PC; 14008.46 ;1;1;23860
SV RF   ;"12"" 2.50BR 1.00WL  ";84835010;2030845;1.078;PC; 8518.8 ;1;1;14510
SV RF   ;12IN 2.50BR .750 WL;84835010;2030847;1.078;PC; 7935.8 ;1;1;13517
SV RF   ;12IN 2.50BR .625WL ;84835010;2030851;1.078;PC; 7656.85 ;1;1;13041
SV RF   ;"SHV RF 60""13.686 BR";84835010;2030879;1.078;PC; 76595.18 ;1;1;130460
SV RF   ;"30"" TB 8.873B 1.00L";84835010;2030906;1.078;PC; 22802.79 ;1;1;38839
SV RF   ;"36"" TB 7.87B 1.125L";84835010;2030908;1.078;PC; 33982.14 ;1;1;57880
SV RF   ;"36"" TB 10.87B 1.12L";84835010;2030909;1.078;PC; 33271.19 ;1;1;56669
SV RF   ;"50"" TB 10.87B 1.25L";84835010;2030938;1.078;PC; 73712.31 ;1;1;125550
SV RF   ;"36"" TB 10.87B 1.00L";84835010;2030944;1.078;PC; 34141.99 ;1;1;58152
SV RF   ;36IN 10.87B  1.25WL;84835010;2030945;1.078;PC; 33327.74 ;1;1;56765
SV RF   ;42IN TB 8.87B 1.12L;84835010;2030946;1.078;PC; 38495.97 ;1;1;65568
SV RF   ;42IN PB 8.87B 1.25L;84835010;2030947;1.078;PC; 38235.86 ;1;1;65125
SV RF   ;42IN PB10.87B 1.12L;84835010;2030948;1.078;PC; 39762.58 ;1;1;67725
SV RF   ;42IN PB10.87B 1.25L;84835010;2030949;1.078;PC; 42386.28 ;1;1;72194
SV RF   ;44IN PB 10.87B 1.12;84835010;2030952;1.078;PC; 53401.28 ;1;1;90955
SV RF   ;"44"" PB 10.87B 1.25L";84835010;2030953;1.078;PC; 55166.9 ;1;1;93962
SV RF   ;"48"" TB 10.87B 1.12L";84835010;2030954;1.078;PC; 60548.59 ;1;1;103129
SV RF   ;"48"" PB 13.68B 1.25L";84835010;2030956;1.078;PC; 85720.41 ;1;1;146002
SV RF   ;"55"" TB 12.87B 1.12L";84835010;2030959;1.078;PC; 70636.26 ;1;1;120311
SV RF   ;"55"" TB 13.68B 1.25L";84835010;2030961;1.078;PC; 89431.88 ;1;1;152324
SV RF   ;20IN PB 4.248B  .75;84835010;4010885;1.078;PC; 13839.91 ;1;1;23573
SV RF   ;14IN PB 2.50B  .62L;84835010;4013098;1.078;PC; 8551.43 ;1;1;14565
SV RF   ;12IN PB 3.00B  .88L;84835010;4016594;1.078;PC; 8378.29 ;1;1;14270
SV RF   ;16IN BB ASSY  .75WL;84835010;4100047;1.078;PC; 15053.98 ;1;1;25641
SV RF   ;20IN BB ASSY  .75WL;84835010;4100341;1.078;PC; 15802.47 ;1;1;26915
SV RF   ;20IN BB ASSY  .88WL;84835010;4100350;1.078;PC; 18449.54 ;1;1;31424
SV RF   ;20IN BB ASSY  1.00L;84835010;4100369;1.078;PC; 18738.12 ;1;1;31916
SV RF   ;14IN BB ASSY  .62WL;84835010;4103552;1.078;PC; 9790.41 ;1;1;16675
SV RF   ;14IN BB ASSY   .75L;84835010;4103632;1.078;PC; 9790.41 ;1;1;16675
SV RF   ;16IN BB ASSY  .88WL;84835010;4103703;1.078;PC; 15207.89 ;1;1;25903
SV RF   ;14IN BB ASSY  .75WL;84835010;4104828;1.078;PC; 11312.13 ;1;1;19267
SV RF   ;12IN BB ASSY  .75WL;84835010;4104882;1.078;PC; 8724.58 ;1;1;14860
SV RF   ;12IN BB ASSY   .88L;84835010;4104891;1.078;PC; 8253.24 ;1;1;14057
SV RF   ;12IN BB ASSY  .75WL;84835010;4104917;1.078;PC; 8253.24 ;1;1;14057
SV RF   ;18IN BB ASSY  .88WL;84835010;4105131;1.078;PC; 16487.23 ;1;1;28082
SV RF   ;14IN RB ASSY  .62WL;84835010;4200563;1.078;PC; 9251.5 ;1;1;15758
SV RF   ;14IN RB ASSY  .75WL;84835010;4200572;1.078;PC; 9965.45 ;1;1;16974
SV RF   ;16IN TB ASSY 1.00WL;84835010;4300054;1.078;PC; 22143.3 ;1;1;37715
SV RF   ;18IN TB ASSY  .75WL;84835010;4300081;1.078;PC; 22547.3 ;1;1;38403
SV RF   ;20IN TB ASSY  .75WL;84835010;4300161;1.078;PC; 22980.17 ;1;1;39141
SV RF   ;SHV RF 20 A/TB     ;84835010;4300189;1.078;PC; 22980.17 ;1;1;39141
SV RF   ;24IN TB ASSY 1.00WL;84835010;4300321;1.078;PC; 29474.62 ;1;1;50202
SV RF   ;30IN TB ASSY  .88WL;84835010;4300483;1.078;PC; 40323.51 ;1;1;68681
401;"10""BB TLBRD BLK1.00";84251990;179167;1;PC; 25816.7 ;1;1;40790
402;"6""BB TLBRD BLK 3/4-";84251990;179238;1;PC; 3501.75 ;1;1;5533
402;"6""RB TLBRD BLK 3/4-";84251990;179283;1;PC; 5316.7 ;1;1;8400
402;"8""BB TLBRD BLK 3/4-";84251990;179318;1;PC; 5707.32 ;1;1;9018
402;"8""RB TLBRD BLK 3/4-";84251990;179363;1;PC; 6304.09 ;1;1;9960
402;"10""BB TLBRD BK 3/4-";84251990;179434;1;PC; 7150.42 ;1;1;11298
402;"10""RB TLBRD BK 3/4-";84251990;179498;1;PC; 5969.83 ;1;1;9432
404;"3""BB TLBRD BK 5/16-";84251990;102016;1;PC; 1000.45 ;1;1;1581
404;4.5BB TLBRD BK 3/8-;84251990;102025;1;PC; 1793.57 ;1;1;2834
404;"6""BB TLBRD BLK 5/8-";84251990;102098;1;PC; 3364.97 ;1;1;5317
404;"6""RB TLBRD BLK 5/8-";84251990;102114;1;PC; 4319.83 ;1;1;6825
404;"8""BB TLBRD BLK 5/8-";84251990;102169;1;PC; 3809.98 ;1;1;6020
404;"8""RB TLBRD BLK 5/8-";84251990;102187;1;PC; 4903.84 ;1;1;7748
404;"10""BB TLBRD BK 5/8-";84251990;102230;1;PC; 7866.55 ;1;1;12429
404;"10""RB TLBRD BK 5/8-";84251990;102258;1;PC; 9125.19 ;1;1;14418
404;"12""BB TLBRD BLK .63";84251990;102301;1;PC; 11273.57 ;1;1;17812
404;"12""RB TLBRD BLK .63";84251990;102329;1;PC; 12879.44 ;1;1;20350
406;8 IN BB  .75-.88WL ;84251990;108311;1;PC; 9103.49 ;1;1;14384
406;8 IN BB  .75-.88WL ;84251990;108312;1;PC; 10915.51 ;1;1;17247
406;10 IN BB  .75-.88WL;84251990;108406;1;PC; 9895.57 ;1;1;15635
406;10 IN RB  .75-.88WL;84251990;108407;1;PC; 15700.54 ;1;1;24807
407;" 8""BB TLBRD BLK 1""-";84251990;103523;1;PC; 7522.91 ;1;1;11886
407;" 8""RB TLBRD BLK 1""-";84251990;103541;1;PC; 13997.03 ;1;1;22115
407;"10""BB TLBRD BLK 1""-";84251990;103603;1;PC; 13139.85 ;1;1;20761
407;"10""RB TLBRD BLK 1""-";84251990;103621;1;PC; 15201.42 ;1;1;24018
407;"12""BB TLBRD BLK1.00";84251990;103685;1;PC; 18185.29 ;1;1;28733
407;"12""RB TLBRD BLK1.12";84251990;103701;1;PC; 21071.49 ;1;1;33293
407;"14""BB TLBRD BLK1.00";84251990;103765;1;PC; 25704.62 ;1;1;40613
407;"14""RB TLBRD BLK1.00";84251990;103783;1;PC; 21018.5 ;1;1;33209
407;"20""BB TLBRD BLK1.25";84251990;119669;1;PC; 53242.96 ;1;1;84124
407;"20""RB TLBRD BLK1.25";84251990;119678;1;PC; 62932.37 ;1;1;99433
407;"24""BB TLBRD BLK1.25";84251990;119687;1;PC; 60914.2 ;1;1;96244
407;"24""RB TLBRD BLK1.25";84251990;119696;1;PC; 86336.7 ;1;1;136412
408;4.5BB DBL SN BK3/8-;84251990;104023;1;PC; 6138.62 ;1;1;9699
408;6BB DBL SN BLK 5/8-;84251990;104103;1;PC; 10910.19 ;1;1;17238
408;8BB DBL SN BLK 5/8-;84251990;104185;1;PC; 12914.23 ;1;1;20404
408;8RB DBL SN BLK 5/8-;84251990;104201;1;PC; 17187.05 ;1;1;27156
408;10BB DBL SN BK 5/8-;84251990;104265;1;PC; 21733.37 ;1;1;34339
408;10RB DBL SN BK 5/8-;84251990;104283;1;PC; 18041.19 ;1;1;28505
408;12BB DBL SN BLK .75;84251990;104345;1;PC; 28428.07 ;1;1;44916
408;12RB DBL SN BLK .75;84251990;104363;1;PC; 30945.37 ;1;1;48894
408;14BB DBL SN BLK .75;84251990;104425;1;PC; 35101.07 ;1;1;55460
408;14RB DBL SN BLK .75;84251990;104443;1;PC; 40960.29 ;1;1;64717
409;4.5BB DBL SN BK3/8-;84251990;105022;1;PC; 6543.47 ;1;1;10339
409;6BB DBL SN BLK 5/8-;84251990;105102;1;PC; 12799.58 ;1;1;20223
409;6RB DBL SN BLK 5/8-;84251990;105120;1;PC; 14336.72 ;1;1;22652
409;8BB DBL SN BLK 5/8-;84251990;105184;1;PC; 14982.43 ;1;1;23672
409;8RB DBL SN BLK 5/8-;84251990;105200;1;PC; 20116.66 ;1;1;31784
409;10BB DBL SN BK 5/8-;84251990;105264;1;PC; 16465.28 ;1;1;26015
409;10RB DBL SN BK 5/8-;84251990;105282;1;PC; 23925.15 ;1;1;37802
409;12BB DBL SN BLK .63;84251990;105344;1;PC; 21106.22 ;1;1;33348
409;12RB DBL SN BLK .75;84251990;105362;1;PC; 32659.73 ;1;1;51602
409;14BB DBL SN BLK .75;84251990;105424;1;PC; 34243.89 ;1;1;54105
409;14RB DBL SN BLK .75;84251990;105442;1;PC; 38616.61 ;1;1;61014
416;6BB AL SNA BLK 3/4-;84251990;193427;1;PC; 11143.37 ;1;1;17607
416;6RB AL SNA BLK     ;84251990;193472;1;PC; 9021.79 ;1;1;14254
416;8BB AL SNA BLK 3/4-;84251990;193490;1;PC; 12955.39 ;1;1;20470
416;8RB AL SNA BLK 3/4-;84251990;193542;1;PC; 14745.71 ;1;1;23298
416;10BB AL SNA BK 3/4-;84251990;193613;1;PC; 14300.84 ;1;1;22595
416;10RB AL SNA BK 3/4-;84251990;193677;1;PC; 16243.06 ;1;1;25664
417;6BB AL SNA BLK 3/4-;84251990;168972;1;PC; 9464.7 ;1;1;14954
417;8BB AL SNA BLK 3/4-;84251990;168990;1;PC; 10703.71 ;1;1;16912
417;6RB AL SNA BLK 3/4-;84251990;193757;1;PC; 10393.17 ;1;1;16421
417;8RB AL SNA BLK 3/4-;84251990;193819;1;PC; 16427.52 ;1;1;25955
417;10BB AL SNA BK 3/4-;84251990;193882;1;PC; 16351.57 ;1;1;25835
417;10RB AL SNA BK 3/4-;84251990;193935;1;PC; 17914.03 ;1;1;28304
418;418 2T 3IN SNATCH BLK HOOK 3/8 BB;73269090;108038;1.05;PC; 2131.13 ;1;1;3536
418;"4.5""BB SNA BLK 3/8-";84251990;108065;1;PC; 3178.52 ;1;1;5022
418;6IN BB SNA BLK 5/8-;84251990;108127;1;PC; 5015.09 ;1;1;7924
418;6IN RB SNA BLK 5/8-;84251990;108154;1;PC; 6006.8 ;1;1;9491
418;8IN BB SNA BLK 5/8-;84251990;108225;1;PC; 5515.73 ;1;1;8715
418;8IN RB SNA BLK 5/8-;84251990;108252;1;PC; 8495.87 ;1;1;13423
418;"10"" BB SNA BLK 5/8-";84251990;108323;1;PC; 7313.94 ;1;1;11556
418;"10"" RB SNA BLK 5/8-";84251990;108350;1;PC; 8219.62 ;1;1;12987
418;12IN BB SNA BLK .63;84251990;108421;1;PC; 12836.03 ;1;1;20281
418;12IN RB SNA BLK .63;84251990;108458;1;PC; 14279.14 ;1;1;22561
418;14IN BB SNA BLK .63;84251990;108528;1;PC; 18304.64 ;1;1;28921
418;14IN RB SNA BLK .75;84251990;108546;1;PC; 20561.52 ;1;1;32487
418;16IN BB SNA BLK .88;84251990;108608;1;PC; 20254.78 ;1;1;32003
418;16IN RB SNA BLK .88;84251990;108626;1;PC; 31292.58 ;1;1;49442
418;18IN BB SNA BLK .88;84251990;108644;1;PC; 42804.86 ;1;1;67632
418;18IN RB SNA BLK1.00;84251990;108662;1;PC; 43347.38 ;1;1;68489
419;"3"" BB SNA BLK 5/16-";84251990;109037;1;PC; 1735.35 ;1;1;2742
419;"4.5""BB SNA BLK 3/8-";84251990;109064;1;PC; 2901.07 ;1;1;4584
419;"3""BB SNA BLK 5/16""-";84251990;109091;1;PC; 1810.8 ;1;1;2861
419;"6"" BB SNA BLK 5/8""-";84251990;109126;1;PC; 8750.16 ;1;1;13825
419;"6"" RB SNA BLK 5/8""-";84251990;109153;1;PC; 7889.06 ;1;1;12465
419;419 8T 8IN SNATCH BLK SHACKLE 3/4 BB;73269090;109224;1;PC; 10718.25 ;1;1;16935
419;419 8T 8IN SNATCH BLK SHACKLE 3/4 RB;73269090;109251;1.05;PC; 11112.09 ;1;1;18435
419;"10"" BB SNA BLK 5/8-";84251990;109322;1;PC; 8519.07 ;1;1;13460
419;"10"" RB SNA BLK 5/8-";84251990;109359;1;PC; 9733.4 ;1;1;15379
419;12IN BB SNA BLK .63;84251990;109420;1;PC; 11068.19 ;1;1;17488
419;12IN RB SNA BLK .63;84251990;109457;1;PC; 15526.94 ;1;1;24533
419;14IN BB SNA BLK .63;84251990;109527;1;PC; 19498.18 ;1;1;30807
419;14IN RB SNA BLK .63;84251990;109545;1;PC; 20398.77 ;1;1;32230
419;16IN BB SNA BLK .75;84251990;109607;1;PC; 22156.47 ;1;1;35007
419;16IN RB SNA BLK .75;84251990;109625;1;PC; 30891.11 ;1;1;48808
419;18IN BB SNA BLK .88;84251990;109643;1;PC; 27895.87 ;1;1;44075
419;18IN RB SNA BLK1.00;84251990;109661;1;PC; 28653.15 ;1;1;45272
420;8 IN BB .75-.88 WL ;84251990;108275;1;PC; 14387.64 ;1;1;22732
420;8 IN RB  .75-.88 WL;84251990;108276;1;PC; 17751.27 ;1;1;28047
420;10 IN BB  .75-.88WL;84251990;108371;1;PC; 15776.49 ;1;1;24927
420;10 IN RB  .75-.88WL;84251990;108372;1;PC; 18760.36 ;1;1;29641
421;8IN BB SN BLK .75- ;84251990;108308;1;PC; 16024.88 ;1;1;25319
421;BLK N-421       8  ;84251990;108309;1;PC; 20528.97 ;1;1;32436
421;10 IN BB  .75-.88WL;84251990;108390;1;PC; 13725.77 ;1;1;21687
421;10 IN RB  .75-.88WL;84251990;108391;1;PC; 16210.51 ;1;1;25613
430;20IN BB SNA BLK1.25;84251990;119507;1;PC; 113495.28 ;1;1;179323
430;20IN RB SNA BLK1.25;84251990;119516;1;PC; 126005.8 ;1;1;199089
430;24IN BB SNA BLK1.25;84251990;119525;1;PC; 121470.33 ;1;1;191923
430;24IN RB SNA BLK1.25;84251990;119534;1;PC; 137008.11 ;1;1;216473
430;"8IN BB SNA BLK 1""- ";84251990;120023;1;PC; 13287.09 ;1;1;20994
430;" 8IN RB SNA BLK 1""-";84251990;120041;1;PC; 15132.05 ;1;1;23909
430;"10IN BB SNA BLK 1""-";84251990;120096;1;PC; 18015.15 ;1;1;28464
430;"10IN RB SNA BLK 1""-";84251990;120112;1;PC; 26529.25 ;1;1;41916
430;12IN BB SNA BLK1.00;84251990;120176;1;PC; 20453.13 ;1;1;32316
430;12IN RB SNA BLK1.00;84251990;120194;1;PC; 29376.1 ;1;1;46414
430;14IN BB SNA BLK1.12;84251990;120256;1;PC; 35198.73 ;1;1;55614
430;14IN RB SNA BLK1.12;84251990;120274;1;PC; 38909.57 ;1;1;61477
431;18 IN BB 1-1.25WL  ;84251990;119495;1;PC; 96319.08 ;1;1;152184
431;18IN RB SNA BLK1.00;84251990;119496;1;PC; 115177.09 ;1;1;181980
431;20IN BB SNA BLK1.00;84251990;119589;1;PC; 88804.3 ;1;1;140311
431;20IN RB SNA BLK1.25;84251990;119598;1;PC; 135565.01 ;1;1;214193
431;24IN BB SNA BLK1.00;84251990;119605;1;PC; 94803.6 ;1;1;149790
431;24IN RB SNA BLK1.25;84251990;119614;1;PC; 147391.96 ;1;1;232879
431;" 8IN BB SNA BLK 1""-";84251990;121022;1;PC; 16893.21 ;1;1;26691
431;" 8IN RB SNA BLK 1""-";84251990;121040;1;PC;18.433;1;1;29124
431;"10IN BB SNA BLK 1""-";84251990;121095;1;PC; 18018.28 ;1;1;28469
431;"10IN RB SNA BLK 1""-";84251990;121111;1;PC; 28178.51 ;1;1;44522
431;12IN BB SNA BLK1.00;84251990;121175;1;PC; 23091.41 ;1;1;36484
431;12IN RB SNA BLK1.00;84251990;121193;1;PC; 35676.14 ;1;1;56368
431;14IN BB SNA BLK1.00;84251990;121255;1;PC; 29891.68 ;1;1;47229
431;14IN RB SNA BLK1.00;84251990;121273;1;PC; 31241.37 ;1;1;49361
434;10IN AL SNA BLK1.00;84251990;208910;1;PC; 54740.31 ;1;1;86490
434;12 IN BB 1.00-1.25L;84251990;208931;1;PC; 93552.23 ;1;1;147813
434;"14"" SNA BLK 1-1.25L";84251990;208932;1;PC; 90937.28 ;1;1;143681
435;8IN SN BLK 1-1.25WL;84251990;208954;1;PC; 56454.68 ;1;1;89198
435;10IN AL SNA BLK1.00;84251990;208965;1;PC; 41298.18 ;1;1;65251
        ;BLK N-430 18 IN BB ;84251990;119486;1;PC; 87899.16 ;1;1;138881
        ;BLK N-430 18 IN BB ;84251990;119486;1;PC; 87899.16 ;1;1;138881
        ;BLK N-407 18 IN BB ;84251990;119652;1;PC; 53481.67 ;1;1;84501
        ;BLK N-407 18 IN RB ;84251990;119653;1;PC; 63811.26 ;1;1;100822
        ;BLK N-401       8  ;84251990;178151;1;PC; 29643.32 ;1;1;46836
        ;BLK N-401  12 IN BB;84251990;179178;1;PC; 44313.07 ;1;1;70015
        ;BLK N-401 14 IN BB ;84251990;179187;1;PC; 36967.34 ;1;1;58408
        ;BLK N-434  8 IN BB ;84251990;208896;1;PC; 51311.58 ;1;1;81072
        ;BLK N-435 12 IN BB ;84251990;208976;1;PC; 92202.76 ;1;1;145680
        ;BLK N-435  14 IN BB;84251990;208977;1;PC; 97371.57 ;1;1;153847
G491;G491 15T 16IN DERRICK BLOCK 7/8;73269090;2021181;1.05;PC; 41217.31 ;1;1;68380
L160H   ;L-5-H 6T BB LEB BLK;84251990;599506;1;PC; 7174.72 ;1;1;11336
L160H   ;L-5-H 6T RB LEB BLK;84251990;599515;1;PC; 10839.56 ;1;1;17127
L160H   ;L-6-H 12T BB LB BLK;84251990;599560;1;PC; 12477.97 ;1;1;19715
L160H   ;L-6-H 12T RB LB BLK;84251990;599579;1;PC; 11145.21 ;1;1;17609
L160S   ;L-5-S 6T BB LEB BLK;84251990;599524;1;PC; 7458.99 ;1;1;11785
L160S   ;L-5-S 6T RB LEB BLK;84251990;599533;1;PC; 8289.17 ;1;1;13097
L160S   ;L-6-S 12T BB LB BLK;84251990;599588;1;PC; 9795.53 ;1;1;15477
L160S   ;L-6-S 12T RB LB BLK;84251990;599597;1;PC; 11080.09 ;1;1;17507
L160T   ;L-5-T 6T BB LEB BLK;84251990;599542;1;PC; 8181.21 ;1;1;12926
L160T   ;L-5-T 6T RB LEB BLK;84251990;599551;1;PC; 8951.59 ;1;1;14144
L160T   ;L-6-T 12T BB LB BLK;84251990;599604;1;PC; 7496.76 ;1;1;11845
L160T   ;L-6-T 12T RB LB BLK;84251990;599613;1;PC; 11045.72 ;1;1;17452
L170H   ;L-45-H 5T BB LB BLK;84251990;599800;1;PC; 8948.75 ;1;1;14139
L170H   ;L-45-H 5T RB LB BLK;84251990;599819;1;PC; 9994.04 ;1;1;15791
L170S   ;L-45-S 5T BB LB BLK;84251990;599828;1;PC; 6896.65 ;1;1;10897
L170S   ;L-45-S 5T RB LB BLK;84251990;599837;1;PC; 8107.45 ;1;1;12810
L170T;L170 5T 4IN SNATCH BLOCK TAILBD 1/2 BB;73269090;599846;1.05;PC; 3591.72 ;1;1;5959
L170T;L170 5T 4IN SNATCH BLOCK TAILBD 1/2 RB;73269090;599855;1.05;PC; 4918.37 ;1;1;8160
M491G   ;"8""GL DRK BLK.38-.50";84251990;2020170;1;PC; 13803.08 ;1;1;21809
M491G   ;"10""GLDRK BLK.38-.50";84251990;2020815;1;PC; 19247.76 ;1;1;30411
M491G   ;"10""GLDRK BLK.50-.56";84251990;2020833;1;PC; 19247.76 ;1;1;30411
M491G   ;"10""GLDRK BLK.50-.56";84251990;2021127;1;PC; 21641.43 ;1;1;34193
M491G   ;"14""GL DRK BLK  12TN";84251990;2021145;1;PC; 30700.28 ;1;1;48506
M491G   ;"14""GL DRK BLK  12TN";84251990;2021163;1;PC; 29656.55 ;1;1;46857
M491G   ;"16""GL DRK BLK  15TN";84251990;2021199;1;PC; 62860.31 ;1;1;99319
M491G   ;"18"" GL DRK BLK 25TN";84251990;2032315;1;PC; 97775.87 ;1;1;154486
M491G   ;"20""GL DRK BLK  30TN";84251990;2032324;1;PC; 152965.92 ;1;1;241686
M491S   ;"8""SC DRK BLK.38-.50";84251990;2020161;1;PC; 12949.6 ;1;1;20460
M491S   ;"10""SCDRK BLK.38-.50";84251990;2020806;1;PC; 17393.71 ;1;1;27482
M491S   ;"10""SCDRK BLK.50-.56";84251990;2020824;1;PC; 17393.71 ;1;1;27482
M491S   ;"10""SCDRK BLK.50-.56";84251990;2021118;1;PC; 18585.3 ;1;1;29365
M491S   ;"14""SC DRK BLK 12TN ";84251990;2021136;1;PC; 28366.2 ;1;1;44819
M491S   ;"14""SC DRK BLK 12TN ";84251990;2021154;1;PC; 28636.26 ;1;1;45245
M491S   ;"16""SC DRK BLK  15TN";84251990;2021172;1;PC; 48209.28 ;1;1;76171
M491S   ;"16""SC DRK BLK 15TN ";84251990;2021190;1;PC; 48209.28 ;1;1;76171
M491S   ;"18""SC DRK BLK  25TN";84251990;2032312;1;PC; 84054.57 ;1;1;132806
M491S   ;"20""SC DRK BLK  30TN";84251990;2032321;1;PC; 124633.34 ;1;1;196921
TU481   ;"TU-16"" 1.00-1.25 WL";84251990;2108327;1;PC; 95339.19 ;1;1;150636
TU481   ;"TU-16"" 1.25-1.50 WL";84251990;2108351;1;PC; 98131.1 ;1;1;155047
TU481   ;"TU-20"" 1.00-1.25 WL";84251990;2108387;1;PC; 80022.96 ;1;1;126436
TU481   ;"20""TILTUP BLK 1.50L";84251990;2108411;1;PC; 112800.85 ;1;1;178225
TU481   ;"TU-18"" 1.00-1.25 WL";84251990;2108453;1;PC; 132407.54 ;1;1;209204
TU481   ;"18""TILTUP BLK 1.50L";84251990;2108483;1;PC; 104535.19 ;1;1;165166
TU481   ;"TU-24"" 1.00-1.25 WL";84251990;2108528;1;PC; 137420.43 ;1;1;217124
TU481   ;"24""TILTUP BLK 1.50L";84251990;2108558;1;PC; 106881.75 ;1;1;168873
TU481   ;"24""TILTUP BLK 1.75L";84251990;2108588;1;PC; 108494.67 ;1;1;171422
TU481   ;"24""TILTUP BLK 2.00L";84251990;2108618;1;PC; 139492.86 ;1;1;220399
TU481   ;"24""TILTUP BLK 2.25L";84251990;2108633;1;PC; 136747.7 ;1;1;216061
TU483   ;"20""TILTUP BLK 1.25L";84251990;2108393;1;PC; 65623.27 ;1;1;103685
TU484   ;"18""TILTUP BLK 1.25L";84251990;2108462;1;PC; 117412.28 ;1;1;185511
TU484   ;"18""TILTUP BLK 1.50L";84251990;2108492;1;PC; 117412.28 ;1;1;185511
TU484   ;"24""TILTUP BLK 1.25L";84251990;2108537;1;PC; 130020.45 ;1;1;205432
TU484   ;"24""TILTUP BLK 1.50L";84251990;2108567;1;PC; 130020.45 ;1;1;205432
TU484   ;"24""TILTUP BLK 1.75L";84251990;2108597;1;PC; 130020.45 ;1;1;205432
TU484   ;"24""TILTUP BLK 2.00L";84251990;2108627;1;PC; 130020.45 ;1;1;205432
TU484   ;"24""TILTUP BLK 2.25L";84251990;2108642;1;PC; 130020.45 ;1;1;205432
TU484   ;"16""TILTUP BLK 1.25L";84251990;2108651;1;PC; 76758.36 ;1;1;121278
TU484   ;"16""TILTUP BLK 1.50L";84251990;2108657;1;PC; 76503.78 ;1;1;120876
G4080;SOC PIN G-4080 .31-.38 W/CTTR G-416;73269090;1085723;1.05;PC; 285.64 ;1;1;474
G4080   ;7/16-1/2 PIN&COTTER;73182900;1085724;1.065;PC; 310.43 ;1;1;522
G4080   ;9/16-5/8 PIN&COTTER;73182900;1085725;1.065;PC; 334.75 ;1;1;563
G4080   ;3/4 RND  PIN&COTTER;73182900;1085726;1.065;PC; 310.7 ;1;1;523
G4080   ;7/8 RND  PIN&COTTER;73182900;1085727;1.065;PC; 422.76 ;1;1;711
G4080   ;1 RND GL PIN&COTTER;73182900;1085728;1.065;PC; 654.1 ;1;1;1101
G4080   ;1-1/8 RD PIN&COTTER;73182900;1085729;1.065;PC; 1212.98 ;1;1;2041
G4080   ;1-1/4 1-3/8 PIN&CTR;73182900;1085730;1.065;PC; 765.3 ;1;1;1288
G4080   ;1-1/2 RD PIN&COTTER;73182900;1085731;1.065;PC; 1431.33 ;1;1;2408
G4080   ;1/4 RND PN ASSY 416;73182900;1085732;1.065;PC; 161.31 ;1;1;271
G4080   ;1-5/8 RND PIN&CTR  ;73182900;1085756;1.065;PC; 2933.84 ;1;1;4937
G4080   ;1-3/4 1-7/8 PIN&CTR;73182900;1085774;1.065;PC; 4011.19 ;1;1;6750
G4080   ;2 2-1/8 RND PIN&CTR;73182900;1085792;1.065;PC; 3783.27 ;1;1;6366
G4080   ;2-1/4 2-3/8 PIN&CTR;73182900;1085818;1.065;PC; 6175.5 ;1;1;10392
G4080   ;2-3/4 2-7/8 PIN&CTR;73182900;1085854;1.065;PC; 9272.87 ;1;1;15603
G4080   ;3 3-1/8 RND PIN&CTR;73182900;1085872;1.065;PC; 11552.61 ;1;1;19440
G4080   ;3-1/4 3-3/8 PIN&CTR;73182900;1085890;1.065;PC; 14178.64 ;1;1;23858
G4080   ;3-1/2 3-5/8 PIN&CTR;73182900;1085916;1.065;PC; 20998.62 ;1;1;35334
G4080   ;3-3/4 4 RND PIN&CTR;73182900;1085934;1.065;PC; 28107.18 ;1;1;47296
G416;G416 OPEN SPL SOCKET 7/8(20-22MM);73269090;1039717;1.05;PC; 2048.04 ;1;1;3398
G416    ;5/16-3/8 OP SPL SKT;73269090;1039637;1.05;PC; 619.68 ;1;1;1028
G416    ;7/16-1/2 OP SPL SKT;73269090;1039655;1.05;PC; 650.8 ;1;1;1080
G416    ;9/16-5/8 OP SPL SKT;73269090;1039673;1.05;PC; 845.89 ;1;1;1403
G416    ;3/4 OP SPL SKT GL  ;73269090;1039691;1.05;PC; 1116.88 ;1;1;1853
G416    ;1 OPEN SPL SKT GL  ;73269090;1039735;1.05;PC; 2819.35 ;1;1;4677
G416    ;1-1/8 OP SPL SKT GL;73269090;1039753;1.05;PC; 3107.84 ;1;1;5156
G416    ;1-1/4 1-3/8 SOCKET ;73269090;1039771;1.05;PC; 4056.49 ;1;1;6730
G416    ;1-1/2 OP SPL SOCKET;73269090;1039799;1.05;PC; 7624.34 ;1;1;12649
G416    ;1-5/8 OP SPL SOCKET;73269090;1039815;1.05;PC; 10007.65 ;1;1;16603
G416    ;1-3/4 1-7/8 SOCKET ;73269090;1039833;1.05;PC; 13423.44 ;1;1;22269
G416    ;2 2-1/8 OPN SPL SKT;73269090;1039851;1.05;PC; 16661.07 ;1;1;27641
G416    ;2-1/4 2-3/8 SOCKET ;73269090;1039879;1.05;PC; 21010.35 ;1;1;34856
G416    ;2-1/2 OP SPL SOCKET;73269090;1041633;1.05;PC; 28381.61 ;1;1;47085
G416    ;2-3/4 OP SPL SOCKET;73269090;1041651;1.05;PC; 41021.38 ;1;1;68054
G416    ;3IN OPN SPL SOCKET ;73269090;1041679;1.05;PC; 69027.07 ;1;1;114516
G416    ;3-1/4 3-3/8 SPL SKT;73269090;1041697;1.05;PC; 59809.13 ;1;1;99223
G416    ;3-1/2 3-5/8 SPL SKT;73269090;1041713;1.05;PC; 79560.05 ;1;1;131990
G416    ;3-3/4 4 OP SPL SKT ;73269090;1041731;1.05;PC; 116747.71 ;1;1;193684
G417;G417 CLSD SPL SOCKET 7/8(20-22MM);73269090;1039995;1.05;PC; 1937.49 ;1;1;3214
G417    ;5/16-3/8 CL SPL SKT;73269090;1039913;1.05;PC; 482.88 ;1;1;801
G417    ;7/16-1/2 SPL SKT GL;73269090;1039931;1.05;PC; 551.65 ;1;1;915
G417    ;9/16-5/8 SPL SKT GL;73269090;1039959;1.05;PC; 675.75 ;1;1;1121
G417    ;3/4 CLSD SPL SOCKET;73269090;1039977;1.05;PC; 839.58 ;1;1;1393
G417    ;1 CL SPL SKT GL    ;73269090;1040019;1.05;PC; 1813.14 ;1;1;3008
G417    ;1-1/8 CL SPL SOCKET;73269090;1040037;1.05;PC; 2454.42 ;1;1;4072
G417    ;1-1/4-1-3/8 SOCKET ;73269090;1040055;1.05;PC; 2904.25 ;1;1;4818
G417    ;1-1/2 CL SPL SOCKET;73269090;1040073;1.05;PC; 5836.23 ;1;1;9682
G417    ;1-5/8 CL SPL SOCKET;73269090;1040091;1.05;PC; 6707.73 ;1;1;11128
G417    ;1-3/4-1-7/8 SOCKET ;73269090;1040117;1.05;PC; 7706.96 ;1;1;12786
G417    ;2-2-1/8 CLD SPL SKT;73269090;1040135;1.05;PC; 10207.98 ;1;1;16935
G417    ;2-1/4-2-3/8 SOCKET ;73269090;1040153;1.05;PC; 12613.92 ;1;1;20926
G417    ;2-1/2 CL SPL SOCKET;73269090;1041759;1.05;PC; 18281.74 ;1;1;30329
G417    ;2-3/4 CL SPL SOCKET;73269090;1041777;1.05;PC; 23861.63 ;1;1;39586
G417    ;3IN   CL SPL SOCKET;73269090;1041795;1.05;PC; 30013.87 ;1;1;49793
G417    ;3-1/4 3-3/8 SPL SKT;73269090;1041811;1.05;PC; 44353.71 ;1;1;73583
G417    ;3-1/2 3-5/8 SPL SKT;73269090;1041839;1.05;PC; 55868.06 ;1;1;92685
G417    ;3-3/4 4 SPELTER SKT;73269090;1041857;1.05;PC; 120441.46 ;1;1;199812
G517    ;1.25-1.37 M-LINE   ;73269090;1004943;1.05;PC; 3321.16 ;1;1;5510
G517    ;1.50-1.62 M-LINE   ;73269090;1004961;1.05;PC; 4605.73 ;1;1;7641
G517    ;1.75-1.88 M-LINE   ;73269090;1004989;1.05;PC; 10946.6 ;1;1;18160
G517    ;2.00-2.12 M-LINE   ;73269090;1005002;1.05;PC; 10545.19 ;1;1;17494
G517    ;2.25-2.38 M-LINE   ;73269090;1005020;1.05;PC; 16650.76 ;1;1;27624
G517    ;2.50-2.62 MLINE STL;73269090;1005048;1.05;PC; 18882.4 ;1;1;31326
G517    ;2.75-2.88 M-LINE   ;73269090;1005066;1.05;PC; 23788.17 ;1;1;39465
G517    ;3.00-3.12 M-LINE   ;73269090;1005084;1.05;PC; 22481.32 ;1;1;37297
G517    ;3.25-3.38 M-LINE   ;73269090;1005105;1.05;PC; 36995.28 ;1;1;61375
G517    ;3.50-3.62 M-LINE   ;73269090;1005123;1.05;PC; 36496.33 ;1;1;60547
G517    ;3.75-4.00 M-LINE   ;73269090;1005141;1.05;PC; 53270.89 ;1;1;88376
M501    ;1.12 MOD SKT F 1.25;73269090;1040929;1.05;PC; 3543.69 ;1;1;5879
M501    ;1.25 MOD SKT F 1.38;73269090;1040947;1.05;PC; 4253.3 ;1;1;7056
M501    ;1.50 MOD SKT F 1.75;73269090;1040965;1.05;PC; 9666.35 ;1;1;16036
M501    ;1.38 MOD SKT F 1.50;73269090;1042883;1.05;PC; 6492.48 ;1;1;10771
M502    ;1.12 MOD SKT F 1.25;73269090;1041580;1.05;PC; 2335.23 ;1;1;3874
M502    ;1.25 MOD SKT F 1.38;73269090;1041606;1.05;PC; 3026.55 ;1;1;5021
M502    ;1.50 MOD SKT F 1.75;73269090;1041624;1.05;PC; 6839.22 ;1;1;11346
M502    ;1.38 MOD SKT F 1.50;73269090;1042865;1.05;PC; 4983.08 ;1;1;8267
S4080   ;1/4 RD PIN ASSY 501;73182900;1083124;1.065;PC; 74.07 ;1;1;125
S4080   ;1/4 RD PIN ASSY 416;73182900;1083134;1.065;PC; 103.93 ;1;1;175
S4080   ;5/16-3/8 RD PIN&CTR;73182900;1083142;1.065;PC; 65.22 ;1;1;110
S4080   ;7/16-1/2 RD PIN&CTR;73182900;1083160;1.065;PC; 60.6 ;1;1;102
S4080   ;.56-.62PIN ASSY 416;73182900;1083188;1.065;PC; 231.05 ;1;1;389
S4080   ;3/4 RD PIN ASSY 416;73182900;1083204;1.065;PC; 255.87 ;1;1;431
S4080   ;7/8 RD PIN & COTTER;73182900;1083222;1.065;PC; 329.94 ;1;1;555
S4080   ;1 RD PIN & COTTER  ;73182900;1083240;1.065;PC; 512.7 ;1;1;863
S4080   ;1-1/8 RD PIN&COTTER;73182900;1083268;1.065;PC; 656.03 ;1;1;1104
S4080   ;1-3/8 RD PIN&COTTER;73182900;1083286;1.065;PC; 581.67 ;1;1;979
S4080   ;1-1/2 RD PIN&COTTER;73182900;1083302;1.065;PC; 1106.2 ;1;1;1861
S4080   ;1-5/8 RND PIN&CTR  ;73182900;1085765;1.065;PC; 2981.94 ;1;1;5018
S4080   ;1-3/4 1-7/8 PN&CTTR;73182900;1085783;1.065;PC; 3905.38 ;1;1;6572
S4080   ;2 2-1/8 RND PIN&CTR;73182900;1085809;1.065;PC; 4184.33 ;1;1;7041
S4080   ;2.25-2.38PN ASY 416;73182900;1085827;1.065;PC; 5425.2 ;1;1;9129
S4080   ;2-1/2 RND PIN&CTR  ;73182900;1085845;1.065;PC; 7724.18 ;1;1;12997
S4080   ;2-3/4 2-7/8 PIN&CTR;73182900;1085863;1.065;PC; 8051.23 ;1;1;13548
S4080   ;3 3-1/8 RND PIN&CTR;73182900;1085881;1.065;PC; 9234.39 ;1;1;15539
S4080   ;3-1/4 3-3/8 PIN&CTR;73182900;1085907;1.065;PC; 11042.79 ;1;1;18582
S4080   ;3-1/2 3-5/8 PIN&CTR;73182900;1085925;1.065;PC; 18507.26 ;1;1;31142
S4080   ;3-3/4 4 RND PIN&CTR;73182900;1085943;1.065;PC; 23836.27 ;1;1;40109
S416;S416 OPEN SPL SOCKET 1-1/8(28-30MM);73269090;1039762;1.05;PC; 4574.54 ;1;1;7589
S416    ;5/16-3/8 OP SPL SKT;73269090;1039646;1.05;PC; 612.13 ;1;1;1016
S416    ;7/16 1/2 OP SPL SKT;73269090;1039664;1.05;PC; 632.4 ;1;1;1049
S416    ;9/16-5/8 OP SPL SKT;73269090;1039682;1.05;PC; 843.77 ;1;1;1400
S416    ;3/4 OPEN SPL SOCKET;73269090;1039708;1.05;PC; 1214.92 ;1;1;2016
S416    ;7/8 OPEN SPL SOCKET;73269090;1039726;1.05;PC; 1653.95 ;1;1;2744
S416    ;1 OPEN SPLTR SOCKET;73269090;1039744;1.05;PC; 2695.58 ;1;1;4472
S416    ;1-1/4 1-3/8 SPL SKT;73269090;1039780;1.05;PC; 3756.07 ;1;1;6231
S416    ;1-1/2 OP SPL SOCKET;73269090;1039806;1.05;PC; 8993.91 ;1;1;14921
S416    ;1-5/8 OP SPL SOCKET;73269090;1039824;1.05;PC; 11175.75 ;1;1;18541
S416    ;1-3/4 1-7/8 SPL SKT;73269090;1039842;1.05;PC; 12711.81 ;1;1;21089
S416    ;2 2-1/8 OPN SPL SKT;73269090;1039860;1.05;PC; 15423.57 ;1;1;25588
S416    ;2-1/4 2-3/8 SPL SKT;73269090;1039888;1.05;PC; 23865.13 ;1;1;39592
S416    ;2-1/2  2-5/8SPL SKT;73269090;1041642;1.05;PC; 32108.75 ;1;1;53268
S416    ;2-3/4 2-7/8 SPL SKT;73269090;1041660;1.05;PC; 38223.16 ;1;1;63412
S416    ;3 OP SPL SOCKET    ;73269090;1041688;1.05;PC; 63669.2 ;1;1;105627
S416    ;3-1/4 3-3/8 SPL SKT;73269090;1041704;1.05;PC; 54940.3 ;1;1;91146
S416    ;3-1/2 3-5/8 SPL SKT;73269090;1041722;1.05;PC; 77299.54 ;1;1;128240
S416    ;3-3/4 4 SPL SOCKET ;73269090;1041740;1.05;PC; 107542.17 ;1;1;178412
S417;S417 CLSD SPL SOCKET 7/8(20-22MM);73269090;1040000;1.05;PC; 3707.83 ;1;1;6151
S417;S417 CLSD SPL SOCKET 1(24-26MM);73269090;1040028;1.05;PC; 2034.12 ;1;1;3375
S417    ;5/16-3/8 CL SPL SKT;73269090;1039922;1.05;PC; 639.94 ;1;1;1062
S417    ;7/16-1/2 CL SPL SKT;73269090;1039940;1.05;PC; 594.97 ;1;1;987
S417    ;9/16-5/8 CL SPL SKT;73269090;1039968;1.05;PC; 806.09 ;1;1;1337
S417    ;3/4 CLSD SPL SOCKET;73269090;1039986;1.05;PC; 909.01 ;1;1;1508
S417    ;1-1/8 CL SPL SOCKET;73269090;1040046;1.05;PC; 2318.51 ;1;1;3846
S417    ;1-1/4-1-3/8 SOCKET ;73269090;1040064;1.05;PC; 2951.43 ;1;1;4896
S417    ;1-1/2 CL SPL SOCKET;73269090;1040082;1.05;PC; 5516.39 ;1;1;9152
S417    ;1-5/8 CL SPL SOCKET;73269090;1040108;1.05;PC; 7627.99 ;1;1;12655
S417    ;1-3/4-1-7/8 SOCKET ;73269090;1040126;1.05;PC; 8695.72 ;1;1;14426
S417    ;2-2-1/8 CLD SPL SKT;73269090;1040144;1.05;PC; 9374.5 ;1;1;15552
S417    ;2-1/4-2-3/8 SOCKET ;73269090;1040162;1.05;PC; 13014.72 ;1;1;21591
S417    ;2-1/2 SPL SOCKET   ;73269090;1041768;1.05;PC; 18567.67 ;1;1;30804
S417    ;2-3/4 SPL SOCKET   ;73269090;1041786;1.05;PC; 21240.75 ;1;1;35238
S417    ;3 IN. SPL SOCKET   ;73269090;1041802;1.05;PC; 30819.78 ;1;1;51130
S417    ;3-1/4 3-3/8 SPL SKT;73269090;1041820;1.05;PC; 44411.65 ;1;1;73679
S421T;S421T WEDGE SOCKET 3/8(9-10MM);73269090;1035000;1.05;PC; 1062.94 ;1;1;1763
S421T;WDG-SOC S421T .38 TERM 2C;73269090;1035005;1.05;PC; 1574.23 ;1;1;2612
S421T;WDG-SOC S421T .50 TERM 2C;73269090;1035014;1.05;PC; 1829.21 ;1;1;3035
S421T   ;1/2 CMPLT WEDGE SKT;73269090;1035009;1.05;PC; 1218.21 ;1;1;2021
S421T   ;5/8 CMPLT WEDGE SKT;73269090;1035018;1.05;PC; 1864.11 ;1;1;3093
S421T   ;5/8 WDGE SKT API 2C;73269090;1035023;1.05;PC; 2206.62 ;1;1;3661
S421T   ;3/4 CMPLT WEDGE SKT;73269090;1035027;1.05;PC; 2221.5 ;1;1;3685
S421T   ;3/4 WDGE SKT API 2C;73269090;1035032;1.05;PC; 2875.44 ;1;1;4770
S421T   ;7/8 CMPLT WEDGE SKT;73269090;1035036;1.05;PC; 2987.58 ;1;1;4956
S421T   ;7/8 WDGE SKT API 2C;73269090;1035041;1.05;PC; 3515.3 ;1;1;5832
S421T   ;1 CMPLT WEDGE SKT  ;73269090;1035045;1.05;PC; 3952.77 ;1;1;6558
S421T   ;1 WEDGE SKT API  2C;73269090;1035050;1.05;PC; 5138.16 ;1;1;8524
S421T   ;1-1/8 CMP WEDGE SKT;73269090;1035054;1.05;PC; 5923.77 ;1;1;9828
S421T   ;1-1/8 WEDGE SKT API;73269090;1035059;1.05;PC; 6690.05 ;1;1;11099
S421T   ;1-1/4 CMP WEDGE SKT;73269090;1035063;1.05;PC; 7943.21 ;1;1;13178
S421T   ;1-1/4 WEDGE SKT API;73269090;1035068;1.05;PC; 10600.31 ;1;1;17586
S421TB;S421TB WEDGE SOCKET 3/8(9-10MM);73269090;1035203;1.05;PC; 2414.17 ;1;1;4005
S421TB;S421TB WEDGE SOCKET 1/2(11-13MM);73269090;1035212;1.05;PC; 2805.68 ;1;1;4655
S421TB;S421TB WEDGE SOCKET 5/8(14-16MM);73269090;1035221;1.05;PC; 3197.64 ;1;1;5305
S421TB;S421TB WEDGE SOCKET 3/4(18-19MM);73269090;1035230;1.05;PC; 3789.44 ;1;1;6287
S421TB;S421TB WEDGE SOCKET 7/8(20-22MM);73269090;1035249;1.05;PC; 4696.21 ;1;1;7791
S421TB;S421TB WEDGE SOCKET 1(24-26MM);73269090;1035258;1.05;PC; 5210.15 ;1;1;8644
S421TB;S421TB WEDGE SOCKET 1-1/8(28MM);73269090;1035267;1.05;PC; 6810.62 ;1;1;11299
S421TB;S421TB WEDGE SOCKET 1-1/4(30-32MM);73269090;1035276;1.05;PC; 10393.38 ;1;1;17243
S421TW  ;3/8 WEDGE ONLY     ;73269090;1035555;1.05;PC; 149.19 ;1;1;248
S421TW  ;1/2 WEDGE ONLY     ;73269090;1035564;1.05;PC; 188.63 ;1;1;313
S421TW  ;5/8 WEDGE ONLY     ;73269090;1035573;1.05;PC; 432.48 ;1;1;717
S421TW  ;3/4 WEDGE ONLY     ;73269090;1035582;1.05;PC; 303.48 ;1;1;503
S421TW  ;7/8 WEDGE ONLY     ;73269090;1035591;1.05;PC; 439.11 ;1;1;728
S421TW  ;1 WEDGE ONLY       ;73269090;1035600;1.05;PC; 441.03 ;1;1;732
S421TW  ;1-1/8 WEDGE ONLY   ;73269090;1035609;1.05;PC; 733.94 ;1;1;1218
S421TW  ;1-1/4 WEDGE ONLY   ;73269090;1035618;1.05;PC; 1190.85 ;1;1;1976
S423T;S423T WEDGE SOCKET 5/8(14-16MM);73269090;1035123;1.05;PC; 9749.75 ;1;1;16175
S423T;S423T WEDGE SOCKET 3/4(18-19MM);73269090;1035132;1.05;PC; 8138.47 ;1;1;13502
S423T;S423T WEDGE SOCKET 7/8(20-22MM);73269090;1035141;1.05;PC; 8999.58 ;1;1;14930
S423T;WDG-SKT S423T .88 TERM 2C 20-22MM;73269090;1035146;1.05;PC; 9741.37 ;1;1;16161
S423T   ;3/4 19MM API WG SKT;73269090;1035137;1.05;PC; 8877.6 ;1;1;14728
S423T   ;"1.0"" 26MM WEDGE SKT";73269090;1035150;1.05;PC; 8534.59 ;1;1;14159
S423T   ;1.0 26MM API WG SKT;73269090;1035155;1.05;PC; 10079.18 ;1;1;16721
S423T   ;"1.12"" 28MM WDGE SKT";73269090;1035169;1.05;PC; 11231.05 ;1;1;18632
S423T   ;1.12 28MM API WG SK;73269090;1035174;1.05;PC; 13124.61 ;1;1;21774
S423T   ;"1.25"" 32MM WDGE SKT";73269090;1035178;1.05;PC; 13435.25 ;1;1;22289
S423T   ;1.25 32MM API WG SK;73269090;1035183;1.05;PC; 15600.56 ;1;1;25881
S423TB;S423TB WEDGE SOCKET 5/8(14-16MM);73269090;1035218;1.05;PC; 9668.58 ;1;1;16040
S423TB;WDG-SKT S423T .62 TERM 2C 14-16MM;73269090;1035223;1.05;PC; 9462.79 ;1;1;15699
S423TB;S423TB WEDGE SOCKET 3/4(18-19MM);73269090;1035227;1.05;PC; 11757.18 ;1;1;19505
S423TB;S423TB WEDGE SOCKET 1-1/4(30-32MM);73269090;1035272;1.05;PC;20.845;1;1;34582
S423TB  ;"7/8""WDGE SKT W/BOLT";73269090;1035236;1.05;PC; 10675.73 ;1;1;17711
S423TB  ;7/8 22MM API WG SKT;73269090;1035241;1.05;PC; 10884.95 ;1;1;18058
S423TB  ;"1"" WDGE SKT W/BOLT ";73269090;1035245;1.05;PC; 11175.75 ;1;1;18541
S423TB  ;1.0 26MM API WG SKT;73269090;1035250;1.05;PC; 11661.5 ;1;1;19346
S423TB  ;"1-1/8"" WDGE SKTW/BL";73269090;1035254;1.05;PC; 14204.89 ;1;1;23566
S423TB  ;1-1/8 28MM API WG S;73269090;1035259;1.05;PC; 14815.31 ;1;1;24579
S423TB  ;1-1/4 32MM API WG S;73269090;1035277;1.05;PC; 17668.23 ;1;1;29312
S423TW;S423TW WEDGE KIT 5/8(14-16MM);73269090;1034018;1.05;PC; 8348.01 ;1;1;13849
S423TW;S423TW WEDGE KIT 7/8(20-22MM);73269090;1034036;1.05;PC; 6918.26 ;1;1;11477
S423TW;S423TW WEDGE KIT 1-1/8(28MM);73269090;1034054;1.05;PC; 7016.64 ;1;1;11641
S423TW  ;"3/4"" WEDGE KIT     ";73269090;1034027;1.05;PC; 6644.06 ;1;1;11022
S423TW  ;"1"" WEDGE KIT       ";73269090;1034045;1.05;PC; 5934.21 ;1;1;9845
S423TW  ;"1-1/4"" WEDGE KIT   ";73269090;1034063;1.05;PC; 8493.09 ;1;1;14090
S501;1 OPEN SWA SOCKET  ;73269090;1039209;1.05;PC; 2433.5 ;1;1;4037
S501;1-1/4 OP SWA SOCKET;73269090;1039245;1.05;PC; 4797.16 ;1;1;7958
S501;1-1/2 OP SWA SOCKET;73269090;1039281;1.05;PC; 9500.7 ;1;1;15762
S501;1-3/4 OP SWA SOCKET;73269090;1039307;1.05;PC; 16244.86 ;1;1;26950
S501    ;1/4 OPEN SWA SOCKET;73269090;1039021;1.05;PC; 539.54 ;1;1;895
S501    ;5/16 OPN SWA SOCKET;73269090;1039049;1.05;PC; 546.95 ;1;1;907
S501    ;3/8 OPEN SWA SOCKET;73269090;1039067;1.05;PC; 542.81 ;1;1;901
S501    ;7/16 OPN SWA SOCKET;73269090;1039085;1.05;PC; 638.81 ;1;1;1060
S501    ;1/2 OPEN SWA SOCKET;73269090;1039101;1.05;PC; 634.09 ;1;1;1052
S501    ;9/16 OPN SWA SOCKET;73269090;1039129;1.05;PC; 933.14 ;1;1;1548
S501    ;5/8 OPEN SWA SOCKET;73269090;1039147;1.05;PC; 926.32 ;1;1;1537
S501    ;3/4 OPEN SWA SOCKET;73269090;1039165;1.05;PC; 1217.08 ;1;1;2019
S501    ;7/8 OPEN SWA SOCKET;73269090;1039183;1.05;PC; 1316.48 ;1;1;2184
S501    ;1-1/8 OP SWA SOCKET;73269090;1039227;1.05;PC; 2589.77 ;1;1;4296
S501    ;1-3/8 OP SWA SOCKET;73269090;1039263;1.05;PC; 6560.61 ;1;1;10884
S501    ;2 OP SWA SOCKET    ;73269090;1042767;1.05;PC; 19105.26 ;1;1;31696
S502;S502 CLOSED SWAGE SOCKET 1/4(6MM);73269090;1039325;1.05;PC; 447.17 ;1;1;742
S502;S502 CLOSED SWAGE SOCKET 1-1/4(32MM);73269090;1039548;1.05;PC; 2789.76 ;1;1;4628
S502;S502 CLOSED SWAGE SOCKET 1-3/8(34-36MM);73269090;1039566;1.05;PC; 4166.44 ;1;1;6912
S502;S502 CLOSED SWAGE SOCKET 1-1/2(38-40MM);73269090;1039584;1.05;PC; 4559.99 ;1;1;7565
S502;S502 CLOSED SWAGE SOCKET 1-3/4(44MM);73269090;1039600;1.05;PC; 19039.65 ;1;1;31587
S502;S502 CLOSED SWAGE SOCKET 2(48-52MM);73269090;1042589;1.05;PC; 26059.42 ;1;1;43233
S502    ;5/16 CLD SWA SOCKET;73269090;1039343;1.05;PC; 419.68 ;1;1;696
S502    ;3/8 CLSD SWA SOCKET;73269090;1039361;1.05;PC; 437.17 ;1;1;725
S502    ;7/16 CLD SWA SOCKET;73269090;1039389;1.05;PC; 513.77 ;1;1;852
S502    ;1/2 CLSD SWA SOCKET;73269090;1039405;1.05;PC; 466.26 ;1;1;774
S502    ;9/16 CLD SWA SOCKET;73269090;1039423;1.05;PC; 609.65 ;1;1;1011
S502    ;5/8 CLSD SWA SOCKET;73269090;1039441;1.05;PC; 605.41 ;1;1;1004
S502    ;3/4 CLSD SWA SOCKET;73269090;1039469;1.05;PC; 804.24 ;1;1;1334
S502    ;7/8 CLSD SWA SOCKET;73269090;1039487;1.05;PC; 872.56 ;1;1;1448
S502    ;1 CLOSED SWA SOCKET;73269090;1039502;1.05;PC; 1314.2 ;1;1;2180
S502    ;1-1/8 CL SWA SOCKET;73269090;1039520;1.05;PC; 1635.06 ;1;1;2713
SB427;SB427 BUTTON SOCKET 1/2 - 5/8(13-16MM);73269090;1052005;1.05;PC; 5735.99 ;1;1;9516
SB427;SB427 BUTTON SOCKET 7/8 - 1(22-26MM);73269090;1052032;1.05;PC; 6372.34 ;1;1;10572
SB427;SB427 BTTN SOCKET 1-3/8 - 1-1/2(35-38MM);73269090;1052050;1.05;PC; 13092.75 ;1;1;21721
SB427   ;"3/4"" BTTN SKT ASSY ";73269090;1052014;1.05;PC; 5518.81 ;1;1;9156
SB427   ;"7/8"" BTTN SKT ASSY ";73269090;1052023;1.05;PC; 5824.15 ;1;1;9662
SB427   ;"1.25"" BTTN SKT ASSY";73269090;1052041;1.05;PC; 10740.4 ;1;1;17818
SB427B;BUTTN SPELTER 1.38-1.50 CMPLT W/CAP 2C;73269090;1052354;1.05;PC; 6493.5 ;1;1;10773
SB427B  ;"5/8"" BUTTON W/EYE  ";73269090;1052309;1.05;PC; 2284.43 ;1;1;3790
SB427B  ;"3/4"" BUTTON W/EYE  ";73269090;1052318;1.05;PC; 2397.52 ;1;1;3977
SB427B  ;"7/8"" BUTTON W/EYE  ";73269090;1052327;1.05;PC; 2454.06 ;1;1;4071
SB427B  ;1IN BUTTON W/EYE   ;73269090;1052336;1.05;PC; 2590.24 ;1;1;4297
SB427B  ;1.25IN BUTTON W/EYE;73269090;1052345;1.05;PC; 2946.43 ;1;1;4888
SB427TB ;"5/8"" BTTN SKT ASSY ";73269090;1052406;1.05;PC; 5767.61 ;1;1;9568
SB427TB ;"3/4"" BTTN SHT ASSY ";73269090;1052415;1.05;PC; 6106.88 ;1;1;10131
SB427TB ;"7/8"" BTTN SKT ASSY ";73269090;1052424;1.05;PC; 6962.13 ;1;1;11550
SB427TB ;"1"" BTTN SKT ASSY   ";73269090;1052433;1.05;PC; 7309.21 ;1;1;12126
SB427TB ;"1.25"" BTTN SKT ASSY";73269090;1052442;1.05;PC; 9060.42 ;1;1;15031
SB427TB ;"1.50"" BTTN SKT ASSY";73269090;1052451;1.05;PC; 13656.96 ;1;1;22657
US422   ;US7 7/8 WDG&SKT    ;73269090;1038580;1.05;PC; 3720.84 ;1;1;6173
US422   ;"US7 1""  WDG&SKT    ";73269090;1038589;1.05;PC; 4517.86 ;1;1;7495
US422T;US422T WEDGE SOCKET 3/8(10MM) US4T;73269090;1044300;1.05;PC; 2335.31 ;1;1;3874
US422T;US422T WEDGE SOCKET 7/16(11MM) US4T;73269090;1044309;1.05;PC; 2374.74 ;1;1;3940
US422T;US422T WEDGE SOCKET 1/2(13MM) US4T;73269090;1044318;1.05;PC; 2167.9 ;1;1;3597
US422T;US422T WEDGE SOCKET 5/8(16MM) US8AT;73269090;1044372;1.05;PC; 5324.51 ;1;1;8833
US422T;US422T WEDGE SOCKET 1-1/8(28MM) US10T;73269090;1044426;1.05;PC; 10780.96 ;1;1;17886
US422T;US422T WEDGE SOCKET 1-1/4(32MM) US10T;73269090;1044435;1.05;PC; 10887.11 ;1;1;18062
US422T  ;US5T 1/2 WDG&SKT   ;73269090;1044327;1.05;PC; 1936.67 ;1;1;3213
US422T  ;US5T 9/16 WDG&SKT  ;73269090;1044336;1.05;PC; 1936.67 ;1;1;3213
US422T  ;US5T 5/8 WDG&SKT   ;73269090;1044345;1.05;PC; 1855.98 ;1;1;3079
US422T  ;US6T 5/8 WDG&SKT   ;73269090;1044354;1.05;PC; 1940.38 ;1;1;3219
US422T  ;US6T 3/4 WDG&SKT   ;73269090;1044363;1.05;PC; 1940.38 ;1;1;3219
US422T  ;US8AT 3/4 WDG&SKT  ;73269090;1044381;1.05;PC; 3607.58 ;1;1;5985
US422T  ;US8T 7/8 WDG&SKT NS;73269090;1044404;1.05;PC; 5768.8 ;1;1;9570
US422T  ;US8T 1IN WDG&SKT   ;73269090;1044417;1.05;PC; 5019.29 ;1;1;8327
US422T  ;US11T 1-1/8 WDG&SKT;73269090;1044444;1.05;PC; 6573.27 ;1;1;10905
US422T  ;US11T 1-1/4 WDG&SKT;73269090;1044453;1.05;PC; 6638.63 ;1;1;11013
UWO422  ;7/8 WDGE ONLY F/US7;73269090;1046674;1.05;PC; 586.77 ;1;1;973
UWO422  ;1   WDGE ONLY F/US7;73269090;1046683;1.05;PC; 630.64 ;1;1;1046
UWO422T;WDG US422TW .44 US4 TERM WDG BLACK;73269090;1047301;1.05;PC; 502.24 ;1;1;833
UWO422T ;3/8 WDGE ONLY F/US4;73269090;1047310;1.05;PC; 330.55 ;1;1;548
UWO422T ;1/2 WDGE ONLY F/US4;73269090;1047329;1.05;PC; 293.38 ;1;1;487
UWO422T ;1/2 WDGE ONLY F/US5;73269090;1047338;1.05;PC; 330.83 ;1;1;549
UWO422T ;9/16WDGE ONLY F/US5;73269090;1047347;1.05;PC; 426.47 ;1;1;708
UWO422T ;5/8 WDGE ONLY F/US5;73269090;1047356;1.05;PC; 378.51 ;1;1;628
UWO422T ;5/8 WDGE ONLY F/US6;73269090;1047365;1.05;PC; 448.25 ;1;1;744
UWO422T ;3/4 WDGE ONLY F/US6;73269090;1047374;1.05;PC; 364.32 ;1;1;604
UWO422T ;5/8 WDGE ONLY  US8A;73269090;1047383;1.05;PC; 863.8 ;1;1;1433
UWO422T ;3/4 WDGE ONLY  US8A;73269090;1047392;1.05;PC; 933.06 ;1;1;1548
UWO422T ;7/8 WDGE ONLY F/US8;73269090;1047425;1.05;PC; 947.49 ;1;1;1572
UWO422T ;1IN WDGE ONLY F/US8;73269090;1047431;1.05;PC; 1048.49 ;1;1;1739
UWO422T ;1.12 WDGE ONLY US10;73269090;1047440;1.05;PC; 1611.21 ;1;1;2673
UWO422T ;1.25 WDGE ONLY US10;73269090;1047459;1.05;PC; 1717.98 ;1;1;2850
UWO422T ;1.25 WDGE ONLY US11;73269090;1047477;1.05;PC; 1933.45 ;1;1;3208
W416-7  ;WIRELOCK  100 CC   ;39073029;1039602;1.0325;PC; 610.05 ;1;1;995
W416-7  ;WIRELOCK  250 CC   ;39073029;1039604;1.0325;PC; 733.17 ;1;1;1196
W416-7  ;WIRELOCK  500 CC   ;39073029;1039606;1.0325;PC; 957.11 ;1;1;1561
W416-7  ;WIRELOCK 1000 CC   ;39073029;1039608;1.0325;PC; 1766.85 ;1;1;2882
W416-7  ;WIRELOCK 2000 CC   ;39073029;1039610;1.0325;PC; 3261.95 ;1;1;5321
W416-7B;WIRELOCK BOOSTER PACK 500CC;73269090;1039607;1.05;PC; 199.84 ;1;1;332
W416-7B;WIRELOCK BOOSTER PACK 1000CC;73269090;1039609;1.05;PC; 311.23 ;1;1;516
W416-7B ;BOOSTER PACK 100CC ;39073029;1039603;1.0325;PC; 146.4 ;1;1;239
W416-7B ;BOOSTER PACK 250CC ;39073029;1039605;1.0325;PC; 134.17 ;1;1;219
W416-7B ;BOOSTER PACK 2000CC;39073029;1039611;1.0325;PC; 366.86 ;1;1;598
SB TD;SB TD66BL 6600 WLL ;73158200;3674481;1.0975;PC; 1458.47 ;1;1;2529
SB TD;SB TD92RL 9200 WLL ;73158200;3674490;1.0975;PC; 1475.23 ;1;1;2558
SB TD;SB TD13GL 13000WLL ;73158200;3674499;1.0975;PC; 1607.31 ;1;1;2787
S409;S409 SWAGE BUTTON 1/8(3MM);73269090;1040171;1.05;PC; 62.08 ;1;1;103
S409;S409 SWAGE BUTTON 3/16(5MM);73269090;1040215;1.05;PC; 62.08 ;1;1;103
S409;S409 SWAGE BUTTON 1/4(6-7MM);73269090;1040251;1.05;PC; 68.29 ;1;1;113
S409;S409 SWAGE BUTTON 5/16(8MM);73269090;1040297;1.05;PC; 72.73 ;1;1;121
S409;S409 SWAGE BUTTON 3/8(9-10MM);73269090;1040313;1.05;PC; 80.71 ;1;1;134
S409;S409 SWAGE BUTTON 7/16(11MM);73269090;1040331;1.05;PC; 89.58 ;1;1;149
S409;S409 SWAGE BUTTON 1/2(13MM);73269090;1040359;1.05;PC; 93.09 ;1;1;154
S409;S409 SWAGE BUTTON 9/16(14MM);73269090;1040377;1.05;PC; 112.82 ;1;1;187
S409;S409 SWAGE BUTTON 5/8(16MM);73269090;1040395;1.05;PC; 127.99 ;1;1;212
S409;S409 SWAGE BUTTON 3/4(18-20MM);73269090;1040411;1.05;PC; 142.05 ;1;1;236
S409;S409 SWAGE BUTTON 7/8(22MM);73269090;1040439;1.05;PC; 203.08 ;1;1;337
S409;S409 SWAGE BUTTON 1(25-26MM);73269090;1040457;1.05;PC; 385.45 ;1;1;639
S409;S409 SWAGE BUTTON 1-1/8(28-29MM);73269090;1040475;1.05;PC; 549.32 ;1;1;911
S409;S409 SWAGE BUTTON 1-1/4(31-32MM);73269090;1040493;1.05;PC; 751.29 ;1;1;1246
S505;S505 SWAGE SLEEVE 1/4(6-7MM);73269090;1041063;1.05;PC; 2.26 ;1;1;4
S505;S505 SWAGE SLEEVE 5/16(8MM);73269090;1041090;1.05;PC; 4.22 ;1;1;7
S505;S505 SWAGE SLEEVE 3/8(9-10MM);73269090;1041107;1.05;PC; 4.01 ;1;1;7
S505;S505 SWAGE SLEEVE 7/16(11MM);73269090;1041125;1.05;PC; 10.38 ;1;1;17
S505;S505 SWAGE SLEEVE 1/2(13MM);73269090;1041143;1.05;PC; 8.29 ;1;1;14
S505;S505 SWAGE SLEEVE 9/16(14MM);73269090;1041161;1.05;PC; 18.51 ;1;1;31
S505;S505 SWAGE SLEEVE 5/8(16MM);73269090;1041189;1.05;PC; 14.48 ;1;1;24
S505;S505 SWAGE SLEEVE 3/4(18-19MM);73269090;1041205;1.05;PC; 27.4 ;1;1;45
S505;S505 SWAGE SLEEVE 7/8(22MM);73269090;1041223;1.05;PC; 40.42 ;1;1;67
S505;S505 SWAGE SLEEVE 1(25-26MM);73269090;1041241;1.05;PC; 125.01 ;1;1;207
S505;S505 SWAGE SLEEVE 1-1/8(28-29MM);73269090;1041269;1.05;PC; 159.03 ;1;1;264
S505;S505 SWAGE SLEEVE 1-1/4(31-32MM);73269090;1041287;1.05;PC; 185.54 ;1;1;308
S505;S505 SWAGE SLEEVE 1-3/8(34-35MM);73269090;1041303;1.05;PC; 181.93 ;1;1;302
S505;S505 SWAGE SLEEVE 37-1-1/2(38MM);73269090;1041321;1.05;PC; 200.88 ;1;1;333
S505;S505 SWAGE SLEEVE 1-3/4(44-45MM);73269090;1041349;1.05;PC; 495.84 ;1;1;823
S505;S505 SWAGE SLEEVE 2(50-52MM);73269090;1041367;1.05;PC; 646.52 ;1;1;1073
S505;S505 SWAGE SLEEVE 2-1/4(56-57MM);73269090;1041385;1.05;PC; 666.11 ;1;1;1105
S505;S505 SWAGE SLEEVE 2-1/2(62-64MM);73269090;1041401;1.05;PC; 1193.35 ;1;1;1980
S505;S505 SWAGE SLEEVE 2-3/4(68-70MM);73269090;1041429;1.05;PC; 1186.53 ;1;1;1968
S505;S505 SWAGE SLEEVE 3(75-76MM);73269090;1041447;1.05;PC; 1817.88 ;1;1;3016
S505;S505 SWAGE SLEEVE 3-1/2(87-89MM);73269090;1041483;1.05;PC; 2917.22 ;1;1;4840
S505;S505 SWAGE SLEEVE 1/4(6-7MM);73269090;1041492;1.05;PC; 3041.27 ;1;1;5045
S505;S505 SWAGE SLEEVE 1/4(6-7MM);73269090;1041508;1.05;PC; 3373.06 ;1;1;5596
S505P;SLV STL STD ZN .25 FNSH 1/4 Z-505;73269090;6230051;1.05;PC; 3.75 ;1;1;6
S505P;SLV STL STD ZN .31 FNSH 5/16 Z-505;73269090;6230060;1.05;PC; 6.84 ;1;1;11
S505P;SLV STL STD ZN .38 FNSH 3/8 Z-505;73269090;6230069;1.05;PC; 6.18 ;1;1;10
S505P;SLV STL STD ZN .438 FNSH 7/16 Z-505;73269090;6230078;1.05;PC; 16.54 ;1;1;27
S505P;SLV STL STD ZN .5 FNSH 1/2 Z-505;73269090;6230086;1.05;PC; 23.38 ;1;1;39
S505P;SLV STL STD ZN .563 FNSH 9/16 Z-505;73269090;6230095;1.05;PC; 28.67 ;1;1;48
S505P;SLV STL STD ZN .63 FNSH 5/8 Z-505;73269090;6230104;1.05;PC; 22.72 ;1;1;38
S505P;SLV STL STD ZN .75 FNSH 3/4 Z-505;73269090;6230115;1.05;PC; 47.86 ;1;1;79
S505P;SLV STL STD ZN .88 FNSH 7/8 Z-505;73269090;6230124;1.05;PC; 62.42 ;1;1;104
S505P;SLV STL STD ZN 1.0 FNSH 1 Z-505;73269090;6230133;1.05;PC; 191.46 ;1;1;318
S505P;SLV STL STD ZN 1.13 FNSH 1 1/8 Z-505;73269090;6230142;1.05;PC; 243.51 ;1;1;404
S505P;SLV STL STD ZN 1.25 FNSH 1 1/4 Z-505;73269090;6230151;1.05;PC; 288.29 ;1;1;478
S505P;SLV STL STD ZN 1.38 FNSH 1 3/8 Z-505;73269090;6230160;1.05;PC; 321.15 ;1;1;533
S505P;SLV STL STD ZN 1.5 FNSH 1 1/2 Z-505;73269090;6230169;1.05;PC; 323.36 ;1;1;536
S506;S506 DUPLEX SWAGE SLEEVE 5/16(8MM);73269090;1039334;1.05;PC; 58.54 ;1;1;97
S506;S506 DUPLEX SWAGE SLEEVE 3/8(9-10MM);73269090;1039352;1.05;PC; 0.51 ;1;1;1
S506;S506 DUPLEX SWAGE SLEEVE 7/16(11MM);73269090;1039370;1.05;PC; 150.78 ;1;1;250
S506;S506 DUPLEX SWAGE SLEEVE 1/2(13MM);73269090;1039398;1.05;PC; 0.51 ;1;1;1
S506;S506 DUPLEX SWAGE SLEEVE 9/16(14MM);73269090;1039414;1.05;PC; 0.51 ;1;1;1
S506;S506 DUPLEX SWAGE SLEEVE 5/8(16MM);73269090;1039432;1.05;PC; 0.51 ;1;1;1
S506;S506 DUPLEX SWAGE SLEEVE 3/4(18-20MM);73269090;1039450;1.05;PC; 0.51 ;1;1;1
S506;S506 DUPLEX SWAGE SLEEVE 7/8(22MM);73269090;1039478;1.05;PC; 0.51 ;1;1;1
S506;S506 DUPLEX SWAGE SLEEVE 1(25-26MM);73269090;1039496;1.05;PC; 0.51 ;1;1;1
10-S-1  ;10 T JAW&HK SWIVEL ;73269090;297618;1.05;PC; 12913.91 ;1;1;21424
10-S-2  ;10 T JAW&JAW SWIVEL;73269090;297627;1.05;PC; 12913.91 ;1;1;21424
10-S-3  ;10 T JAW&EYE SWIVEL;73269090;297636;1.05;PC; 12147.26 ;1;1;20152
10-S-4  ;10 T EYE&JAW SWIVEL;73269090;297645;1.05;PC; 12147.26 ;1;1;20152
10-S-5  ;10 T EYE&EYE SWIVEL;73269090;297654;1.05;PC; 11827.62 ;1;1;19622
10-S-6  ;10 T EYE&HK SWIVEL ;73269090;297663;1.05;PC; 11827.62 ;1;1;19622
15-S-1  ;15 T JAW&HK SWIVEL ;73269090;297814;1.05;PC; 16165.47 ;1;1;26819
15-S-2  ;15 T JAW&JAW SWIVEL;73269090;297823;1.05;PC; 16165.47 ;1;1;26819
15-S-3  ; 15T JAW&EYE SWIVEL;73269090;297832;1.05;PC; 15235.4 ;1;1;25276
15-S-4  ;15 T EYE&JAW SWIVEL;73269090;297841;1.05;PC; 15235.4 ;1;1;25276
15-S-5  ;15 T EYE&EYE SWIVEL;73269090;297850;1.05;PC; 15008.29 ;1;1;24899
15-S-6  ;15 T EYE&HK SWIVEL ;73269090;297869;1.05;PC; 16130.4 ;1;1;26760
25-S-1  ;25T JAW & HOOK SWIV;73269090;298118;1.05;PC; 65342.93 ;1;1;108404
25-S-2  ;25T JAW&JAW SWIVEL ;73269090;298127;1.05;PC; 70277.56 ;1;1;116590
25-S-3  ;25T JAW & EYE SWIVE;73269090;298136;1.05;PC; 45465.14 ;1;1;75427
25-S-4  ;25T EYE & JAW SWIVE;73269090;298145;1.05;PC; 45465.14 ;1;1;75427
25-S-5  ;25T EYE & EYE SWIVE;73269090;298154;1.05;PC; 40459.91 ;1;1;67123
25-S-6  ;25T EYE & HOOK SWIV;73269090;298163;1.05;PC; 38947.68 ;1;1;64614
35-S-1  ;35T JAW&HOOK SWIVEL;73269090;298216;1.05;PC; 96355.09 ;1;1;159853
35-S-2  ;35T JAW & JAW SWIVE;73269090;298225;1.05;PC; 54893.16 ;1;1;91068
35-S-3  ;35T JAW&EYE SWIVEL ;73269090;298234;1.05;PC; 76464.41 ;1;1;126854
35-S-4  ;35T EYE & JAW SWIVE;73269090;298243;1.05;PC; 51953.93 ;1;1;86192
35-S-5  ;35T EYE & EYE SWIVL;73269090;298252;1.05;PC; 53061.58 ;1;1;88029
35-S-6  ;35T EYE & HOOK SWIV;73269090;298261;1.05;PC; 72187.54 ;1;1;119759
3-S-1   ;3 T JAW HOOK SWIVEL;73269090;297011;1.05;PC; 5012.25 ;1;1;8315
3-S-2   ;3 T JAW JAW SWIVEL ;73269090;297020;1.05;PC; 5125.86 ;1;1;8504
3-S-3   ;3 T JAW EYE SWIVEL ;73269090;297039;1.05;PC; 4870.28 ;1;1;8080
3-S-4   ;3 T EYE JAW SWIVEL ;73269090;297048;1.05;PC; 4870.28 ;1;1;8080
3-S-5   ;3 T EYE EYE SWIVEL ;73269090;297057;1.05;PC; 4662.08 ;1;1;7734
3-S-6   ;3 T EYE HOOK SWIVEL;73269090;297066;1.05;PC; 4231.27 ;1;1;7020
45-S-1  ;  45T JAW&HOOK SWVL;73269090;298314;1.05;PC; 137390.42 ;1;1;227931
45-S-2  ;45T JAW&JAW SWVL   ;73269090;298323;1.05;PC; 124529.6 ;1;1;206595
45-S-3  ;  45T JAW&EYE SWVL ;73269090;298332;1.05;PC; 103126.98 ;1;1;171088
45-S-4  ;  45T EYE&JAW SWVL ;73269090;298341;1.05;PC; 107426.74 ;1;1;178221
45-S-5  ;  45T EYE&EYE SWVL ;73269090;298350;1.05;PC; 103126.98 ;1;1;171088
45-S-6  ;  45T EYE&HOOK SWVL;73269090;298369;1.05;PC; 137390.42 ;1;1;227931
5-S-1   ;5 T JAW HOOK SWIVEL;73269090;297217;1.05;PC; 6708.98 ;1;1;11130
5-S-2   ;5 T JAW JAW SWIVEL ;73269090;297226;1.05;PC; 6985.91 ;1;1;11590
5-S-3   ;5 T JAW EYE SWIVEL ;73269090;297235;1.05;PC; 6645.11 ;1;1;11024
5-S-4   ;5 T EYE JAW SWIVEL ;73269090;297244;1.05;PC; 6645.11 ;1;1;11024
5-S-5   ;5 T EYE EYE SWIVEL ;73269090;297253;1.05;PC; 6126.83 ;1;1;10164
5-S-6   ;5 T EYE HOOK SWIVEL;73269090;297262;1.05;PC; 5885.48 ;1;1;9764
81/2S1  ;8-1/2T JW&HK SWIVEL;73269090;297413;1.05;PC; 11245.66 ;1;1;18657
81/2S2  ;8-1/2T JW&JW SWIVEL;73269090;297422;1.05;PC; 11380.52 ;1;1;18880
81/2S3  ;8-1/2T J&EYE SWIVEL;73269090;297431;1.05;PC; 10372.43 ;1;1;17208
81/2S4  ;8-1/2T EYE&J SWIVEL;73269090;297440;1.05;PC; 15438.75 ;1;1;25613
81/2S5  ;8-1/2T EYE&E SWIVEL;73269090;297459;1.05;PC; 10862.24 ;1;1;18020
81/2S6  ;8-1/2T EYE&H SWIVEL;73269090;297468;1.05;PC; 10599.54 ;1;1;17585
AS-1;AS1 .45T SWIVEL JAW/HOOK ANG CNTCT BRG;73269090;1016001;1.05;PC; 8714.22 ;1;1;14457
AS-1;AS1 .75T SWIVEL JAW/HOOK ANG CNTCT BRG;73269090;1016010;1.05;PC; 11525.32 ;1;1;19121
AS-1;AS1 3T SWIVEL JAW/HOOK ANG CNTCT BRG;73269090;1016026;1.05;PC; 8962.53 ;1;1;14869
AS-1;AS1 35T SWIVEL JAW/HOOK ANG CNTCT BRG;73269090;1016082;1.05;PC; 72846.32 ;1;1;120852
AS-1    ;ANG CNTCT SWVL 1.5T;73269090;1016025;1.05;PC; 7836.47 ;1;1;13001
AS-1    ;ANG CNTCT SWVL 5.0T;73269090;1016040;1.05;PC; 13841.97 ;1;1;22964
AS-1    ;ANG CNTCT SWVL 8.5T;73269090;1016045;1.05;PC; 16015.9 ;1;1;26570
AS-1    ;ANG CNTCT SWVL  10T;73269090;1016056;1.05;PC; 30319.58 ;1;1;50300
AS-1    ;ANG CNTCT SWVL 15.0;73269090;1016064;1.05;PC; 30973.69 ;1;1;51385
AS-1    ;ANG CNTCT SWVL  25T;73269090;1016075;1.05;PC; 47058.72 ;1;1;78070
AS-11   ;ANG CNTCT SWVL 8.5T;73269090;1017020;1.05;PC; 21782.9 ;1;1;36138
AS-11   ;ANG CNTCT SWVL 15T ;73269090;1017029;1.05;PC; 37139.56 ;1;1;61615
AS-17   ;ANG CNTCT SWVL  45T;73269090;2016585;1.05;PC; 111736.13 ;1;1;185370
AS-17   ;ANG CNTCT SWVL 8.5T;73269090;8013342;1.05;PC; 20232.14 ;1;1;33565
AS-17   ;ANG CNTCT SWVL 15TN;73269090;8013343;1.05;PC; 33936.39 ;1;1;56300
AS-17   ;ANG CNTCT SWVL 35TN;73269090;8013344;1.05;PC; 64486.83 ;1;1;106984
AS-17   ;ANG CNTCT SWVL 25TN;73269090;8013376;1.05;PC; 53015.04 ;1;1;87952
AS-2;AS2 .45T SWIVEL JAW/JAW ANG CNTCT BRG;73269090;1016103;1.05;PC; 4393.81 ;1;1;7289
AS-2;AS2 .75T SWIVEL JAW/JAW ANG CNTCT BRG;73269090;1016114;1.05;PC; 6082.11 ;1;1;10090
AS-2;AS2 3T SWIVEL JAW/JAW ANG CNTCT BRG;73269090;1016131;1.05;PC; 7994.35 ;1;1;13263
AS-2    ;ANG CNTCT SWVL 1.5T;73269090;1016122;1.05;PC; 6431.17 ;1;1;10669
AS-2    ;ANG CNTCT SWVL   5T;73269090;1016139;1.05;PC; 13389.87 ;1;1;22214
AS-2    ;ANG CNTCT SWVL 8.5T;73269090;1016148;1.05;PC; 12521.39 ;1;1;20773
AS-2    ;ANG CNTCT SWVL  10T;73269090;1016157;1.05;PC; 29501.95 ;1;1;48944
AS-2    ;ANG CNTCT SWVL  15T;73269090;1016166;1.05;PC; 30887.11 ;1;1;51242
AS-2    ;ANG CNTCT SWVL  25T;73269090;1016175;1.05;PC; 55935.4 ;1;1;92797
AS-2    ;ANG CNTCT SWVL  35T;73269090;1016184;1.05;PC; 63178.62 ;1;1;104813
AS-20   ;1/2 THMBL F/ACBS 3T;73269090;1038200;1.05;PC; 687.5 ;1;1;1141
AS-20   ;5/8 THMBL F/ACBS 5T;73269090;1038209;1.05;PC; 710.24 ;1;1;1178
AS-20   ;3/4 THBL F/ACB 8.5T;73269090;1038218;1.05;PC; 953.02 ;1;1;1581
AS-20   ;7/8-1 THBL F/ACBS  ;73269090;1038227;1.05;PC; 1199.75 ;1;1;1990
AS-20   ;1-1/8-1/4THBL F/ACB;73269090;1038236;1.05;PC; 1721.24 ;1;1;2856
AS-3;AS3 .45T SWIVEL JAW/EYE ANG CNTCT BRG;73269090;1016205;1.05;PC; 4676.69 ;1;1;7759
AS-3;AS3 .75T SWIVEL JAW/EYE ANG CNTCT BRG;73269090;1016216;1.05;PC; 7463.63 ;1;1;12382
AS-3    ;ANG CNTCT SWVL 1.5T;73269090;1016224;1.05;PC; 8032.89 ;1;1;13327
AS-3    ;ANG CNTCT SWVL   3T;73269090;1016232;1.05;PC; 10370.39 ;1;1;17204
AS-3    ;ANG CNTCT SWVL   5T;73269090;1016243;1.05;PC; 12187.47 ;1;1;20219
AS-3    ;ANG CNTCT SWVL 8.5T;73269090;1016250;1.05;PC; 14197.88 ;1;1;23554
AS-3    ;ANG CNTCT SWVL  10T;73269090;1016259;1.05;PC; 26875.92 ;1;1;44587
AS-3    ;ANG CNTCT SWVL 15.0;73269090;1016268;1.05;PC; 29165.28 ;1;1;48385
AS-3    ;ANG CNTCT SWVL  25T;73269090;1016277;1.05;PC; 52866.89 ;1;1;87706
AS-3    ;ANG CNTCT SWVL  35T;73269090;1016286;1.05;PC; 54906.15 ;1;1;91089
AS-4    ;ANG CNTCT SWVL .75T;73269090;1016314;1.05;PC; 6137.51 ;1;1;10182
AS-4    ;ANG CNTCT SWVL 1.5T;73269090;1016325;1.05;PC; 7474.08 ;1;1;12399
AS-4    ;ANG CNTCT SWVL   5T;73269090;1016343;1.05;PC; 12187.47 ;1;1;20219
AS-4    ;ANG CNTCT SWVL 8.5T;73269090;1016352;1.05;PC; 14197.88 ;1;1;23554
AS-4    ;ANG CNTCT SWVL  10T;73269090;1016361;1.05;PC; 26875.92 ;1;1;44587
AS-4    ;ANG CNTCT SWVL  15T;73269090;1016370;1.05;PC; 29165.28 ;1;1;48385
AS-5;AS5 .75T SWIVEL EYE/EYE ANG CNTCT BRG;73269090;1016418;1.05;PC; 6585.7 ;1;1;10926
AS-5;AS5 1.5T SWIVEL EYE/EYE ANG CNTCT BRG;73269090;1016427;1.05;PC; 6413.65 ;1;1;10640
AS-5;AS5 3T SWIVEL EYE/EYE ANG CNTCT BRG;73269090;1016436;1.05;PC; 13030.63 ;1;1;21618
AS-5;AS5 10T SWIVEL EYE/EYE ANG CNTCT BRG;73269090;1016463;1.05;PC; 22524.88 ;1;1;37369
AS-5;AS5 25T SWIVEL EYE/EYE ANG CNTCT BRG;73269090;1016481;1.05;PC; 40118.95 ;1;1;66557
AS-5    ;ANG CNTCT SWVL 5.0T;73269090;1016445;1.05;PC; 8420.03 ;1;1;13969
AS-5    ;ANG CNTCT SWVL 8.5T;73269090;1016454;1.05;PC; 10838.59 ;1;1;17981
AS-5    ;ANG CNTCT SWVL  15T;73269090;1016472;1.05;PC; 19722.35 ;1;1;32719
AS-5    ;ANG CNTCT SWVL  35T;73269090;1016490;1.05;PC; 49686.09 ;1;1;82429
AS-6;AS6 35T SWIVEL EYE/HOOK ANG CNTCT BRG;73269090;1016583;1.05;PC; 66650.64 ;1;1;110573
AS-6    ;ANG CNTCT SWVL 1.5T;73269090;1016520;1.05;PC; 7454.85 ;1;1;12368
AS-6    ;ANG CNTCT SWVL   3T;73269090;1016529;1.05;PC; 12745.29 ;1;1;21144
AS-6    ;ANG CNTCT SWVL   5T;73269090;1016538;1.05;PC; 12129.76 ;1;1;20123
AS-6    ;ANG CNTCT SWVL 8.5T;73269090;1016547;1.05;PC; 12294.1 ;1;1;20396
AS-6    ;ANG CNTCT SWVL 10T ;73269090;1016556;1.05;PC; 29774.44 ;1;1;49396
AS-6    ;ANG CNTCT SWVL 15T ;73269090;1016565;1.05;PC; 29501.95 ;1;1;48944
AS-6    ;ANG CNTCT SWVL 25T ;73269090;1016574;1.05;PC; 55082.71 ;1;1;91382
AS-7;AS7 .45T SWIVEL JAW/JAW BULLET ANG BRG;73269090;1016604;1.05;PC; 5614.38 ;1;1;9314
AS-7    ;ANG CNTCT SWVL .75T;73269090;1016611;1.05;PC; 7055.43 ;1;1;11705
AS-7    ;ANG CNTCT SWVL 1.5T;73269090;1016622;1.05;PC; 5708.01 ;1;1;9470
AS-7    ;ANG CNTCT SWVL   3T;73269090;1016631;1.05;PC; 7166.95 ;1;1;11890
AS-7    ;ANG CNTCT SWVL   5T;73269090;1016640;1.05;PC; 10575.31 ;1;1;17544
AS-7    ;ANG CNTCT SWVL 8.5T;73269090;1016649;1.05;PC; 12612.89 ;1;1;20925
AS-7    ;ANG CNTCT SWVL  10T;73269090;1016652;1.05;PC; 31811.09 ;1;1;52775
AS-7    ;ANG CNTCT SWVL  15T;73269090;1016658;1.05;PC; 30973.69 ;1;1;51385
AS-7    ;ANG CNTCT SWVL  25T;73269090;1016662;1.05;PC; 56156.64 ;1;1;93164
AS-7    ;ANG CNTCT SWVL  35T;73269090;1016667;1.05;PC; 63515.29 ;1;1;105372
G402;G402 1250LB REGULAR SWIVEL 5/16;73269090;1016037;1.05;PC; 980.45 ;1;1;1627
G402;G402 2250LB REGULAR SWIVEL 3/8;73269090;1016055;1.05;PC; 794.94 ;1;1;1319
G402;G402 3600LB REGULAR SWIVEL 1/2;73269090;1016073;1.05;PC; 817.66 ;1;1;1356
G402    ;5/8 REGULAR SWIVEL ;73269090;1016091;1.05;PC; 456.81 ;1;1;758
G402    ;3/4 REGULAR SWIVEL ;73269090;1016117;1.05;PC; 612.84 ;1;1;1017
G402    ;7/8 REGULAR SWIVEL ;73269090;1016135;1.05;PC; 909.57 ;1;1;1509
G402    ;1 REGULAR SWIVEL   ;73269090;1016153;1.05;PC; 1179.91 ;1;1;1957
G402    ;1-1/4 REGULAR SWIVL;73269090;1016199;1.05;PC; 2178.46 ;1;1;3614
G402    ;1-1/2 REGLAR SWIVEL;73269090;1016215;1.05;PC; 6261.78 ;1;1;10388
G403;G403 2250LB JAW END SWIVEL 3/8;73269090;1016439;1.05;PC; 907.66 ;1;1;1506
G403;G403 3600LB JAW END SWIVEL 1/2;73269090;1016457;1.05;PC; 1063.26 ;1;1;1764
G403;G403 5200LB JAW END SWIVEL 5/8;73269090;1016475;1.05;PC; 778.62 ;1;1;1292
G403    ;5/16 JAW END SWIVEL;73269090;1016411;1.05;PC; 819.39 ;1;1;1359
G403    ;3/4 JAW END SWIVEL ;73269090;1016493;1.05;PC; 822.73 ;1;1;1365
G403    ;7/8 JAW END SWIVEL ;73269090;1016518;1.05;PC; 1315.14 ;1;1;2182
G403    ;1 JAW END SWIVEL   ;73269090;1016536;1.05;PC; 3043.22 ;1;1;5049
G403    ;1-1/4 JW END SWIVEL;73269090;1016572;1.05;PC; 3235.28 ;1;1;5367
G403    ;1-1/2 JW END SWIVEL;73269090;1016590;1.05;PC; 10464.68 ;1;1;17361
G408;G408 OPEN THIMBLE 1/2(11-13MM);73269090;1037595;1.05;PC; 4.63 ;1;1;8
G408    ;1/4  OPEN P THIMBLE;73269090;1037531;1.05;PC; 5.44 ;1;1;9
G408    ;5/16 OPEN P THIMBLE;73269090;1037559;1.05;PC; 7.49 ;1;1;12
G408    ;3/8  OPEN P THIMBLE;73269090;1037577;1.05;PC; 9.17 ;1;1;15
G408    ;5/8  OPEN P THIMBLE;73269090;1037611;1.05;PC; 16.23 ;1;1;27
G411    ;1/8  STD THIMBLE   ;73269090;1037256;1.05;PC; 4.31 ;1;1;7
G411    ;3/16 STD THIMBLE   ;73269090;1037274;1.05;PC; 5.36 ;1;1;9
G411    ;1/4  STD THIMBLE   ;73269090;1037292;1.05;PC; 5.1 ;1;1;8
G411    ;5/16 STD THIMBLE   ;73269090;1037318;1.05;PC; 8.73 ;1;1;14
G411    ;3/8 STD THIMBLE    ;73269090;1037336;1.05;PC; 11.23 ;1;1;19
G411    ;1/2 STD THIMBLE    ;73269090;1037354;1.05;PC; 13.35 ;1;1;22
G411    ;5/8 STD THIMBLE    ;73269090;1037372;1.05;PC; 26.2 ;1;1;43
G411    ;3/4 STD THIMBLE    ;73269090;1037390;1.05;PC; 40.83 ;1;1;68
G411    ;7/8 STD THIMBLE    ;73269090;1037416;1.05;PC; 57.16 ;1;1;95
G411    ;1   STD THIMBLE    ;73269090;1037434;1.05;PC; 97.99 ;1;1;163
G411    ;1-1/8-1-1/4 THIMBLE;73269090;1037452;1.05;PC; 146.98 ;1;1;244
G414    ;1/4  E HVY THIMBLE ;73269090;1037639;1.05;PC; 7.39 ;1;1;12
G414    ;5/16 E HVY THIMBLE ;73269090;1037657;1.05;PC; 12.55 ;1;1;21
G414    ;3/8  E HVY THIMBLE ;73269090;1037675;1.05;PC; 16.32 ;1;1;27
G414    ;7/16 E HVY THIMBLE ;73269090;1037693;1.05;PC; 22.94 ;1;1;38
G414    ;1/2  E HVY THIMBLE ;73269090;1037719;1.05;PC; 28.88 ;1;1;48
G414    ;5/8  E HVY THIMBLE ;73269090;1037755;1.05;PC; 43.18 ;1;1;72
G414    ;3/4  E HVY THIMBLE ;73269090;1037773;1.05;PC; 76.88 ;1;1;128
G414    ;7/8  E HVY THIMBLE ;73269090;1037791;1.05;PC; 99.02 ;1;1;164
G414    ;1IN   E HVY THIMBLE;73269090;1037817;1.05;PC; 169.74 ;1;1;282
G414    ;1-1/8-1-1/4 THIMBLE;73269090;1037835;1.05;PC; 242.88 ;1;1;403
G414    ;1-1/4-1-3/8 THIMBLE;73269090;1037853;1.05;PC; 451.96 ;1;1;750
G414    ;1-3/8-1-1/2 THIMBLE;73269090;1037871;1.05;PC; 708.39 ;1;1;1175
G414    ;1-5/8 E HVY THIMBLE;73269090;1037899;1.05;PC; 1129.9 ;1;1;1875
G414    ;1-3/4 E HVY THIMBLE;73269090;1037915;1.05;PC; 1632.08 ;1;1;2708
G414    ;1-7/8-2 HVY THIMBLE;73269090;1037933;1.05;PC; 2259.8 ;1;1;3749
G414    ;2-1/4 E HVY THIMBLE;73269090;1037951;1.05;PC; 2812.2 ;1;1;4665
G414SL  ;3/8 SHACKLE LK THM ;73269090;1036800;1.05;PC; 49.56 ;1;1;82
G414SL  ;1/2 SHACKLE LK THM ;73269090;1036808;1.05;PC; 116.25 ;1;1;193
G414SL  ;5/8 SHACKLE LK THM ;73269090;1036817;1.05;PC; 214.23 ;1;1;355
G414SL  ;3/4 SHACKLE LK THM ;73269090;1036826;1.05;PC; 318.68 ;1;1;529
G414SL  ;7/8 SHACKLE LK THM ;73269090;1036835;1.05;PC; 348.17 ;1;1;578
G414SL  ;"1"" SHACKLE LK THM  ";73269090;1036844;1.05;PC; 445.02 ;1;1;738
G414SL  ;1 1/8 SHKL LOC THM ;73269090;1036853;1.05;PC; 906.14 ;1;1;1503
G414SL  ;1 1/2 SHKL LOC THM ;73269090;1036862;1.05;PC; 2472.33 ;1;1;4102
S412    ;1/2 SOLID THIMBLE  ;73269090;1037121;1.05;PC; 164.22 ;1;1;272
S412    ;5/8 SOLID THIMBLE  ;73269090;1037149;1.05;PC; 321.97 ;1;1;534
S412    ;3/4 SOLID THIMBLE  ;73269090;1037167;1.05;PC; 321.97 ;1;1;534
S412    ;7/8 SOLID THIMBLE  ;73269090;1037185;1.05;PC; 615.59 ;1;1;1021
S412    ;1   SOLID THIMBLE  ;73269090;1037201;1.05;PC; 615.59 ;1;1;1021
S412    ;1-1/8 SOLID THIMBLE;73269090;1037229;1.05;PC; 773.34 ;1;1;1283
S412    ;1-1/4 1-3/8 SL THBL;73269090;1037247;1.05;PC; 813.6 ;1;1;1350
SS414   ;1/4  S STL THIMBLE ;73269090;1037960;1.05;PC; 41.36 ;1;1;69
SS414   ;5/16 S STL THIMBLE ;73269090;1037988;1.05;PC; 68.05 ;1;1;113
SS414   ;3/8  S STL THIMBLE ;73269090;1038004;1.05;PC; 85.17 ;1;1;141
SS414   ;1/2  S STL THIMBLE ;73269090;1038022;1.05;PC; 133.26 ;1;1;221
SS414   ;5/8  S STL THIMBLE ;73269090;1038040;1.05;PC; 194.04 ;1;1;322
SS414   ;3/4  S STL THIMBLE ;73269090;1038068;1.05;PC;1.277;1;1;2119
G4065   ;1-3/4 TB PIN ASSY  ;73269090;1097814;1.05;PC; 987.89 ;1;1;1639
HG228   ;1-1/2X24 J&J TRNBKL;73269090;1032974;1.05;PC; 7022.7 ;1;1;11651
HG4037  ;3/4X12   RH TB HOOK;73269090;1070236;1.05;PC; 795.03 ;1;1;1319
HG4037  ;1-3/4X24  RH TB EYE;73269090;1071592;1.05;PC; 6031.21 ;1;1;10006
HG4037  ;1 X24     LH TB EYE;73269090;1072038;1.05;PC; 1743.95 ;1;1;2893
HG4037  ;3/4X18    RH TB JAW;73269090;1072537;1.05;PC; 1077.26 ;1;1;1787
HG4037  ;1-1/2X24  RH TB JAW;73269090;1072779;1.05;PC; 3240.31 ;1;1;5376
HG4060  ;1IN  RH TB LOCKNUT ;73269090;1075277;1.05;PC; 50.02 ;1;1;83
HG4061  ;1-1/4 LH TB LOCKNUT;73269090;1075696;1.05;PC; 157.53 ;1;1;261
G4063   ;5/16 TB BOLT & NUT ;73269090;1089654;1.05;PC; 20.97 ;1;1;35
G4063   ;3/8  TB BOLT & NUT ;73269090;1089672;1.05;PC; 23.76 ;1;1;39
G4063   ;1/2  TB BOLT & NUT ;73269090;1089690;1.05;PC; 19.33 ;1;1;32
G4063   ;5/8  TB BOLT & NUT ;73269090;1089716;1.05;PC; 45.21 ;1;1;75
G4065   ;2-3/4 TB PIN ASSY  ;73269090;1087674;1.05;PC; 3636.04 ;1;1;6032
G4065   ;3/4 TB PIN ASSY TB ;73269090;1097770;1.05;PC; 41.75 ;1;1;69
G4065   ;7/8 TB PIN ASSY  TB;73269090;1097789;1.05;PC; 84.07 ;1;1;139
G4065   ;1-1/4 TB PN ASSY TB;73269090;1097798;1.05;PC; 353.02 ;1;1;586
G4065   ;1-1/2 TB PN ASSY TB;73269090;1097805;1.05;PC; 556.95 ;1;1;924
G4065   ;2IN TB PIN ASSY    ;73269090;1097823;1.05;PC; 2077.74 ;1;1;3447
G4065   ;2-1/2 TB PIN ASSY  ;73269090;1097832;1.05;PC; 2558.7 ;1;1;4245
HG223   ;1X12   HK&HK TRNBKL;73269090;1030333;1.05;PC; 2487.99 ;1;1;4128
HG226   ;1-1/2X24 E&E TRNBKL;73269090;1031733;1.05;PC; 5493.93 ;1;1;9114
HG226   ;2X24 EYE&EYE TRNBKL;73269090;1031813;1.05;PC; 14053.95 ;1;1;23316
HG227   ;3/4X18 JAW&EYE TBKL;73269090;1032117;1.05;PC; 3045.06 ;1;1;5052
HG227   ;1X24 JAW&EYE TRNBKL;73269090;1032233;1.05;PC; 4406.09 ;1;1;7310
HG227   ;1-1/2X18 J&E TRNBKL;73269090;1032331;1.05;PC; 6643.59 ;1;1;11022
HG227   ;1-1/2X24 J&E TRNBKL;73269090;1032359;1.05;PC; 6322.77 ;1;1;10489
HG227   ;2X24 JAW&EYE TRNBKL;73269090;1032439;1.05;PC; 14172.01 ;1;1;23511
HG227   ;2-1/2X24 J&E TRNBKL;73269090;1032457;1.05;PC; 28078.02 ;1;1;46581
HG228;3/4X18 JAW&JAW TBKL;73269090;1032732;1.05;PC; 2991.18 ;1;1;4962
HG228;7/8X12 JAW&JAW TBKL;73269090;1032750;1.05;PC; 3332.67 ;1;1;5529
HG228;7/8X18 JAW&JAW TBKL;73269090;1032778;1.05;PC; 3640.9 ;1;1;6040
HG228;1X6    JAW&JAW TBKL;73269090;1032796;1.05;PC; 3704.64 ;1;1;6146
HG228;1X24   JAW&JAW TBKL;73269090;1032858;1.05;PC; 4455.05 ;1;1;7391
HG228   ;3/4X12 JAW&JAW TBKL;73269090;1032714;1.05;PC; 2823.09 ;1;1;4684
HG228   ;1X18   JAW&JAW TBKL;73269090;1032830;1.05;PC; 4225.55 ;1;1;7010
HG228   ;1-1/4X12 J&J TRNBKL;73269090;1032876;1.05;PC; 5721.93 ;1;1;9493
HG228   ;1-1/4X18 J&J TRNBKL;73269090;1032894;1.05;PC; 6151.41 ;1;1;10205
HG228   ;1-1/4X24 J&J TRNBKL;73269090;1032910;1.05;PC; 5231.2 ;1;1;8679
HG228   ;1-1/2X12 J&J TRNBKL;73269090;1032938;1.05;PC; 5246.94 ;1;1;8705
HG228   ;1-3/4X18 J&J TRNBKL;73269090;1033018;1.05;PC; 10555.29 ;1;1;17511
HG228   ;1-3/4X24 J&J TRNBKL;73269090;1033036;1.05;PC; 11592.39 ;1;1;19232
HG228   ;2X24   JAW&JAW TBKL;73269090;1033054;1.05;PC; 15639.23 ;1;1;25945
HG228   ;2-1/2X24 J&J TRNBKL;73269090;1033072;1.05;PC; 30262.72 ;1;1;50206
HG228   ;2-3/4X24 J&J TRNBKL;73269090;1033090;1.05;PC; 36618.21 ;1;1;60750
HG2510  ;1/2X12 TRNBKL BODY ;73269090;1033991;1.05;PC; 372.07 ;1;1;617
HG2510  ;5/8X12 TRNBKL BODY ;73269090;1034053;1.05;PC; 484.03 ;1;1;803
HG2510  ;3/4X6 TRNBKL BODY  ;73269090;1034071;1.05;PC; 359.89 ;1;1;597
HG2510  ;3/4X12 TRNBKL BODY ;73269090;1034115;1.05;PC; 642.01 ;1;1;1065
HG2510  ;3/4X18 TRNBKL BODY ;73269090;1034133;1.05;PC; 835.9 ;1;1;1387
HG2510  ;7/8X12 TRNBKL BODY ;73269090;1034179;1.05;PC; 693.7 ;1;1;1151
HG2510  ;7/8X18 TRNBKL BODY ;73269090;1034197;1.05;PC; 961.92 ;1;1;1596
HG2510  ;1X12 TRNBKL BODY   ;73269090;1034231;1.05;PC; 642.13 ;1;1;1065
HG2510  ;1X18 TRNBKL BODY   ;73269090;1034259;1.05;PC; 1229.33 ;1;1;2039
HG2510  ;1X24 TRNBKL BODY   ;73269090;1034277;1.05;PC; 1474.62 ;1;1;2446
HG2510  ;1-1/4X12 TRBKL BODY;73269090;1034339;1.05;PC; 1233.82 ;1;1;2047
HG2510  ;1-1/4X18 TRBKL BODY;73269090;1034357;1.05;PC; 1657.38 ;1;1;2750
HG2510  ;1-1/2X18 TRBKL BODY;73269090;1034455;1.05;PC; 2270.12 ;1;1;3766
HG2510  ;1-1/2X24 TRBKL BODY;73269090;1034473;1.05;PC; 2162.87 ;1;1;3588
HG2510  ;1-3/4X18 TRBKL BODY;73269090;1034552;1.05;PC; 2904.99 ;1;1;4819
HG2510  ;1-3/4X24 TRBKL BODY;73269090;1034570;1.05;PC; 5809.97 ;1;1;9639
HG2510  ;2X24 TRNBKL BODY   ;73269090;1034632;1.05;PC; 5684.92 ;1;1;9431
HG2510  ;2-1/2X24 TRBKL BODY;73269090;1034678;1.05;PC; 14371.02 ;1;1;23842
HG4037  ;1/2X9    RH TB HOOK;73269090;1070094;1.05;PC; 316.95 ;1;1;526
HG4037  ;1/2X12   RH TB HOOK;73269090;1070110;1.05;PC; 419.74 ;1;1;696
HG4037  ;5/8X9    RH TB HOOK;73269090;1070156;1.05;PC; 416.99 ;1;1;692
HG4037  ;1 X12    RH TB HOOK;73269090;1070334;1.05;PC; 1111.37 ;1;1;1844
HG4037  ;1 X18    RH TB HOOK;73269090;1070352;1.05;PC; 1377.46 ;1;1;2285
HG4037  ;1-1/4X12 RH TB HOOK;73269090;1070398;1.05;PC; 1501.13 ;1;1;2490
HG4037  ;1-1/4X18 RH TB HOOK;73269090;1070414;1.05;PC; 1756.46 ;1;1;2914
HG4037  ;1-1/4X24 RH TB HOOK;73269090;1070432;1.05;PC; 2212.41 ;1;1;3670
HG4037  ;1-1/2X12 RH TB HOOK;73269090;1070450;1.05;PC; 2193.17 ;1;1;3638
HG4037  ;1-1/2X18 RH TB HOOK;73269090;1070478;1.05;PC; 2645.27 ;1;1;4389
HG4037  ;1-1/2X24 RH TB HOOK;73269090;1070496;1.05;PC; 3280.13 ;1;1;5442
HG4037  ;1/2X9    LH TB HOOK;73269090;1070619;1.05;PC; 316.95 ;1;1;526
HG4037  ;5/8X9    LH TB HOOK;73269090;1070673;1.05;PC; 416.99 ;1;1;692
HG4037  ;3/4X12   LH TB HOOK;73269090;1070753;1.05;PC; 801.06 ;1;1;1329
HG4037  ;1 X12    LH TB HOOK;73269090;1070851;1.05;PC; 1075.19 ;1;1;1784
HG4037  ;1 X18    LH TB HOOK;73269090;1070879;1.05;PC; 1377.46 ;1;1;2285
HG4037  ;1-1/4X12 LH TB HOOK;73269090;1070913;1.05;PC; 1573.65 ;1;1;2611
HG4037  ;1-1/4X18 LH TB HOOK;73269090;1070931;1.05;PC; 1756.46 ;1;1;2914
HG4037  ;1-1/4X24 LH TB HOOK;73269090;1070959;1.05;PC; 2212.41 ;1;1;3670
HG4037  ;1-1/2X12 LH TB HOOK;73269090;1070977;1.05;PC; 2193.17 ;1;1;3638
HG4037  ;1-1/2X18 LH TB HOOK;73269090;1070995;1.05;PC; 2645.27 ;1;1;4389
HG4037  ;1-1/2X24 LH TB HOOK;73269090;1071011;1.05;PC; 3280.13 ;1;1;5442
HG4037  ;1/2X12    RH TB EYE;73269090;1071155;1.05;PC; 419.74 ;1;1;696
HG4037  ;5/8X12    RH TB EYE;73269090;1071217;1.05;PC; 508.13 ;1;1;843
HG4037  ;3/4X18    RH TB EYE;73269090;1071299;1.05;PC; 948.83 ;1;1;1574
HG4037  ;7/8X12    RH TB EYE;73269090;1071315;1.05;PC; 960.23 ;1;1;1593
HG4037  ;7/8X18    RH TB EYE;73269090;1071333;1.05;PC; 1200.28 ;1;1;1991
HG4037  ;1 X12     RH TB EYE;73269090;1071379;1.05;PC; 1165.07 ;1;1;1933
HG4037  ;1 X24     RH TB EYE;73269090;1071413;1.05;PC; 1717.02 ;1;1;2849
HG4037  ;1-1/4X12  RH TB EYE;73269090;1071431;1.05;PC; 1629.32 ;1;1;2703
HG4037  ;1-1/2X12  RH TB EYE;73269090;1071495;1.05;PC; 2279.74 ;1;1;3782
HG4037  ;1-1/2X18  RH TB EYE;73269090;1071510;1.05;PC; 2925.75 ;1;1;4854
HG4037  ;1-1/2X24  RH TB EYE;73269090;1071538;1.05;PC; 3385.94 ;1;1;5617
HG4037  ;2 X24     RH TB EYE;73269090;1071618;1.05;PC; 8820.77 ;1;1;14634
HG4037  ;2-1/2X24  RH TB EYE;73269090;1071636;1.05;PC; 14669.21 ;1;1;24336
HG4037  ;2-3/4X24  RH TB EYE;73269090;1071654;1.05;PC; 18978.6 ;1;1;31485
HG4037  ;1/2X12    LH TB EYE;73269090;1071770;1.05;PC; 425.94 ;1;1;707
HG4037  ;5/8X12    LH TB EYE;73269090;1071832;1.05;PC; 508.13 ;1;1;843
HG4037  ;3/4X9     LH TB EYE;73269090;1071878;1.05;PC; 779.85 ;1;1;1294
HG4037  ;3/4X18    LH TB EYE;73269090;1071912;1.05;PC; 910.81 ;1;1;1511
HG4037  ;7/8X12    LH TB EYE;73269090;1071930;1.05;PC; 960.23 ;1;1;1593
HG4037  ;7/8X18    LH TB EYE;73269090;1071958;1.05;PC; 1200.28 ;1;1;1991
HG4037  ;1 X 6     LH TB EYE;73269090;1071976;1.05;PC; 1147.87 ;1;1;1904
HG4037  ;1 X12     LH TB EYE;73269090;1071994;1.05;PC; 1167.2 ;1;1;1936
HG4037  ;1 X18     LH TB EYE;73269090;1072010;1.05;PC; 1423.64 ;1;1;2362
HG4037  ;1-1/4X12  LH TB EYE;73269090;1072056;1.05;PC; 1551.79 ;1;1;2574
HG4037  ;1-1/4X24  LH TB EYE;73269090;1072092;1.05;PC; 2470.86 ;1;1;4099
HG4037  ;1-1/2X12  LH TB EYE;73269090;1072118;1.05;PC; 2279.74 ;1;1;3782
HG4037  ;1-1/2X18  LH TB EYE;73269090;1072136;1.05;PC; 2925.75 ;1;1;4854
HG4037  ;1-1/2X24  LH TB EYE;73269090;1072154;1.05;PC; 3385.94 ;1;1;5617
HG4037  ;1-3/4X18  LH TB EYE;73269090;1072190;1.05;PC; 5882.52 ;1;1;9759
HG4037  ;1-3/4X24  LH TB EYE;73269090;1072216;1.05;PC; 6275.38 ;1;1;10411
HG4037  ;2 X24     LH TB EYE;73269090;1072234;1.05;PC; 8820.77 ;1;1;14634
HG4037  ;2-1/2X24  LH TB EYE;73269090;1072252;1.05;PC; 15169.41 ;1;1;25166
HG4037  ;2-3/4X24  LH TB EYE;73269090;1072270;1.05;PC; 19921.27 ;1;1;33049
HG4037  ;1/2X9     RH TB JAW;73269090;1072378;1.05;PC; 476.11 ;1;1;790
HG4037  ;1/2X12    RH TB JAW;73269090;1072396;1.05;PC; 492.62 ;1;1;817
HG4037  ;5/8X9     RH TB JAW;73269090;1072430;1.05;PC; 570.68 ;1;1;947
HG4037  ;5/8X12    RH TB JAW;73269090;1072458;1.05;PC; 528.25 ;1;1;876
HG4037  ;3/4X12    RH TB JAW;73269090;1072519;1.05;PC; 898.4 ;1;1;1490
HG4037  ;7/8X12    RH TB JAW;73269090;1072555;1.05;PC; 1111.37 ;1;1;1844
HG4037  ;7/8X18    RH TB JAW;73269090;1072573;1.05;PC; 1365.7 ;1;1;2266
HG4037  ;1 X12     RH TB JAW;73269090;1072617;1.05;PC; 1065.52 ;1;1;1768
HG4037  ;1 X24     RH TB JAW;73269090;1072653;1.05;PC; 1458.33 ;1;1;2419
HG4037  ;1-1/4X12  RH TB JAW;73269090;1072671;1.05;PC; 1700.2 ;1;1;2821
HG4037  ;1-1/4X24  RH TB JAW;73269090;1072715;1.05;PC; 2415.18 ;1;1;4007
HG4037  ;1-1/2X12  RH TB JAW;73269090;1072733;1.05;PC; 3155.08 ;1;1;5234
HG4037  ;1-3/4X24  RH TB JAW;73269090;1072831;1.05;PC; 7627.99 ;1;1;12655
HG4037  ;2 X24     RH TB JAW;73269090;1072859;1.05;PC; 10561.83 ;1;1;17522
HG4037  ;2-1/2X24  RH TB JAW;73269090;1072877;1.05;PC; 19603.84 ;1;1;32523
HG4037  ;2-3/4X24  RH TB JAW;73269090;1072895;1.05;PC; 26837.45 ;1;1;44523
HG4037  ;1/2X9     LH TB JAW;73269090;1072993;1.05;PC; 476.11 ;1;1;790
HG4037  ;1/2X12    LH TB JAW;73269090;1073019;1.05;PC; 516.92 ;1;1;858
HG4037  ;5/8X6     LH TB JAW;73269090;1073037;1.05;PC; 507.73 ;1;1;842
HG4037  ;5/8X9     LH TB JAW;73269090;1073055;1.05;PC; 578.95 ;1;1;960
HG4037  ;5/8X12    LH TB JAW;73269090;1073073;1.05;PC; 611.78 ;1;1;1015
HG4037  ;3/4X12    LH TB JAW;73269090;1073135;1.05;PC; 936.39 ;1;1;1553
HG4037  ;3/4X18    LH TB JAW;73269090;1073153;1.05;PC; 1025.56 ;1;1;1701
HG4037  ;7/8X12    LH TB JAW;73269090;1073171;1.05;PC; 1165.07 ;1;1;1933
HG4037  ;7/8X18    LH TB JAW;73269090;1073199;1.05;PC; 1365.7 ;1;1;2266
HG4037  ;1 X 6     LH TB JAW;73269090;1073215;1.05;PC; 1195.11 ;1;1;1983
HG4037  ;1 X12     LH TB JAW;73269090;1073233;1.05;PC; 1065.52 ;1;1;1768
HG4037  ;1-1/4X12  LH TB JAW;73269090;1073297;1.05;PC; 1971.93 ;1;1;3271
HG4037  ;1-1/4X18  LH TB JAW;73269090;1073313;1.05;PC; 2433.65 ;1;1;4037
HG4037  ;1-1/2X12  LH TB JAW;73269090;1073359;1.05;PC; 3155.08 ;1;1;5234
HG4037  ;1-1/2X24  LH TB JAW;73269090;1073395;1.05;PC; 4626.81 ;1;1;7676
HG4037  ;1-3/4X24  LH TB JAW;73269090;1073457;1.05;PC; 7627.99 ;1;1;12655
HG4037  ;2 X24     LH TB JAW;73269090;1073475;1.05;PC; 10561.83 ;1;1;17522
HG4037  ;2-1/2X24  LH TB JAW;73269090;1073493;1.05;PC; 19603.84 ;1;1;32523
HG4037  ;2-3/4X24  LH TB JAW;73269090;1073518;1.05;PC; 26837.45 ;1;1;44523
HG4060  ;1/4  RH TB LOCKNUT ;73269090;1075115;1.05;PC; 11.05 ;1;1;18
HG4060  ;5/16 RH TB LOCKNUT ;73269090;1075133;1.05;PC; 11.83 ;1;1;20
HG4060  ;3/8  RH TB LOCKNUT ;73269090;1075151;1.05;PC; 20.97 ;1;1;35
HG4060  ;5/8  RH TB LOCKNUT ;73269090;1075213;1.05;PC; 15.97 ;1;1;26
HG4060  ;1-1/4 RH TB LOCKNUT;73269090;1075311;1.05;PC; 96.38 ;1;1;160
HG4060  ;1-1/2 RH TB LOCKNUT;73269090;1075357;1.05;PC; 128.25 ;1;1;213
HG4060  ;1-3/4 RH TB LOCKNUT;73269090;1075393;1.05;PC; 606.01 ;1;1;1005
HG4060  ;2IN  RH TB LOCKNUT ;73269090;1075419;1.05;PC; 495.19 ;1;1;822
HG4060  ;2-1/2 RH TB LOCKNUT;73269090;1075455;1.05;PC; 1262.71 ;1;1;2095
HG4060  ;2-3/4 RH TB LOCKNUT;73269090;1075473;1.05;PC; 2077.74 ;1;1;3447
HG4061  ;3/8  LH TB LOCKNUT ;73269090;1075534;1.05;PC; 20.97 ;1;1;35
HG4061  ;1/2  LH TB LOCKNUT ;73269090;1075570;1.05;PC; 22.8 ;1;1;38
HG4061  ;5/8  LH TB LOCKNUT ;73269090;1075598;1.05;PC; 36.07 ;1;1;60
HG4061  ;3/4  LH TB LOCKNUT ;73269090;1075614;1.05;PC; 58.97 ;1;1;98
HG4061  ;7/8  LH TB LOCKNUT ;73269090;1075632;1.05;PC; 69.45 ;1;1;115
HG4061  ;1IN  LH TB LOCKNUT ;73269090;1075650;1.05;PC; 92.06 ;1;1;153
HG4061  ;1-3/4 LH TB LOCKNUT;73269090;1075776;1.05;PC; 1223.64 ;1;1;2030
HG4061  ;2-3/4 LH TB LOCKNUT;73269090;1075856;1.05;PC; 2731.84 ;1;1;4532
G4063   ;1/4  TB BOLT & NUT ;73269090;1089636;1.05;PC; 18.28 ;1;1;30
G4065   ;1IN TB PIN ASSY  TB;73269090;1097761;1.05;PC; 165.83 ;1;1;275
HG227   ;2-3/4X24 J&E TRNBKL;73269090;1032475;1.05;PC; 33220.43 ;1;1;55113
HG228;1X12   JAW&JAW TBKL;73269090;1032812;1.05;PC; 3559.91 ;1;1;5906
HG228;1-1/2X18 J&J TRNBKL;73269090;1032956;1.05;PC; 6580.93 ;1;1;10918
HG2510  ;1-1/4X24 TRBKL BODY;73269090;1034375;1.05;PC; 2298.98 ;1;1;3814
HG2510  ;2-3/4X24 TRBKL BODY;73269090;1034696;1.05;PC; 14515.31 ;1;1;24081
HG4037  ;3/4X18   RH TB HOOK;73269090;1070254;1.05;PC; 918.29 ;1;1;1523
HG4037  ;1 X24    RH TB HOOK;73269090;1070370;1.05;PC; 1661.23 ;1;1;2756
HG4037  ;3/4X18   LH TB HOOK;73269090;1070771;1.05;PC; 918.29 ;1;1;1523
HG4037  ;1 X24    LH TB HOOK;73269090;1070897;1.05;PC; 1661.23 ;1;1;2756
HG4037  ;1 X18     RH TB EYE;73269090;1071397;1.05;PC; 1194.35 ;1;1;1981
HG4037  ;1-1/4X18  RH TB EYE;73269090;1071459;1.05;PC; 1951.88 ;1;1;3238
HG4037  ;1-1/4X18  LH TB EYE;73269090;1072074;1.05;PC; 1951.88 ;1;1;3238
HG4037  ;1 X18     RH TB JAW;73269090;1072635;1.05;PC; 1679.5 ;1;1;2786
HG4037  ;1-1/4X18  RH TB JAW;73269090;1072699;1.05;PC; 1918.69 ;1;1;3183
HG4037  ;1-1/2X18  RH TB JAW;73269090;1072751;1.05;PC; 3453.28 ;1;1;5729
HG4037  ;1-3/4X18  RH TB JAW;73269090;1072813;1.05;PC; 4815.45 ;1;1;7989
HG4037  ;1 X18     LH TB JAW;73269090;1073251;1.05;PC; 1679.5 ;1;1;2786
HG4037  ;1 X24     LH TB JAW;73269090;1073279;1.05;PC; 1943.07 ;1;1;3224
HG4037  ;1-1/4X24  LH TB JAW;73269090;1073331;1.05;PC; 3289.75 ;1;1;5458
HG4037  ;1-1/2X18  LH TB JAW;73269090;1073377;1.05;PC; 3453.28 ;1;1;5729
HG4037  ;1-3/4X18  LH TB JAW;73269090;1073439;1.05;PC; 4815.45 ;1;1;7989
HG4060  ;3/4  RH TB LOCKNUT ;73269090;1075231;1.05;PC; 38.19 ;1;1;63
HG4060  ;7/8  RH TB LOCKNUT ;73269090;1075259;1.05;PC; 35.98 ;1;1;60
HG4061  ;2-1/2 LH TB LOCKNUT;73269090;1075838;1.05;PC; 1738.09 ;1;1;2883
HG226   ;2-1/2X24 E&E TRNBKL;73269090;1031831;1.05;PC; 38323.73 ;1;1;63579
HG226   ;2-3/4X24 E&E TRNBKL;73269090;1031859;1.05;PC; 40528.66 ;1;1;67237
HG226;HG226 800LB TRNBKL EYE/EYE 5/16 X 4.50;73269090;1031270;1.05;PC; 646.93 ;1;1;1073
HG226;HG226 1200LB TRNBKL EYE/EYE 3/8 X 6.00;73269090;1031298;1.05;PC; 1424.83 ;1;1;2364
HG226;HG226 2200LB TRNBKL EYE/EYE 1/2 X 6.00;73269090;1031314;1.05;PC; 2732.56 ;1;1;4533
HG226;HG226 2200LB TRNBKL EYE/EYE 1/2 X 12.00;73269090;1031350;1.05;PC; 1773.67 ;1;1;2943
HG226;HG226 3500LB TRNBKL EYE/EYE 5/8 X 6.00;73269090;1031378;1.05;PC; 2150.74 ;1;1;3568
HG226;HG226 3500LB TRNBKL EYE/EYE 5/8 X 12.00;73269090;1031412;1.05;PC; 2020.76 ;1;1;3352
HG226;HG226 5200LB TRNBKL EYE/EYE 3/4 X 6.00;73269090;1031430;1.05;PC; 2178.97 ;1;1;3615
HG226;HG226 5200LB TRNBKL EYE/EYE 3/4 X 12.00;73269090;1031476;1.05;PC; 2244.57 ;1;1;3724
HG226;HG226 5200LB TRNBKL EYE/EYE 3/4 X 18.00;73269090;1031494;1.05;PC; 2561.48 ;1;1;4249
HG226;HG226 7200LB TRNBKL EYE/EYE 7/8 X 12.00;73269090;1031519;1.05;PC; 2525.08 ;1;1;4189
HG226;HG226 7200LB TRNBKL EYE/EYE 7/8 X 18.00;73269090;1031537;1.05;PC; 2786.78 ;1;1;4623
HG226;HG226 10000LB TRNBKL EYE/EYE 1 X 6.00;73269090;1031555;1.05;PC; 3667.67 ;1;1;6085
HG226;HG226 10000LB TRNBKL EYE/EYE 1 X 12.00;73269090;1031573;1.05;PC; 3041.04 ;1;1;5045
HG226;HG226 10000LB TRNBKL EYE/EYE 1 X 18.00;73269090;1031591;1.05;PC; 2781.58 ;1;1;4615
HG226;HG226 10000LB TRNBKL EYE/EYE 1 X 24.00;73269090;1031617;1.05;PC; 3221.53 ;1;1;5345
HG226;HG226 15200LB TRNBKL EYE/EYE 1-1/4 X 12;73269090;1031635;1.05;PC; 3858.81 ;1;1;6402
HG226;HG226 15200LB TRNBKL EYE/EYE 1-1/4 X 18;73269090;1031653;1.05;PC; 4641.41 ;1;1;7700
HG226;HG226 15200LB TRNBKL EYE/EYE 1-1/4 X 24;73269090;1031671;1.05;PC; 6717.49 ;1;1;11144
HG226;HG226 21400LB TRNBKL EYE/EYE 1-1/2 X 12;73269090;1031699;1.05;PC; 3938.77 ;1;1;6534
HG226;HG226 21400LB TRNBKL EYE/EYE 1-1/2 X 18;73269090;1031715;1.05;PC; 7883.05 ;1;1;13078
HG226;HG226 28000LB TRNBKL EYE/EYE 1-3/4 X 18;73269090;1031779;1.05;PC; 17986.33 ;1;1;29839
HG226;HG226 28000LB TRNBKL EYE/EYE 1-3/4 X 24;73269090;1031797;1.05;PC; 18637.95 ;1;1;30920
HG227;HG227 800LB TRNBKL JAW/EYE 5/16 X 4.50;73269090;1031895;1.05;PC; 1660.75 ;1;1;2755
HG227;HG227 1200LB TRNBKL JAW/EYE 3/8 X 6.00;73269090;1031911;1.05;PC; 1620.31 ;1;1;2688
HG227;HG227 2200LB TRNBKL JAW/EYE 1/2 X 6.00;73269090;1031939;1.05;PC; 2767.24 ;1;1;4591
HG227;HG227 2200LB TRNBKL JAW/EYE 1/2 X 9.00;73269090;1031957;1.05;PC; 1957.97 ;1;1;3248
HG227;HG227 2200LB TRNBKL JAW/EYE 1/2 X 12.00;73269090;1031975;1.05;PC; 1999.17 ;1;1;3317
HG227;HG227 3500LB TRNBKL JAW/EYE 5/8 X 6.00;73269090;1031993;1.05;PC; 2157.89 ;1;1;3580
HG227;HG227 3500LB TRNBKL JAW/EYE 5/8 X 9.00;73269090;1032019;1.05;PC; 2588.81 ;1;1;4295
HG227;HG227 3500LB TRNBKL JAW/EYE 5/8 X 12.00;73269090;1032037;1.05;PC; 2121.5 ;1;1;3520
HG227;HG227 5200LB TRNBKL JAW/EYE 3/4 X 6.00;73269090;1032055;1.05;PC; 2133.37 ;1;1;3539
HG227;HG227 5200LB TRNBKL JAW/EYE 3/4 X 9.00;73269090;1032073;1.05;PC; 2557.47 ;1;1;4243
HG227;HG227 5200LB TRNBKL JAW/EYE 3/4 X 12.00;73269090;1032091;1.05;PC; 2125.79 ;1;1;3527
HG227;HG227 7200LB TRNBKL JAW/EYE 7/8 X 12.00;73269090;1032135;1.05;PC; 2706.59 ;1;1;4490
HG227;HG227 7200LB TRNBKL JAW/EYE 7/8 X 18.00;73269090;1032153;1.05;PC; 2993.7 ;1;1;4967
HG227;HG227 10000LB TRNBKL JAW/EYE 1 X 6.00;73269090;1032171;1.05;PC; 3541.89 ;1;1;5876
HG227;HG227 10000LB TRNBKL JAW/EYE 1 X 12.00;73269090;1032199;1.05;PC; 2868.09 ;1;1;4758
HG227;HG227 10000LB TRNBKL JAW/EYE 1 X 18.00;73269090;1032215;1.05;PC; 2930.26 ;1;1;4861
HG227;HG227 15200LB TRNBKL JAW/EYE 1-1/4 X 12;73269090;1032251;1.05;PC; 3910.64 ;1;1;6488
HG227;HG227 15200LB TRNBKL JAW/EYE 1-1/4 X 18;73269090;1032279;1.05;PC; 4538.7 ;1;1;7530
HG227;HG227 15200LB TRNBKL JAW/EYE 1-1/4 X 24;73269090;1032297;1.05;PC; 6958.17 ;1;1;11544
HG227;HG227 21400LB TRNBKL JAW/EYE 1-1/2 X 12;73269090;1032313;1.05;PC; 4915.02 ;1;1;8154
HG228;HG228 800LB TRNBKL JAW/JAW 5/16 X 4.50;73269090;1032518;1.05;PC; 1631.95 ;1;1;2707
HG228;HG228 1200LB TRNBKL JAW/JAW 3/8 X 6.00;73269090;1032536;1.05;PC; 1683.58 ;1;1;2793
HG228;HG228 2200LB TRNBKL JAW/JAW 1/2 X 6.00;73269090;1032554;1.05;PC; 1819.21 ;1;1;3018
HG228;HG228 2200LB TRNBKL JAW/JAW 1/2 X 9.00;73269090;1032572;1.05;PC; 1805.21 ;1;1;2995
HG228;HG228 2200LB TRNBKL JAW/JAW 1/2 X 12.00;73269090;1032590;1.05;PC; 1785.16 ;1;1;2962
HG228;HG228 3500LB TRNBKL JAW/JAW 5/8 X 6.00;73269090;1032616;1.05;PC; 1877.69 ;1;1;3115
HG228;HG228 3500LB TRNBKL JAW/JAW 5/8 X 9.00;73269090;1032634;1.05;PC; 1925.44 ;1;1;3194
HG228;HG228 3500LB TRNBKL JAW/JAW 5/8 X 12.00;73269090;1032652;1.05;PC; 1887.28 ;1;1;3131
HG228;HG228 5200LB TRNBKL JAW/JAW 3/4 X 6.00;73269090;1032670;1.05;PC; 1994.02 ;1;1;3308
HG228;HG228 5200LB TRNBKL JAW/JAW 3/4 X 9.00;73269090;1032698;1.05;PC; 2220.28 ;1;1;3683
HG2510;HG2510 800LB TRNBKL BODY 5/16 X 4.50;73269090;1033919;1.05;PC; 343.43 ;1;1;570
HG2510;HG2510 1200LB TRNBKL BODY 3/8 X 6.00;73269090;1033937;1.05;PC; 260.28 ;1;1;432
HG2510;HG2510 2200LB TRNBKL BODY 1/2 X 6.00;73269090;1033955;1.05;PC; 1180.06 ;1;1;1958
HG2510;HG2510 2200LB TRNBKL BODY 1/2 X 9.00;73269090;1033973;1.05;PC; 462.76 ;1;1;768
HG2510;HG2510 3500LB TRNBKL BODY 5/8 X 6.00;73269090;1034017;1.05;PC; 422.18 ;1;1;700
HG2510;HG2510 3500LB TRNBKL BODY 5/8 X 9.00;73269090;1034035;1.05;PC; 527.39 ;1;1;875
HG2510;HG2510 5200LB TRNBKL BODY 3/4 X 9.00;73269090;1034099;1.05;PC; 817.66 ;1;1;1356
HG2510;HG2510 10000LB TRNBKL BODY 1 X 6.00;73269090;1034213;1.05;PC; 1087.64 ;1;1;1804
HG2510;HG2510 21400LB TRNBKL BODY 1-1/2 X 12;73269090;1034437;1.05;PC; 2213.23 ;1;1;3672
HG4037;HK TB RH GL .313X 4.50;73269090;1070030;1.05;PC; 2302.12 ;1;1;3819
HG4037;HG4037 TRNBKL RH EYE 5/16 X 4.50;73269090;1071075;1.05;PC; 2231.97 ;1;1;3703
HG4037;HG4037 TRNBKL RH EYE 3/8 X 6.00;73269090;1071093;1.05;PC; 766.49 ;1;1;1272
HG4037;HG4037 TRNBKL RH EYE 1/2 X 6.00;73269090;1071119;1.05;PC; 749.73 ;1;1;1244
HG4037;HG4037 TRNBKL RH EYE 1/2 X 9.00;73269090;1071137;1.05;PC; 717.74 ;1;1;1191
HG4037;HG4037 TRNBKL RH EYE 5/8 X 6.00;73269090;1071173;1.05;PC; 795.38 ;1;1;1320
HG4037;HG4037 TRNBKL RH EYE 5/8 X 9.00;73269090;1071191;1.05;PC; 877.44 ;1;1;1456
HG4037;HG4037 TRNBKL RH EYE 3/4 X 6.00;73269090;1071235;1.05;PC; 842.59 ;1;1;1398
HG4037;HG4037 TRNBKL RH EYE 3/4 X 9.00;73269090;1071253;1.05;PC; 785.24 ;1;1;1303
HG4037;HG4037 TRNBKL RH EYE 3/4 X 12.00;73269090;1071271;1.05;PC; 894.86 ;1;1;1485
HG4037;HG4037 TRNBKL RH EYE 1 X 6.00;73269090;1071351;1.05;PC; 1164.62 ;1;1;1932
HG4037;HG4037 TRNBKL RH EYE 1-1/4 X 24;73269090;1071477;1.05;PC; 3408.95 ;1;1;5655
HG4037;HG4037 TRNBKL RH EYE 1-3/4 X 18;73269090;1071574;1.05;PC; 7918.56 ;1;1;13137
HG4037;HG4037 TRNBKL LH EYE 5/16 X 4.50;73269090;1071690;1.05;PC; 2052.43 ;1;1;3405
HG4037;HG4037 TRNBKL LH EYE 3/8 X 6.00;73269090;1071716;1.05;PC; 713.11 ;1;1;1183
HG4037;HG4037 TRNBKL LH EYE 1/2 X 6.00;73269090;1071734;1.05;PC; 749.73 ;1;1;1244
HG4037;HG4037 TRNBKL LH EYE 1/2 X 9.00;73269090;1071752;1.05;PC; 717.74 ;1;1;1191
HG4037;HG4037 TRNBKL LH EYE 5/8 X 6.00;73269090;1071798;1.05;PC; 795.38 ;1;1;1320
HG4037;HG4037 TRNBKL LH EYE 5/8 X 9.00;73269090;1071814;1.05;PC; 883.17 ;1;1;1465
HG4037;HG4037 TRNBKL LH EYE 3/4 X 6.00;73269090;1071850;1.05;PC; 842.59 ;1;1;1398
HG4037;HG4037 TRNBKL LH EYE 3/4 X 12.00;73269090;1071896;1.05;PC;847;1;1;1405
HG4037;HG4037 TRNBKL RH JAW 5/16 X 4.50;73269090;1072314;1.05;PC; 757.89 ;1;1;1257
HG4037;HG4037 TRNBKL RH JAW 3/8 X 6.00;73269090;1072332;1.05;PC; 939.64 ;1;1;1559
HG4037;HG4037 TRNBKL RH JAW 1/2 X 6.00;73269090;1072350;1.05;PC; 701.42 ;1;1;1164
HG4037;HG4037 TRNBKL RH JAW 5/8 X 6.00;73269090;1072412;1.05;PC; 766.27 ;1;1;1271
HG4037;HG4037 TRNBKL RH JAW 3/4 X 6.00;73269090;1072476;1.05;PC; 777.08 ;1;1;1289
HG4037;HG4037 TRNBKL RH JAW 3/4 X 9.00;73269090;1072494;1.05;PC; 802.66 ;1;1;1332
HG4037;HG4037 TRNBKL RH JAW 1 X 6.00;73269090;1072591;1.05;PC; 996.55 ;1;1;1653
HG4037;HG4037 TRNBKL LH JAW 5/16 X 4.50;73269090;1072939;1.05;PC; 3321.82 ;1;1;5511
HG4037;HG4037 TRNBKL LH JAW 3/8 X 6.00;73269090;1072957;1.05;PC; 3368.59 ;1;1;5588
HG4037;HG4037 TRNBKL LH JAW 1/2 X 6.00;73269090;1072975;1.05;PC; 701.42 ;1;1;1164
HG4037;HG4037 TRNBKL LH JAW 3/4 X 6.00;73269090;1073091;1.05;PC; 777.08 ;1;1;1289
HG4037;HG4037 TRNBKL LH JAW 3/4 X 9.00;73269090;1073117;1.05;PC; 802.66 ;1;1;1332
HG4060;HG4060 TRNBKL LOCK NUT 1.12-7 RH;73269090;1075295;1.05;PC; 15.22 ;1;1;25
HG4061;HG4061 TRNBKL LOCK NUT 1/4-20 LH;73269090;1075491;1.05;PC; 21.17 ;1;1;35
HG4061;HG4061 TRNBKL LOCK NUT 5/16-18 LH;73269090;1075516;1.05;PC;45;1;1;75
HG4061;HG4061 TRNBKL LOCK NUT 1.12-7 LH;73269090;1075678;1.05;PC; 99.7 ;1;1;165
HG4061;HG4061 TRNBKL LOCK NUT 2.00-4.5 LH;73269090;1075794;1.05;PC; 2090.81 ;1;1;3469
HG4061  ;1-1/2 LH TB LOCKNUT;73269090;1075730;1.05;PC; 580.11 ;1;1;962
JW5T;JUMBOWEIGHER 5T;90318060;2789033;1.0325;PC; 9387.66 ;1;1;15315
LBP1T;LOADBLOCK+ 1T;90318060;2789034;1.0325;PC; 12133.25 ;1;1;19794
LBP2T;LOADBLOCK+ 2T;90318060;2789036;1.0325;PC; 12393.81 ;1;1;20219
LBP500KG;LOADBLOCK+ 500kg;90318060;2789037;1.0325;PC; 12133.25 ;1;1;19794
LBP5T;LOADBLOCK+ 5T;90318060;2789038;1.0325;PC; 14123.1 ;1;1;23040
LLP100T;LOADLINK+ 100T;90318060;2789039;1.0325;PC; 29226.58 ;1;1;47679
LLP12T;LOADLINK+ 12T;90318060;2789040;1.0325;PC; 10197.97 ;1;1;16636
LLP150T;LOADLINK+ 150T;90318060;2789041;1.0325;PC; 33944.28 ;1;1;55375
LLP1T;LOADLINK+ 1T;90318060;2789042;1.0325;PC; 9004.79 ;1;1;14690
LLP200T;LOADLINK+ 200T;90318060;2789043;1.0325;PC; 59796.39 ;1;1;97549
LLP250T;LOADLINK+ 250T;90318060;2789044;1.0325;PC; 59796.39 ;1;1;97549
LLP25T;LOADLINK+ 25T;90318060;2789045;1.0325;PC; 11193.35 ;1;1;18260
LLP2T5;LOADLINK+ 2.5T;90318060;2789046;1.0325;PC; 8997.51 ;1;1;14678
LLP300T;LOADLINK+ 300T;90318060;2789047;1.0325;PC; 153784.43 ;1;1;250876
LLP35T;LOADLINK+ 35T;90318060;2789048;1.0325;PC; 13664.75 ;1;1;22292
LLP55T;LOADLINK+ 55T;90318060;2789049;1.0325;PC; 17744.48 ;1;1;28947
LLP6T5;LOADLINK+ 6.5T;90318060;2789050;1.0325;PC; 9490.43 ;1;1;15482
LLP75T;LOADLINK+ 75T;90318060;2789051;1.0325;PC; 18725.31 ;1;1;30548
MTIMH10T;MINI TNSIOMETR 10T;90318060;2789053;1.0325;PC; 17701.28 ;1;1;28877
MTIMH10TRD;MINI TNSIOMETR 10T;90318060;2789054;1.0325;PC; 32571.03 ;1;1;53135
MWP100KG;MINIWEIGHER+ 100kg;90318060;2789055;1.0325;PC; 12355.61 ;1;1;20156
MWP1T;MINIWEIGHER+ 1T;90318060;2789056;1.0325;PC; 12693.01 ;1;1;20707
MWP250KG;MINIWEIGHER+ 250kg;90318060;2789057;1.0325;PC; 11036.93 ;1;1;18005
MWP2T;MINIWEIGHER+ 2T;90318060;2789058;1.0325;PC; 14110.37 ;1;1;23019
MWP500KG;MINIWEIGHER+ 500kg;90318060;2789059;1.0325;PC; 12693.01 ;1;1;20707
MWP5T;MINIWEIGHER+ 5T;90318060;2789060;1.0325;PC; 15895.59 ;1;1;25931
NI100TC;COMPRESSION LOADCELL 100T;90318060;2789061;1.0325;PC; 22868.7 ;1;1;37307
NI10TC;COMPRESSION LOADCELL 10T;90318060;2789062;1.0325;PC; 5399.33 ;1;1;8808
NI150TC;COMPRESSION LOADCELL 150T;90318060;2789063;1.0325;PC; 21155.78 ;1;1;34512
NI300TC;COMPRESSION LOADCELL 300T;90318060;2789064;1.0325;PC; 36167.4 ;1;1;59002
NI25TC;COMPRESSION LOADCELL 25T;90318060;2789065;1.0325;PC; 5541.65 ;1;1;9040
NI500TC;COMPRESSION LOADCELL 500T;90318060;2789066;1.0325;PC; 36167.4 ;1;1;59002
NI50TC;COMPRESSION LOADCELL 50T;90318060;2789067;1.0325;PC; 10478.99 ;1;1;17095
NI5TC;COMPRESSION LOADCELL 5T;90318060;2789068;1.0325;PC; 5494.82 ;1;1;8964
BLD6T5;DYNAMOMETR BLUELINK;90318060;2789218;1.0325;PC; 10867.77 ;1;1;17729
NI1000TC;COMPRESSION 1000T;90318060;2789275;1.0325;PC; 171065.09 ;1;1;279067
LP500KG;LOADPIN 500kg;90318060;2789276;1.0325;PC; 15339.93 ;1;1;25025
LP1T;LOADPIN 1T;90318060;2789277;1.0325;PC; 15221.7 ;1;1;24832
LP2.5T;LOADPIN 2.5T;90318060;2789278;1.0325;PC; 15753.72 ;1;1;25700
LP3.5T;LOADPIN 3.5T;90318060;2789279;1.0325;PC; 17054.22 ;1;1;27821
LP6.5T;LOADPIN 6.5T;90318060;2789280;1.0325;PC; 19182.3 ;1;1;31293
LP15T;LOADPIN 15T;90318060;2789281;1.0325;PC; 20482.79 ;1;1;33415
LP25T;LOADPIN 25T;90318060;2789282;1.0325;PC; 23290.68 ;1;1;37995
LP50T;LOADPIN 50T;90318060;2789283;1.0325;PC; 25418.76 ;1;1;41467
LP100T;LOADPIN 100T;90318060;2789284;1.0325;PC; 26512.36 ;1;1;43251
LP250T;LOADPIN 250T;90318060;2789285;1.0325;PC; 35922.76 ;1;1;58603
LP500T;LOADPIN 500T;90318060;2789286;1.0325;PC; 51872.01 ;1;1;84621
LP750T;LOADPIN 750T;90318060;2789287;1.0325;PC; 63635.58 ;1;1;103812
LP1000T;LOADPIN 1000T;90318060;2789288;1.0325;PC; 115182.46 ;1;1;187903
LP1500T;LOADPIN 1500T;90318060;2789289;1.0325;PC; 210000.36 ;1;1;342584
INSIGHT;LOGGING & CofG SOFTWARE;90318060;2789318;1.0325;PC; 2410.01 ;1;1;3932
4 WAY SIMULATOR;TREADSTONE;90318060;2789347;1.0325;PC; 24964.04 ;1;1;40725
COLT5T;CLAMP ON LINE TNSIOMETR;90318060;2789000;1.0325;PC; 38049.18 ;1;1;62072
CP100T;COMPOUND+ 100T;90318060;2789001;1.0325;PC; 33389.07 ;1;1;54469
CP100T-BLE;BLUETOOTH COMPOUND+ 100T;90318060;2789002;1.0325;PC; 28054.77 ;1;1;45767
CP12T-BLE;BLUETOOTH COMPOUND+ 12T;90318060;2789003;1.0325;PC; 8959.32 ;1;1;14616
CP150T-BLE;BLUETOOTH COMPOUND+ 150T;90318060;2789004;1.0325;PC; 32787.48 ;1;1;53488
CP1T-BLE;BLUETOOTH COMPOUND+ 1T;90318060;2789005;1.0325;PC; 7716.12 ;1;1;12588
CP200T-BLE;BLUETOOTH COMPOUND+ 200T;90318060;2789006;1.0325;PC; 58557.74 ;1;1;95528
CP250T-BLE;BLUETOOTH COMPOUND+ 250T;90318060;2789007;1.0325;PC; 58557.74 ;1;1;95528
CP25T-BLE;BLUETOOTH COMPOUND+ 25T;90318060;2789008;1.0325;PC; 9913.77 ;1;1;16173
CP2T5-BLE;BLUETOOTH COMPOUND+ 2.5T;90318060;2789009;1.0325;PC; 7716.12 ;1;1;12588
CP300T-BLE;BLUETOOTH COMPOUND+ 300T;90318060;2789010;1.0325;PC; 152565.78 ;1;1;248888
CP35T-BLE;BLUETOOTH COMPOUND+ 35T;90318060;2789011;1.0325;PC; 12448.37 ;1;1;20308
CP500T-BLE;BLUETOOTH COMPOUND+ 500T;90318060;2789012;1.0325;PC; 233679.83 ;1;1;381214
CP55T-BLE;BLUETOOTH COMPOUND+ 55T;90318060;2789013;1.0325;PC; 15286.73 ;1;1;24938
CP6T5-BLE;BLUETOOTH COMPOUND+ 6.5T;90318060;2789014;1.0325;PC; 8251.78 ;1;1;13462
CP75T-BLE;BLUETOOTH COMPOUND+ 75T;90318060;2789015;1.0325;PC; 17440.73 ;1;1;28452
CP12T;COMPOUND+ 12T;90318060;2789016;1.0325;PC; 14252.7 ;1;1;23251
CP150T;COMPOUND+ 150T;90318060;2789017;1.0325;PC; 38121.78 ;1;1;62190
CP1T;COMPOUND+ 1T;90318060;2789018;1.0325;PC; 13050.42 ;1;1;21290
CP200T;COMPOUND+ 200T;90318060;2789019;1.0325;PC; 63892.04 ;1;1;104230
CP250T;COMPOUND+ 250T;90318060;2789020;1.0325;PC; 63892.04 ;1;1;104230
CP25T;COMPOUND+ 25T;90318060;2789021;1.0325;PC; 15248.07 ;1;1;24875
CP2T5;COMPOUND+ 2.5T;90318060;2789022;1.0325;PC; 13050.42 ;1;1;21290
CP300T;COMPOUND+ 300T;90318060;2789023;1.0325;PC; 157900.08 ;1;1;257590
CP35T;COMPOUND+ 35T;90318060;2789024;1.0325;PC; 17782.68 ;1;1;29010
CP500T;COMPOUND+ 500T;90318060;2789025;1.0325;PC; 239014.13 ;1;1;389916
CP55T;COMPOUND+ 55T;90318060;2789026;1.0325;PC; 20621.03 ;1;1;33640
CP6T5;COMPOUND+ 6.5T;90318060;2789027;1.0325;PC; 13545.61 ;1;1;22098
CP75T;COMPOUND+ 75T;90318060;2789028;1.0325;PC; 22775.03 ;1;1;37154
SID6T5;SID6T5 6.5TE SELF INDICATING DYNAMOMETER;90318060;2789709;1.0325;PC; 10078.61 ;1;1;16442
HHP;HANDHELD+;90318060;2789030;1.0325;PC; 4920.51 ;1;1;8027
RLP100T;RADIOLINK+ 100T;90318060;2789081;1.0325;PC;44.441;1;1;72499
RLP12T;RADIOLINK+ 12T;90318060;2789082;1.0325;PC; 25308.72 ;1;1;41287
RLP150T;RADIOLINK+ 150T;90318060;2789083;1.0325;PC; 49157.8 ;1;1;80194
RLP1T;RADIOLINK+ 1T;90318060;2789084;1.0325;PC; 24142.37 ;1;1;39385
RLP200T;RADIOLINK+ 200T;90318060;2789085;1.0325;PC; 74948.06 ;1;1;122267
RLP250KG;RADIOLINK+ 250kg;90318060;2789086;1.0325;PC; 24201.03 ;1;1;39480
RLP250T;RADIOLINK+ 250T;90318060;2789087;1.0325;PC; 74948.06 ;1;1;122267
RLP25T;RADIOLINK+ 25T;90318060;2789088;1.0325;PC; 26345.48 ;1;1;42979
RLP2T5;RADIOLINK+ 2.5T;90318060;2789089;1.0325;PC; 24106.45 ;1;1;39326
RLP300T;RADIOLINK+ 300T;90318060;2789090;1.0325;PC; 175708.68 ;1;1;286642
RLP35T;RADIOLINK+ 35T;90318060;2789091;1.0325;PC; 28357.61 ;1;1;46261
RLP500T;RADIOLINK+ 500T;90318060;2789092;1.0325;PC; 249716.38 ;1;1;407375
RLP55T;RADIOLINK+ 55T;90318060;2789093;1.0325;PC; 31689.79 ;1;1;51697
RLP6T5;RADIOLINK+ 6.5T;90318060;2789094;1.0325;PC; 24737.59 ;1;1;40356
RLP75T;RADIOLINK+ 75T;90318060;2789095;1.0325;PC; 33811.05 ;1;1;55158
SA-3420;EXTRNAL AMPLIFIER;90318060;2789096;1.0325;PC; 6911.72 ;1;1;11275
SA700C;WIREL LOADCELL TRANSMITTR;90318060;2789097;1.0325;PC; 12042.31 ;1;1;19645
SLB120T;LOADSHACKLE 120T;90318060;2789102;1.0325;PC; 52610.47 ;1;1;85826
SLB12T;LOADSHACKLE 12T;90318060;2789103;1.0325;PC; 10069.29 ;1;1;16427
SLB200T;LOADSHACKLE 200T;90318060;2789104;1.0325;PC; 109306.59 ;1;1;178317
SLB25T;LOADSHACKLE 25T;90318060;2789105;1.0325;PC; 13965.77 ;1;1;22783
SLB3.25T;LOADSHACKLE 3.25T;90318060;2789106;1.0325;PC; 7487.85 ;1;1;12215
SLB300T;LOADSHACKLE 300T;90318060;2789107;1.0325;PC; 150200.79 ;1;1;245030
SLB400T;LOADSHACKLE 400T;90318060;2789108;1.0325;PC; 212459.48 ;1;1;346596
SLB500T;LOADSHACKLE 500T;90318060;2789109;1.0325;PC; 225873.67 ;1;1;368479
SLB55T;LOADSHACKLE 55T;90318060;2789110;1.0325;PC; 24517.97 ;1;1;39997
SLB6.5T;LOADSHACKLE 6.5T;90318060;2789111;1.0325;PC; 7552.42 ;1;1;12321
SLB85T;LOADSHACKLE 85T;90318060;2789112;1.0325;PC; 37292.83 ;1;1;60838
STC10T;TNSION & COMPRESSION 10T;90318060;2789114;1.0325;PC; 22967.38 ;1;1;37468
STC150T;TNSION & COMPRESSION 150T;90318060;2789115;1.0325;PC; 80540.65 ;1;1;131390
STC1T;TNSION & COMPRESSION 1T;90318060;2789116;1.0325;PC; 15646.41 ;1;1;25525
STC20T;TNSION & COMPRESSION 20T;90318060;2789117;1.0325;PC; 23876.81 ;1;1;38951
STC2T;TNSION & COMPRESSION 2T;90318060;2789118;1.0325;PC; 15646.41 ;1;1;25525
STC30T;TNSION & COMPRESSION 30T;90318060;2789119;1.0325;PC; 40246.68 ;1;1;65656
STC3T;TNSION & COMPRESSION 3T;90318060;2789120;1.0325;PC; 17374.34 ;1;1;28344
STC50T;TNSION & COMPRESSION 50T;90318060;2789121;1.0325;PC; 40246.68 ;1;1;65656
STC5T;TNSION & COMPRESSION 5T;90318060;2789122;1.0325;PC; 17374.34 ;1;1;28344
STC7.5T;TNSION & COMPRESSION 7.5T;90318060;2789123;1.0325;PC; 22967.38 ;1;1;37468
STC75T;TNSION & COMPRESSION 75T;90318060;2789124;1.0325;PC; 61897.19 ;1;1;100976
SW-HHP;WIRELESS HANDHELD CONTRLR;90318060;2789126;1.0325;PC; 11053.75 ;1;1;18033
SW-OAM;WIRELESS OVERLOAD ALARM;90318060;2789129;1.0325;PC; 16632.24 ;1;1;27133
SW-SD;WIRELESS SLAVE DISPLAY;90318060;2789132;1.0325;PC; 26290.46 ;1;1;42889
TIMH10T;RUNNING LINE TNSIOMTR 10T;90318060;2789133;1.0325;PC; 122270.62 ;1;1;199466
WLS400TWB;WIREL LOADSHACKLE 400T WB;90318060;2789134;1.0325;PC; 313391.98 ;1;1;511252
TIMH10TRD;RUNNING LINE TNSIOMETR;90318060;2789136;1.0325;PC; 137676.48 ;1;1;224599
TIMH25T;RUNNING LINE TNSIOMETR;90318060;2789137;1.0325;PC; 120876.9 ;1;1;197193
WNI1000TC;LoadSafe 1000T;90318060;2789138;1.0325;PC; 179613.8 ;1;1;293013
TIMH25TRD;RUNNING LINE TNSIOMETR;90318060;2789139;1.0325;PC; 137774.24 ;1;1;224758
TIMH56T;RUNNING LINE TNSIOMETR;90318060;2789141;1.0325;PC; 102228.44 ;1;1;166770
WNI1000TC-BLE;BT LoadSafe 1000T;90318060;2789142;1.0325;PC; 175066.61 ;1;1;285595
TIMH56TRD;RUNNING LINE TNSIOMETR;90318060;2789144;1.0325;PC; 119125.78 ;1;1;194336
TIMH150T;RUNNING LINE TNSIOMETR;90318060;2789145;1.0325;PC; 265055.4 ;1;1;432398
TIMH80TRD;RUNNING LINE TNSIOMETR;90318060;2789146;1.0325;PC; 137774.24 ;1;1;224758
TIMH80T;RUNNING LINE TNSIOMETR;90318060;2789148;1.0325;PC; 122182.86 ;1;1;199323
WCOGS;CENTR OF GRAVITY SOFTWARE;90318060;2789149;1.0325;PC; 7671.56 ;1;1;12515
WIB6T;IMPACT BLOCK 6T;90318060;2789150;1.0325;PC; 34762.77 ;1;1;56710
WLP100T;WIRELINK+ 100T;90318060;2789151;1.0325;PC; 26503.27 ;1;1;43236
WLP12T;WIRELINK+ 12T;90318060;2789152;1.0325;PC; 7554.69 ;1;1;12324
WLP150T;WIRELINK+ 150T;90318060;2789153;1.0325;PC; 31220.97 ;1;1;50932
WLP1T;WIRELINK+ 1T;90318060;2789154;1.0325;PC; 6316.49 ;1;1;10304
WLP200T;WIRELINK+ 200T;90318060;2789155;1.0325;PC; 57442.31 ;1;1;93709
WLP250T;WIRELINK+ 250T;90318060;2789156;1.0325;PC; 57442.31 ;1;1;93709
WLP25T;WIRELINK+ 25T;90318060;2789157;1.0325;PC; 8514.15 ;1;1;13890
WLP2T5;WIRELINK+ 2.5T;90318060;2789158;1.0325;PC; 6316.49 ;1;1;10304
WLP300T;WIRELINK+ 300T;90318060;2789159;1.0325;PC; 151430.35 ;1;1;247036
WLP35T;WIRELINK+ 35T;90318060;2789160;1.0325;PC; 11028.74 ;1;1;17992
WLP75T;WIRELINK+ 75T;90318060;2789161;1.0325;PC; 15957.89 ;1;1;26033
WLS120T;WIRELESS LOADSHACKLE 120T;90318060;2789172;1.0325;PC; 60204.73 ;1;1;98215
WLS120T-BLE;BT LOADSHACKLE 120T;90318060;2789173;1.0325;PC; 55200.55 ;1;1;90051
WLS12T-BLE;BT LOADSHACKLE 12T;90318060;2789174;1.0325;PC; 12700.29 ;1;1;20719
WLS200T-BLE;BT LOADSHACKLE 200T;90318060;2789175;1.0325;PC; 113265.83 ;1;1;184776
WLS25T-BLE;BT LOADSHACKLE 25T;90318060;2789176;1.0325;PC; 16595.41 ;1;1;27073
WLS300T-BLE;BT LOADSHACKLE 300T;90318060;2789177;1.0325;PC; 154160.02 ;1;1;251489
WLS400T-BLE;BT LOADSHACKLE 400T;90318060;2789178;1.0325;PC; 216418.71 ;1;1;353055
WLS500T-BLE;BT LOADSHACKLE 500T;90318060;2789179;1.0325;PC; 242921.07 ;1;1;396289
WLS55T-BLE;BT LOADSHACKLE 55T;90318060;2789180;1.0325;PC; 27280.38 ;1;1;44504
WLS6.5T-BLE;BT LOADSHACKLE 6.5T;90318060;2789181;1.0325;PC; 10153.41 ;1;1;16564
WLS85T-BLE;BT LOADSHACKLE 85T;90318060;2789182;1.0325;PC; 39882.9 ;1;1;65063
WLS12T;WIRELESS LOADSHACKLE 12T;90318060;2789183;1.0325;PC; 17980.02 ;1;1;29332
WLS200T;WIRELESS LOADSHACKLE 200T;90318060;2789184;1.0325;PC;118.270;1;1;192940
WLS25T;WIRELESS LOADSHACKLE 25T;90318060;2789185;1.0325;PC; 21596.4 ;1;1;35231
WLS3.25T;WIRELESS LOADSHACKLE 3.25T;90318060;2789186;1.0325;PC; 14930.68 ;1;1;24357
WLS3.25T-BLE;BT LOADSHACKLE 3.25T;90318060;2789187;1.0325;PC; 9926.5 ;1;1;16194
WLS300T;WIRELESS LOADSHACKLE 300T;90318060;2789188;1.0325;PC; 159164.2 ;1;1;259653
WLS400T;WIRELESS LOADSHACKLE 400T;90318060;2789189;1.0325;PC; 221422.89 ;1;1;361218
WNI100TC;LoadSafe 100T;90318060;2789190;1.0325;PC; 28429.45 ;1;1;46378
WNI10TC;LoadSafe 10T;90318060;2789191;1.0325;PC; 17638.98 ;1;1;28775
WNI150TC;LoadSafe 150T;90318060;2789192;1.0325;PC; 28478.56 ;1;1;46458
WNI25TC;LoadSafe 25T;90318060;2789193;1.0325;PC; 17638.98 ;1;1;28775
WNI300TC;LoadSafe 300T;90318060;2789194;1.0325;PC; 43486.55 ;1;1;70942
WNI500TC;LoadSafe 500T;90318060;2789195;1.0325;PC; 43490.18 ;1;1;70948
WNI50TC;LoadSafe 50T;90318060;2789196;1.0325;PC; 17654.44 ;1;1;28801
WNI5TC;LoadSafe 5T;90318060;2789197;1.0325;PC; 17544.4 ;1;1;28621
WLS500T;WIRELESS LOADSHACKLE 500T;90318060;2789198;1.0325;PC; 247925.25 ;1;1;404453
WLS55T;WIRELESS LOADSHACKLE 55T;90318060;2789199;1.0325;PC; 32290.92 ;1;1;52678
WLS6.5T;WIRELESS LOADSHACKLE 6.5T;90318060;2789200;1.0325;PC; 15157.59 ;1;1;24727
WLS85T;WIRELESS LOADSHACKLE 85T;90318060;2789201;1.0325;PC; 44887.08 ;1;1;73227
WNI100TC-BLE;BT LoadSafe 100T;90318060;2789210;1.0325;PC; 23425.28 ;1;1;38215
WNI10TC-BLE;BT LoadSafe 10T;90318060;2789211;1.0325;PC; 12634.81 ;1;1;20612
WNI150TC-BLE;BT LoadSafe 150T;90318060;2789212;1.0325;PC; 23474.39 ;1;1;38295
WNI25TC-BLE;BT LoadSafe 25T;90318060;2789213;1.0325;PC; 12634.81 ;1;1;20612
WNI300TC-BLE;BT LoadSafe 300T;90318060;2789214;1.0325;PC; 38482.37 ;1;1;62778
WNI500TC-BLE;BT LoadSafe 500T;90318060;2789215;1.0325;PC; 38486.01 ;1;1;62784
WNI50TC-BLE;BT LoadSafe 50T;90318060;2789216;1.0325;PC; 12509.76 ;1;1;20408
WNI5TC-BLE;BT LoadSafe 5T;90318060;2789217;1.0325;PC; 12540.23 ;1;1;20458
CABLESAFE;CABLESAFE BLUETOOTH RLD;90318060;2789219;1.0325;PC; 25571.55 ;1;1;41716
ICA1;3 WIRE 0 10V ANALOGUE;90318060;2789220;1.0325;PC; 2205.38 ;1;1;3598
ICA3;4 WIRE +/ 10V ANALOGUE;90318060;2789222;1.0325;PC; 2205.38 ;1;1;3598
ICA4;3 WIRE 4 20MA ANALOGUE;90318060;2789223;1.0325;PC; 2205.38 ;1;1;3598
ICA5;2 WIRE 4 20MA ANALOGUE;90318060;2789224;1.0325;PC; 2500.95 ;1;1;4080
SA507;COLT CALIBRATION VERIF;90318060;2789225;1.0325;PC; 2257.68 ;1;1;3683
SU3183;10M 6 WAY HHP CONNECTING;90318060;2789227;1.0325;PC; 1346.88 ;1;1;2197
SU3282;HHP WALL OR CAB MOUNT;90318060;2789228;1.0325;PC; 601.59 ;1;1;981
SU3382;20M 6 WAY HHP CONNECT;90318060;2789229;1.0325;PC; 1756.12 ;1;1;2865
SU3383;30M 6 WAY HHP CONNECT;90318060;2789230;1.0325;PC; 2165.37 ;1;1;3532
SU3390;50M 6 WAY HHP CONNECT;90318060;2789231;1.0325;PC; 2983.86 ;1;1;4868
SU4045;PROTCTIVE BOOT FOR SW-HHP;90318060;2789232;1.0325;PC; 378.78 ;1;1;618
T24-SAE;T24 SAE PCB;90318060;2789237;1.0325;PC; 7139.08 ;1;1;11646
SU3162;CARRY CASES;90318060;2789243;1.0325;PC; 789.39 ;1;1;1288
SU3134;CARRY CASES;90318060;2789246;1.0325;PC; 589.32 ;1;1;961
SD4037;BATTRY COVER ASSY;90318060;2789249;1.0325;PC; 270.1 ;1;1;441
SD4039;BATTRY COVER LABEL;90318060;2789256;1.0325;PC; 36.38 ;1;1;59
SU4011;BATTRY COVER SW-HHP;90318060;2789257;1.0325;PC; 21.37 ;1;1;35
WLP55T;WIRELINK+ 55T;90318060;2789269;1.0325;PC; 13823.9 ;1;1;22552
TIMH150TRD;RUNNING LINE TNSIOMETR;90318060;2789270;1.0325;PC; 274331.66 ;1;1;447531
TC25KN;TOWCELL;90318060;2789271;1.0325;PC; 9950.15 ;1;1;16232
SW-SO;SERIAL OUTP ASCII STRING;90318060;2789272;1.0325;PC; 13909.84 ;1;1;22692
WLP6T5;WIRELINK+ 6.5T;90318060;2789273;1.0325;PC; 6811.68 ;1;1;11112
SLB400TWB;LOADSHACKLE 400T WB;90318060;2789274;1.0325;PC; 305980.06 ;1;1;499161
SW-BS;WIRELESS BASE STATION;90318060;2789314;1.0325;PC; 9675.5 ;1;1;15784
SW-D;WIRELESS USB DONGLE;90318060;2789317;1.0325;PC; 2410.01 ;1;1;3932
SL6T5;SUBSEA LINK 6.5T;90318060;2789352;1.0325;PC; 27440.44 ;1;1;44765
SL12T;SUBSEA LINK 12T;90318060;2789353;1.0325;PC; 29093.8 ;1;1;47462
SL25T;SUBSEA LINK 25T;90318060;2789354;1.0325;PC; 32073.11 ;1;1;52322
SL35T;SUBSEA LINK 35T;90318060;2789355;1.0325;PC; 35056.07 ;1;1;57189
SL55T;SUBSEA LINK 55T;90318060;2789356;1.0325;PC; 38933.91 ;1;1;63515
SL85T;SUBSEA LINK 85T;90318060;2789357;1.0325;PC; 62826.63 ;1;1;102492
SL120T;SUBSEA LINK 120T;90318060;2789358;1.0325;PC; 72241.12 ;1;1;117851
SU6158;10M SUBCON CABLE;90318060;2789360;1.0325;PC; 6429.72 ;1;1;10489
SU6159;20M SUBCON CABLE;90318060;2789361;1.0325;PC; 8776.98 ;1;1;14318
DLCHASC;DIGITAL AMPLIFIER RS485;90318060;2789364;1.0325;PC; 5183.79 ;1;1;8457
DLCHMOD;DIGITAL AMPLIFIER MODBUS;90318060;2789365;1.0325;PC; 5183.79 ;1;1;8457
SU6163;INTEGRAL DATALOGGER;90318060;2789366;1.0325;PC; 17779.49 ;1;1;29005
SA68;SOFTWARE & DATA CABLE ASSY;90318060;2789367;1.0325;PC; 7245.03 ;1;1;11819
CABLESAFE-WD;CABLESAFE BLUETOOTH RLD;90318060;2789399;1.0325;PC; 24918.57 ;1;1;40651
